Treatments,Time,PC_OD,PJ_OD,BV_OD,BF_OD,BO_OD,BT_OD,BC_OD,BY_OD,BU_OD,DP_OD,BL_OD,BA_OD,BP_OD,CA_OD,EL_OD,FP_OD,CH_OD,AC_OD,BH_OD,CG_OD,ER_OD,RI_OD,CC_OD,DL_OD,DF_OD,Butyrate,Acetate,Lactate,Succinate
AC,0.0,0.0,0.0,0.0,0.0,0.0,0.0,0.0,0.0,0.0,0.0,0.0,0.0,0.0,0.0,0.0,0.0,0.0,0.0066,0.0,0.0,0.0,0.0,0.0,0.0,0.0,0.0,0.0,28.0,0.0
AC,48.0,0.0,0.0,0.0,0.0,0.0,0.0,0.0,0.0,0.0,0.0,0.0,0.0,0.0,0.0,0.0,0.0,0.0,1.261912029054568,0.0,0.0,0.0,0.0,0.0,0.0,0.0,33.504425,9.10159375,21.1897875,4.299
AC-BA,0.0,0.0,0.0,0.0,0.0,0.0,0.0,0.0,0.0,0.0,0.0,0.0,0.0033,0.0,0.0,0.0,0.0,0.0,0.0033,0.0,0.0,0.0,0.0,0.0,0.0,0.0,0.0,0.0,28.0,0.0
AC-BA,48.0,0.0,0.0,0.0,0.0,0.0,0.0,0.0,0.0,0.0,0.0,0.0,0.8146606464523413,0.0,0.0,0.0,0.0,0.0,0.8494869235029597,0.0,0.0,0.0,0.0,0.0,0.0,0.0,46.09713333333334,13.796366666666666,10.035333333333332,5.6963
AC-BA-BC-BF-BH-BL-BO-BP-BT-BU-BV-BY-CA-CC-CG-CH-DF-DL-DP-EL-ER-FP-PC-PJ,0.0,0.0002749999999999,0.0002749999999999,0.0002749999999999,0.0002749999999999,0.0002749999999999,0.0002749999999999,0.0002749999999999,0.0002749999999999,0.0002749999999999,0.0002749999999999,0.0002749999999999,0.0002749999999999,0.0002749999999999,0.0002749999999999,0.0002749999999999,0.0002749999999999,0.0002749999999999,0.0002749999999999,0.0002749999999999,0.0002749999999999,0.0002749999999999,0.0,0.0002749999999999,0.0002749999999999,0.0002749999999999,0.0,0.0,28.0,0.0
AC-BA-BC-BF-BH-BL-BO-BP-BT-BU-BV-BY-CA-CC-CG-CH-DF-DL-DP-EL-ER-FP-PC-PJ,48.0,0.0153272971595407,0.020159699566505,0.0198120149382523,0.226912458129501,0.1752609384618068,0.2798997472682721,0.2470385831012123,0.0542847775135258,0.0404182438340516,0.004763333807011,0.0085246003096916,0.0596566742286554,0.3823576739995916,0.0201730315669698,0.0087662925061635,0.0008167018173615,0.0339706291635665,0.2040232987242945,0.000422110594121,0.0325285297757971,0.0378335493974272,0.0,0.19473082939169,0.1444265372277928,0.0762901309706206,12.701783333333331,39.986983333333335,44.77304999999999,12.94805
AC-BA-BC-BF-BH-BL-BO-BP-BT-BU-BV-BY-CA-CC-CG-CH-DF-DL-DP-EL-ER-FP-PC-PJ-RI,0.0,0.000264,0.000264,0.000264,0.000264,0.000264,0.000264,0.000264,0.000264,0.000264,0.000264,0.000264,0.000264,0.000264,0.000264,0.000264,0.000264,0.000264,0.000264,0.000264,0.000264,0.000264,0.000264,0.000264,0.000264,0.000264,0.0,0.0,28.0,0.0
AC-BA-BC-BF-BH-BL-BO-BP-BT-BU-BV-BY-CA-CC-CG-CH-DF-DL-DP-EL-ER-FP-PC-PJ-RI,16.0,0.079923887,0.006808331,0.038777886,0.13631463,0.135574594,0.152595421,0.251168215,0.077703779,0.036409771,0.004292209,0.005032245,0.078443815,0.056094728,0.007992389,0.000888043,0.0,0.025605245,0.039961944,0.000148007,0.013320648,0.185008998,0.000888043,0.003848187,0.218458625,0.117073694,20.39894416,44.685687,29.86071626,16.86823529
AC-BA-BC-BF-BH-BL-BO-BP-BT-BU-BV-BY-CA-CC-CG-CH-DF-DL-DP-EL-ER-FP-PC-PJ-RI,32.0,0.102593724,0.005984634,0.007552038,0.10330618,0.094044247,0.099173933,0.175976735,0.061271252,0.022798605,0.001424913,0.005272177,0.042319911,0.039042612,0.004132247,0.000712456,0.000142491,0.029068222,0.234825635,0.000284983,0.012539233,0.134654263,0.000284983,0.006127125,0.225278719,0.130522015,21.1184672,40.78061116,31.04910717,19.13382433
AC-BA-BC-BF-BH-BL-BO-BP-BT-BU-BV-BY-CA-CC-CG-CH-DF-DL-DP-EL-ER-FP-PC-PJ-RI,48.0,0.036181185518879,0.00881874828452605,0.00935616947724675,0.1412933031720271,0.09785756961502075,0.16874751056271675,0.17232799096160756,0.0533821488887245,0.021849693288394,0.0027232186583756,0.0045459843464033,0.07770206664420255,0.1495885482777052,0.01465489487364025,0.0029855115963943,0.0003789327658605,0.01654013847209625,0.31380014854656224,0.000167008264475,0.020756026109555903,0.0721178462131412,0.0012410739819340001,0.06949849910225869,0.2280772585648181,0.11268355919374524,21.495055297142862,39.323249065714286,35.34989824071428,17.81126666357143
AC-BA-BC-BF-BH-BL-BO-BP-BT-BU-BV-BY-CA-CC-CG-CH-DF-DL-DP-EL-ER-FP-PC-RI,0.0,0.0002749999999999,0.0,0.0002749999999999,0.0002749999999999,0.0002749999999999,0.0002749999999999,0.0002749999999999,0.0002749999999999,0.0002749999999999,0.0002749999999999,0.0002749999999999,0.0002749999999999,0.0002749999999999,0.0002749999999999,0.0002749999999999,0.0002749999999999,0.0002749999999999,0.0002749999999999,0.0002749999999999,0.0002749999999999,0.0002749999999999,0.0002749999999999,0.0002749999999999,0.0002749999999999,0.0002749999999999,0.0,0.0,28.0,0.0
AC-BA-BC-BF-BH-BL-BO-BP-BT-BU-BV-BY-CA-CC-CG-CH-DF-DL-DP-EL-ER-FP-PC-RI,48.0,0.0145280903056215,0.0,0.0280675197820882,0.2563863930650914,0.1863866885153083,0.3152308445328733,0.2845872697854966,0.0560476904871684,0.0460826838340241,0.0065580964293582,0.0080853097442958,0.0696503766242269,0.3654543917472161,0.0234243277599164,0.0078689962770557,0.0009963731058198,0.0474061117759366,0.2077551001576026,0.0008131647444523,0.0350889099276995,0.0476419260115668,0.0002873710411622,0.208873441742617,0.122054786701403,0.0813778279814165,12.529733333333333,42.20586666666666,50.05458333333333,15.791683333333332
AC-BA-BC-BF-BH-BL-BO-BP-BT-BU-BV-BY-CA-CC-CG-CH-DF-DL-DP-EL-ER-FP-PJ-RI,0.0,0.0,0.0002749999999999,0.0002749999999999,0.0002749999999999,0.0002749999999999,0.0002749999999999,0.0002749999999999,0.0002749999999999,0.0002749999999999,0.0002749999999999,0.0002749999999999,0.0002749999999999,0.0002749999999999,0.0002749999999999,0.0002749999999999,0.0002749999999999,0.0002749999999999,0.0002749999999999,0.0002749999999999,0.0002749999999999,0.0002749999999999,0.0002749999999999,0.0002749999999999,0.0002749999999999,0.0002749999999999,0.0,0.0,28.0,0.0
AC-BA-BC-BF-BH-BL-BO-BP-BT-BU-BV-BY-CA-CC-CG-CH-DF-DL-DP-EL-ER-FP-PJ-RI,48.0,0.0,0.0193552922493266,0.0210189498582071,0.2341355998456287,0.1814605957839098,0.2967555276601591,0.2754885360088774,0.0563386916446461,0.0435077592534961,0.0051759208377656,0.0072297762945764,0.0498764818194902,0.3018855068888801,0.0229630520872893,0.0082080028388095,0.0005785116881549,0.0384024999257476,0.2495512425203283,0.000809794141663,0.0383831930252257,0.0471812137228797,0.0005582125451485,0.2072647154307584,0.1195194884073064,0.1005874575157774,12.503016666666667,38.64345,40.82038333333333,13.3488
AC-BA-BC-BF-BH-BL-BO-BP-BT-BU-BV-BY-CA-CC-CG-CH-DF-DL-DP-EL-ER-PC-PJ-RI,0.0,0.0002749999999999,0.0002749999999999,0.0002749999999999,0.0002749999999999,0.0002749999999999,0.0002749999999999,0.0002749999999999,0.0002749999999999,0.0002749999999999,0.0002749999999999,0.0002749999999999,0.0002749999999999,0.0002749999999999,0.0002749999999999,0.0002749999999999,0.0,0.0002749999999999,0.0002749999999999,0.0002749999999999,0.0002749999999999,0.0002749999999999,0.0002749999999999,0.0002749999999999,0.0002749999999999,0.0002749999999999,0.0,0.0,28.0,0.0
AC-BA-BC-BF-BH-BL-BO-BP-BT-BU-BV-BY-CA-CC-CG-CH-DF-DL-DP-EL-ER-PC-PJ-RI,48.0,0.0134207826267234,0.0209998596439929,0.0204136879628067,0.2106004423315237,0.1477377458339616,0.2473263021770654,0.2339595249982192,0.0474331919016708,0.0388417920814752,0.0068173471199978,0.0080461065669227,0.0828700145184457,0.4313625643941188,0.0285154797887301,0.0079665677010155,0.0,0.0422006043968642,0.1800054845626758,0.0003667540747209,0.0359434167728467,0.0374525528709395,0.0,0.2001083439197076,0.1256435355682642,0.0697133955274156,11.338,41.46321666666667,48.14456666666666,14.059716666666668
AC-BA-BC-BF-BH-BL-BO-BP-BT-BU-BV-BY-CA-CC-CG-CH-DF-DL-DP-EL-FP-PC-PJ-RI,0.0,0.0002749999999999,0.0002749999999999,0.0002749999999999,0.0002749999999999,0.0002749999999999,0.0002749999999999,0.0002749999999999,0.0002749999999999,0.0002749999999999,0.0002749999999999,0.0002749999999999,0.0002749999999999,0.0002749999999999,0.0002749999999999,0.0002749999999999,0.0002749999999999,0.0002749999999999,0.0002749999999999,0.0002749999999999,0.0002749999999999,0.0,0.0002749999999999,0.0002749999999999,0.0002749999999999,0.0002749999999999,0.0,0.0,28.0,0.0
AC-BA-BC-BF-BH-BL-BO-BP-BT-BU-BV-BY-CA-CC-CG-CH-DF-DL-DP-EL-FP-PC-PJ-RI,48.0,0.0217343560543213,0.0197381162636172,0.0203754402380542,0.2237533911780119,0.1777330516077103,0.2780887328803649,0.2514328008715949,0.0568973617475563,0.0408959779828265,0.0058382770629337,0.0082537425435749,0.0674740373210828,0.4551133937993152,0.0221387999385779,0.0083444640017722,0.0005726014516008,0.0326116739591726,0.2070012887523267,0.0005734205427043,0.0307862416393087,0.0,0.0,0.1983701621081645,0.1575261524905531,0.0733009879348315,12.264516666666664,44.331633333333336,49.11766666666667,14.220066666666668
AC-BA-BC-BF-BH-BL-BO-BP-BT-BU-BV-BY-CA-CC-CG-CH-DF-DL-DP-ER-FP-PC-PJ-RI,0.0,0.0002749999999999,0.0002749999999999,0.0002749999999999,0.0002749999999999,0.0002749999999999,0.0002749999999999,0.0002749999999999,0.0002749999999999,0.0002749999999999,0.0002749999999999,0.0002749999999999,0.0002749999999999,0.0002749999999999,0.0002749999999999,0.0,0.0002749999999999,0.0002749999999999,0.0002749999999999,0.0002749999999999,0.0002749999999999,0.0002749999999999,0.0002749999999999,0.0002749999999999,0.0002749999999999,0.0002749999999999,0.0,0.0,28.0,0.0
AC-BA-BC-BF-BH-BL-BO-BP-BT-BU-BV-BY-CA-CC-CG-CH-DF-DL-DP-ER-FP-PC-PJ-RI,48.0,0.007124735010417,0.0202060059330092,0.015409331159163,0.1972744398600137,0.1541872549982759,0.2524837834775702,0.2397974250432389,0.039886924668522,0.040206422989223,0.0061745750022194,0.0092696372503914,0.0898572617407177,0.5694868574158423,0.0136845743213634,0.0,0.0006036205143107,0.0107964461573943,0.1665812006842707,0.0009038798279401,0.0375365362396071,0.0324858754915073,0.0,0.2257581425178983,0.0979235894876254,0.0603420140158007,10.476183333333331,38.404933333333325,45.873066666666666,12.5888
AC-BA-BC-BF-BH-BL-BO-BP-BT-BU-BV-BY-CA-CC-CG-CH-DF-DL-EL-ER-FP-PC-PJ-RI,0.0,0.0002749999999999,0.0002749999999999,0.0002749999999999,0.0002749999999999,0.0002749999999999,0.0002749999999999,0.0002749999999999,0.0002749999999999,0.0002749999999999,0.0,0.0002749999999999,0.0002749999999999,0.0002749999999999,0.0002749999999999,0.0002749999999999,0.0002749999999999,0.0002749999999999,0.0002749999999999,0.0002749999999999,0.0002749999999999,0.0002749999999999,0.0002749999999999,0.0002749999999999,0.0002749999999999,0.0002749999999999,0.0,0.0,28.0,0.0
AC-BA-BC-BF-BH-BL-BO-BP-BT-BU-BV-BY-CA-CC-CG-CH-DF-DL-EL-ER-FP-PC-PJ-RI,48.0,0.0194781671152542,0.0143933875106099,0.0210861200508764,0.1961969450195456,0.1241112739005294,0.2449862347812242,0.2423038415449833,0.0557811400821448,0.0389695356617487,0.0,0.0087575003385017,0.0781292881346501,0.2467108169803653,0.058040586449711,0.0115870890955209,0.0009463124791265,0.0422201527929338,0.3849093897104251,0.0008161624879432,0.0243078857256838,0.0538022976374395,0.0015861190495197,0.132213123148165,0.326969247654413,0.0999077393594916,22.37741,33.559180000000005,25.16347,16.632250000000003
AC-BA-BC-BF-BH-BL-BO-BP-BT-BU-BV-BY-CA-CC-CG-CH-DF-DP-EL-ER-FP-PC-PJ-RI,0.0,0.0002749999999999,0.0002749999999999,0.0002749999999999,0.0002749999999999,0.0002749999999999,0.0002749999999999,0.0002749999999999,0.0002749999999999,0.0002749999999999,0.0002749999999999,0.0002749999999999,0.0002749999999999,0.0002749999999999,0.0002749999999999,0.0002749999999999,0.0002749999999999,0.0002749999999999,0.0002749999999999,0.0002749999999999,0.0002749999999999,0.0002749999999999,0.0002749999999999,0.0002749999999999,0.0,0.0002749999999999,0.0,0.0,28.0,0.0
AC-BA-BC-BF-BH-BL-BO-BP-BT-BU-BV-BY-CA-CC-CG-CH-DF-DP-EL-ER-FP-PC-PJ-RI,48.0,0.0200000713101584,0.021147973098046,0.0232305728629333,0.2452198152025181,0.1848037046164814,0.3066242267442604,0.2824280869399819,0.0559638885731083,0.0465348304155835,0.005597152525431,0.0067030502868877,0.0609148337442806,0.3106869375520271,0.0202404595109244,0.0070380604132895,0.0006354617001006,0.0396346916445096,0.2581510102859269,0.0003707793943184,0.0365403667776927,0.0498947871003326,3.0321104665413848e-05,0.2217204400999639,0.0,0.0938482262950361,13.509566666666666,36.8753,41.16303333333333,15.055583333333333
AC-BA-BC-BF-BH-BL-BO-BP-BT-BU-BV-BY-CA-CC-CG-CH-DL-DP-EL-ER-FP-PC-PJ-RI,0.0,0.0002749999999999,0.0002749999999999,0.0002749999999999,0.0002749999999999,0.0002749999999999,0.0002749999999999,0.0002749999999999,0.0002749999999999,0.0002749999999999,0.0002749999999999,0.0002749999999999,0.0002749999999999,0.0002749999999999,0.0002749999999999,0.0002749999999999,0.0002749999999999,0.0002749999999999,0.0002749999999999,0.0002749999999999,0.0002749999999999,0.0002749999999999,0.0002749999999999,0.0002749999999999,0.0002749999999999,0.0,0.0,0.0,28.0,0.0
AC-BA-BC-BF-BH-BL-BO-BP-BT-BU-BV-BY-CA-CC-CG-CH-DL-DP-EL-ER-FP-PC-PJ-RI,48.0,0.0159396890939302,0.0224581361434732,0.0160941091898034,0.2407594054670244,0.1797201672211943,0.3008494403876797,0.2705231311929377,0.0507116471547378,0.0451671150528689,0.0071799301226973,0.0082980352816344,0.0736195959148613,0.4119584344455915,0.0243030503418637,0.0039545695848596,0.0006907625881781,0.0234432637456716,0.2014207933880369,0.0005651349054092,0.033977452924024,0.0452409921692009,0.0,0.2168689722240231,0.1327566900388415,0.0,11.177566666666666,39.62113333333333,44.0104,14.786883333333334
AC-BA-BC-BF-BH-BL-BO-BP-BT-BU-BV-BY-CA-CC-CG-DF-DL-DP-EL-ER-FP-PC-PJ-RI,0.0,0.0002749999999999,0.0002749999999999,0.0002749999999999,0.0002749999999999,0.0002749999999999,0.0002749999999999,0.0002749999999999,0.0002749999999999,0.0002749999999999,0.0002749999999999,0.0002749999999999,0.0002749999999999,0.0002749999999999,0.0002749999999999,0.0002749999999999,0.0002749999999999,0.0,0.0002749999999999,0.0002749999999999,0.0002749999999999,0.0002749999999999,0.0002749999999999,0.0002749999999999,0.0002749999999999,0.0002749999999999,0.0,0.0,28.0,0.0
AC-BA-BC-BF-BH-BL-BO-BP-BT-BU-BV-BY-CA-CC-CG-DF-DL-DP-EL-ER-FP-PC-PJ-RI,48.0,0.0075631792016688,0.0215969700430986,0.0136953041741891,0.2153113604630485,0.0916955910011048,0.2725186225369597,0.1774009528167329,0.0342930454374136,0.0168375987774487,0.0066058161171596,0.0096584253658965,0.1063700857504366,0.5191859869027619,0.0108051470079886,0.0059337330553442,0.0006079856930014,0.0,0.2417033517057229,0.0008642577661558,0.0363111734884162,0.0363577504386882,4.792232152712147e-05,0.2737186182120805,0.1492895273425365,0.0901534025520932,11.3061,38.00911666666666,44.69018333333333,9.804583333333332
AC-BA-BC-BF-BH-BL-BO-BP-BT-BU-BV-BY-CA-CC-CH-DF-DL-DP-EL-ER-FP-PC-PJ-RI,0.0,0.0002749999999999,0.0002749999999999,0.0002749999999999,0.0002749999999999,0.0002749999999999,0.0002749999999999,0.0002749999999999,0.0002749999999999,0.0002749999999999,0.0002749999999999,0.0002749999999999,0.0002749999999999,0.0002749999999999,0.0002749999999999,0.0002749999999999,0.0002749999999999,0.0002749999999999,0.0002749999999999,0.0002749999999999,0.0,0.0002749999999999,0.0002749999999999,0.0002749999999999,0.0002749999999999,0.0002749999999999,0.0,0.0,28.0,0.0
AC-BA-BC-BF-BH-BL-BO-BP-BT-BU-BV-BY-CA-CC-CH-DF-DL-DP-EL-ER-FP-PC-PJ-RI,48.0,0.0179133475989494,0.0214427860366836,0.0193651776529602,0.2484111404325833,0.1955980803664447,0.3004968498995751,0.250561270454805,0.05339848353073,0.0433966569867341,0.0065920731065423,0.0085351465583886,0.0608503371087868,0.3542883315328373,0.0131509376393985,0.0086253281733392,0.0002393686720476,0.0403398672979856,0.2167628383313045,0.0010601245663926,0.0,0.0479389831390053,0.0,0.1674368481876849,0.094929837238925,0.0710453225700895,10.9679,38.86513333333333,46.66688333333334,15.980833333333331
AC-BA-BC-BF-BH-BL-BO-BP-BT-BU-BV-BY-CA-CG-CH-DF-DL-DP-EL-ER-FP-PC-PJ-RI,0.0,0.0002749999999999,0.0002749999999999,0.0002749999999999,0.0002749999999999,0.0002749999999999,0.0002749999999999,0.0002749999999999,0.0002749999999999,0.0002749999999999,0.0002749999999999,0.0002749999999999,0.0002749999999999,0.0002749999999999,0.0002749999999999,0.0002749999999999,0.0002749999999999,0.0002749999999999,0.0002749999999999,0.0002749999999999,0.0002749999999999,0.0002749999999999,0.0002749999999999,0.0,0.0002749999999999,0.0002749999999999,0.0,0.0,28.0,0.0
AC-BA-BC-BF-BH-BL-BO-BP-BT-BU-BV-BY-CA-CG-CH-DF-DL-DP-EL-ER-FP-PC-PJ-RI,48.0,0.0204187498771965,0.0196315827246711,0.0235122263852548,0.2469513639438196,0.1718102287700502,0.2984808016532024,0.2536659885213571,0.049010216485177,0.0448223555092008,0.0058237105010747,0.007064638446158,0.0697574154798494,0.3362064269440402,0.0256732657381398,0.0073229974124107,0.0009822277834763,0.0395868537920361,0.2081632489188414,0.0003617546495892,0.0382959912633633,0.0393529370694799,8.4634581105364e-05,0.0,0.184073543181237,0.0927352465175194,10.1302,39.82443333333333,44.33298333333334,15.9228
AC-BA-BC-BF-BH-BL-BO-BP-BT-BU-BV-BY-CC-CG-CH-DF-DL-DP-EL-ER-FP-PC-PJ-RI,0.0,0.0002749999999999,0.0002749999999999,0.0002749999999999,0.0002749999999999,0.0002749999999999,0.0002749999999999,0.0002749999999999,0.0002749999999999,0.0002749999999999,0.0002749999999999,0.0002749999999999,0.0002749999999999,0.0002749999999999,0.0,0.0002749999999999,0.0002749999999999,0.0002749999999999,0.0002749999999999,0.0002749999999999,0.0002749999999999,0.0002749999999999,0.0002749999999999,0.0002749999999999,0.0002749999999999,0.0002749999999999,0.0,0.0,28.0,0.0
AC-BA-BC-BF-BH-BL-BO-BP-BT-BU-BV-BY-CC-CG-CH-DF-DL-DP-EL-ER-FP-PC-PJ-RI,48.0,0.0176749600752709,0.0228496508289066,0.0229947871089013,0.2208466925415434,0.1852303274126426,0.2861015315849651,0.2716234858627126,0.044968063524442,0.0469334813496725,0.0052167030603014,0.0083246853034509,0.0753368751896272,0.3822476688915264,0.0,0.0082067457016581,0.0011561712908787,0.0476507826855261,0.1966819807825232,0.0010518497661523,0.0372808392556363,0.0498223924471173,0.0006557471395367,0.2022386303449662,0.1246775308835939,0.0930557164065934,12.137166666666667,40.947,48.4604,15.04585
AC-BA-BC-BF-BH-BL-BO-BP-BT-BU-BV-CA-CC-CG-CH-DF-DL-DP-EL-ER-FP-PC-PJ-RI,0.0,0.0002749999999999,0.0002749999999999,0.0002749999999999,0.0002749999999999,0.0002749999999999,0.0002749999999999,0.0002749999999999,0.0,0.0002749999999999,0.0002749999999999,0.0002749999999999,0.0002749999999999,0.0002749999999999,0.0002749999999999,0.0002749999999999,0.0002749999999999,0.0002749999999999,0.0002749999999999,0.0002749999999999,0.0002749999999999,0.0002749999999999,0.0002749999999999,0.0002749999999999,0.0002749999999999,0.0002749999999999,0.0,0.0,28.0,0.0
AC-BA-BC-BF-BH-BL-BO-BP-BT-BU-BV-CA-CC-CG-CH-DF-DL-DP-EL-ER-FP-PC-PJ-RI,48.0,0.014083452727704,0.0220963592153021,0.0219340099888173,0.2401128532330261,0.1796599508732813,0.3238553397082344,0.2792415757661242,0.0,0.0440058873245471,0.0053000210720379,0.0070582820038446,0.0647231429255213,0.2867361673851032,0.017041298482954,0.0061758345860931,0.0005086505055813,0.023453898019918,0.2321143568547344,0.0007361476107953,0.0315699118794419,0.0407716107589418,6.170868347347884e-05,0.1875098354220745,0.1086553056370864,0.0817256394501086,13.348583333333332,38.615316666666665,43.2922,14.61523333333333
AC-BA-BC-BF-BH-BL-BO-BP-BT-BU-BY-CA-CC-CG-CH-DF-DL-DP-EL-ER-FP-PC-PJ-RI,0.0,0.0002749999999999,0.0002749999999999,0.0,0.0002749999999999,0.0002749999999999,0.0002749999999999,0.0002749999999999,0.0002749999999999,0.0002749999999999,0.0002749999999999,0.0002749999999999,0.0002749999999999,0.0002749999999999,0.0002749999999999,0.0002749999999999,0.0002749999999999,0.0002749999999999,0.0002749999999999,0.0002749999999999,0.0002749999999999,0.0002749999999999,0.0002749999999999,0.0002749999999999,0.0002749999999999,0.0002749999999999,0.0,0.0,28.0,0.0
AC-BA-BC-BF-BH-BL-BO-BP-BT-BU-BY-CA-CC-CG-CH-DF-DL-DP-EL-ER-FP-PC-PJ-RI,48.0,0.0104150421450065,0.0179418162144333,0.0,0.2394935763456009,0.16367641629512,0.3168966233539551,0.2613954598323698,0.0481123232477988,0.0353571675104946,0.0050056158455832,0.0054916587996387,0.0569733881377406,0.2476712725226677,0.018156472359443,0.0066981826398738,0.0002683074127082,0.0241007164664822,0.2485023139952121,0.0003127749400079,0.0281619850105943,0.0373009262571012,0.0,0.1703625736409794,0.0980214752302156,0.0771510787324877,13.891483333333332,38.079816666666666,43.681983333333335,12.888533333333331
AC-BA-BC-BF-BH-BL-BO-BP-BT-BV-BY-CA-CC-CG-CH-DF-DL-DP-EL-ER-FP-PC-PJ-RI,0.0,0.0002749999999999,0.0002749999999999,0.0002749999999999,0.0002749999999999,0.0002749999999999,0.0002749999999999,0.0002749999999999,0.0002749999999999,0.0,0.0002749999999999,0.0002749999999999,0.0002749999999999,0.0002749999999999,0.0002749999999999,0.0002749999999999,0.0002749999999999,0.0002749999999999,0.0002749999999999,0.0002749999999999,0.0002749999999999,0.0002749999999999,0.0002749999999999,0.0002749999999999,0.0002749999999999,0.0002749999999999,0.0,0.0,28.0,0.0
AC-BA-BC-BF-BH-BL-BO-BP-BT-BV-BY-CA-CC-CG-CH-DF-DL-DP-EL-ER-FP-PC-PJ-RI,48.0,0.0154494153361743,0.0216205749486067,0.0217327537819198,0.2451435884867232,0.1835148996024193,0.308922581347304,0.298018861975439,0.0529603775905066,0.0,0.0052888692694884,0.0070544520752423,0.0689115703085611,0.3430687632536158,0.0237646110795954,0.0079744717720104,0.0004244375505923,0.0382535041645278,0.2187265274257873,0.0003049690226677,0.0352492916993636,0.0386549079518859,0.0,0.2057060994532768,0.1178834450004573,0.0772019092207156,12.183366666666666,39.19563333333333,44.695600000000006,15.08065
AC-BA-BC-BF-BH-BL-BO-BP-BU-BV-BY-CA-CC-CG-CH-DF-DL-DP-EL-ER-FP-PC-PJ-RI,0.0,0.0002749999999999,0.0002749999999999,0.0002749999999999,0.0002749999999999,0.0002749999999999,0.0,0.0002749999999999,0.0002749999999999,0.0002749999999999,0.0002749999999999,0.0002749999999999,0.0002749999999999,0.0002749999999999,0.0002749999999999,0.0002749999999999,0.0002749999999999,0.0002749999999999,0.0002749999999999,0.0002749999999999,0.0002749999999999,0.0002749999999999,0.0002749999999999,0.0002749999999999,0.0002749999999999,0.0002749999999999,0.0,0.0,28.0,0.0
AC-BA-BC-BF-BH-BL-BO-BP-BU-BV-BY-CA-CC-CG-CH-DF-DL-DP-EL-ER-FP-PC-PJ-RI,48.0,0.0157219070350265,0.0220790833361701,0.0273973327077545,0.3084491259330527,0.2181116617980747,0.0,0.3383296410336687,0.0598382885756952,0.0459106542676497,0.005437045426961,0.0059036902982893,0.0733747597761854,0.297734774532958,0.0168749019158473,0.0078746754278106,0.000736728661549,0.0318670909217745,0.3045463120344079,0.0003114101507411,0.0341269418359741,0.0313873355582331,0.0,0.1661809505265463,0.1080905946496142,0.0681979412985835,13.471533333333332,38.61938333333333,42.451600000000006,12.873283333333337
AC-BA-BC-BF-BH-BL-BO-BP-BU-BV-BY-CA-CC-CG-DF-DL-DP-EL-ER-FP-PC-PJ-RI,0.0,0.0002869565217391,0.0002869565217391,0.0002869565217391,0.0002869565217391,0.0002869565217391,0.0,0.0002869565217391,0.0002869565217391,0.0002869565217391,0.0002869565217391,0.0002869565217391,0.0002869565217391,0.0002869565217391,0.0002869565217391,0.0002869565217391,0.0002869565217391,0.0,0.0002869565217391,0.0002869565217391,0.0002869565217391,0.0002869565217391,0.0002869565217391,0.0002869565217391,0.0002869565217391,0.0002869565217391,0.0,0.0,28.0,0.0
AC-BA-BC-BF-BH-BL-BO-BP-BU-BV-BY-CA-CC-CG-DF-DL-DP-EL-ER-FP-PC-PJ-RI,48.0,0.008161921422023,0.0342986658044255,0.0363701777787758,0.1683660047299569,0.079950766200249,0.0,0.1865267860096703,0.041856454082364,0.0198249780206475,0.0026402465236801,0.0164942275055155,0.2329246139285929,0.3456217277139136,0.0142169322749372,0.0092219850188726,0.0007259025862051,0.0,0.6210145058520444,0.0004979373598206,0.0369587372650007,0.0820727876397237,0.0003629512931019,0.0949511816263026,0.4442836162645915,0.0610947668625595,18.19,40.175,49.5,7.71
AC-BA-BC-BF-BH-BL-BO-BP-BU-BV-BY-CA-CC-CG-DF-DL-EL-ER-FP-PC-PJ-RI,0.0,0.0003,0.0003,0.0003,0.0003,0.0003,0.0,0.0003,0.0003,0.0003,0.0,0.0003,0.0003,0.0003,0.0003,0.0003,0.0003,0.0,0.0003,0.0003,0.0003,0.0003,0.0003,0.0003,0.0003,0.0003,0.0,0.0,28.0,0.0
AC-BA-BC-BF-BH-BL-BO-BP-BU-BV-BY-CA-CC-CG-DF-DL-EL-ER-FP-PC-PJ-RI,48.0,0.0050802870021642,0.017258525619803,0.0284804335329579,0.1345689052865098,0.0776433276211072,0.0,0.2362537005298618,0.0479722811074528,0.0221313433472265,0.0,0.003224365394891,0.1205104691940715,0.1659996349345341,0.1593654040783449,0.0191708986963703,0.0013145294522707,0.0,0.7737366944466033,0.0016270019313553,0.031796539797655,0.0736511875292428,0.0,0.1025437341453346,0.5326223430519015,0.0689530868099939,28.5,35.065,24.415,8.835
AC-BA-BC-BF-BH-BL-BO-BP-BY-CA-CC-CG-DL-DP-EL-PC-RI,0.0,0.00038823514705880005,0.0,0.0,0.00038823514705880005,0.00038823514705880005,0.0,0.00038823514705880005,0.00038823514705880005,0.0,0.00038823514705880005,0.00038823514705880005,0.00038823514705880005,0.00038823514705880005,0.00038823514705880005,0.00038823514705880005,0.0,0.0,0.00038823514705880005,0.00038823514705880005,0.00038823514705880005,0.0,0.00038823514705880005,0.00038823514705880005,0.00038823514705880005,0.0,0.0,0.0,28.0,0.0
AC-BA-BC-BF-BH-BL-BO-BP-BY-CA-CC-CG-DL-DP-EL-PC-RI,16.0,0.073798054,0.0,0.0,0.251892336,0.07555515,0.0,0.288540349,0.084340633,0.0,0.004016221,0.014182279,0.150984793,0.105802311,0.010793593,0.001757097,0.0,0.0,0.031376723,0.000376521,0.020959651,0.0,0.001757097,0.011672141,0.315398824,0.0,16.2465348,45.67505252,40.57114494,11.56155313
AC-BA-BC-BF-BH-BL-BO-BP-BY-CA-CC-CG-DL-DP-EL-PC-RI,32.0,0.094901193,0.0,0.0,0.223847657,0.061565198,0.0,0.263708995,0.086815441,0.0,0.002837106,0.003546382,0.095610469,0.173489027,0.013618108,0.001844119,0.0,0.0,0.139443756,0.000141855,0.019576031,0.0,0.001418553,0.008511318,0.318890705,0.0,15.5104028,47.11692704,44.17931657,11.92693022
AC-BA-BC-BF-BH-BL-BO-BP-BY-CA-CC-CG-DL-DP-EL-PC-RI,48.0,0.08062800849491185,0.0,0.0,0.25051062276368913,0.06720708931757595,0.0,0.23663700417205524,0.06825748229608075,0.0,0.00317789961917855,0.0024188189270306,0.0717443345403874,0.16689383805824246,0.0156414935283944,0.0039355619200262,0.0,0.0,0.5817252702401823,0.00042311430909395,0.0748743170928661,0.0,0.000560632,0.043632039439328446,0.11112543769275096,0.0,22.99813956,44.082071802499996,36.2114945825,11.636682165
AC-BA-BC-BF-BH-BL-BO-BT-BU-BV-BY-CA-CC-CG-CH-DF-DL-DP-EL-ER-FP-PC-PJ-RI,0.0,0.0002749999999999,0.0002749999999999,0.0002749999999999,0.0002749999999999,0.0002749999999999,0.0002749999999999,0.0002749999999999,0.0002749999999999,0.0002749999999999,0.0002749999999999,0.0002749999999999,0.0002749999999999,0.0,0.0002749999999999,0.0002749999999999,0.0002749999999999,0.0002749999999999,0.0002749999999999,0.0002749999999999,0.0002749999999999,0.0002749999999999,0.0002749999999999,0.0002749999999999,0.0002749999999999,0.0002749999999999,0.0,0.0,28.0,0.0
AC-BA-BC-BF-BH-BL-BO-BT-BU-BV-BY-CA-CC-CG-CH-DF-DL-DP-EL-ER-FP-PC-PJ-RI,48.0,0.0174890078628747,0.0201751325717357,0.0220883187984273,0.223727200720905,0.1706143419950827,0.2886948842057574,0.2795889266048389,0.0565588450249576,0.0442744085669819,0.0048869196848984,0.0344353338782931,0.0952143285951337,0.0,0.0202933286603857,0.0058695989223571,0.0004037790339829,0.0546115494375972,0.2780728337323574,0.0007973671948258,0.0375475482533025,0.0649093191241204,0.0001351688396387,0.2417428785066029,0.1438160217002914,0.1017316121931298,15.575583333333332,32.27538333333333,39.18913333333333,17.17481666666667
AC-BA-BC-BF-BH-BL-BP-BT-BU-BV-BY-CA-CC-CG-CH-DF-DL-DP-EL-ER-FP-PC-PJ-RI,0.0,0.0002749999999999,0.0002749999999999,0.0002749999999999,0.0002749999999999,0.0,0.0002749999999999,0.0002749999999999,0.0002749999999999,0.0002749999999999,0.0002749999999999,0.0002749999999999,0.0002749999999999,0.0002749999999999,0.0002749999999999,0.0002749999999999,0.0002749999999999,0.0002749999999999,0.0002749999999999,0.0002749999999999,0.0002749999999999,0.0002749999999999,0.0002749999999999,0.0002749999999999,0.0002749999999999,0.0002749999999999,0.0,0.0,28.0,0.0
AC-BA-BC-BF-BH-BL-BP-BT-BU-BV-BY-CA-CC-CG-CH-DF-DL-DP-EL-ER-FP-PC-PJ-RI,48.0,0.0139620389717682,0.024622056685423,0.0231778700540097,0.2861846370077777,0.0,0.3669398880534395,0.3513212662158506,0.0711760217978102,0.0550609724320361,0.0053111364162913,0.0083726102409292,0.0759410150041939,0.3767578688185256,0.024766870121078,0.007009288210843,0.0007830215731918,0.0428809282479465,0.2292853076667721,0.0003536695609262,0.0426523141852139,0.0451688529855758,6.900935995259151e-05,0.1715567302869022,0.1147600382117276,0.0743145347728731,13.128666666666666,41.817616666666666,49.31976666666666,15.36035
AC-BA-BC-BF-BH-BL-BP-BT-BY-CG-EL-ER-FP,0.0,0.0,0.0,0.0,0.00050769215384615,0.0,0.00050769215384615,0.00050769215384615,0.00050769215384615,0.0,0.0,0.00050769215384615,0.00050769215384615,0.00050769215384615,0.0,0.00050769215384615,0.00050769215384615,0.0,0.00050769215384615,0.00050769215384615,0.00050769215384615,0.00050769215384615,0.0,0.0,0.0,0.0,0.0,0.0,28.0,0.0
AC-BA-BC-BF-BH-BL-BP-BT-BY-CG-EL-ER-FP,16.0,0.0,0.0,0.0,0.194487932,0.0,0.195311335,0.318327834,0.106219065,0.0,0.0,0.013503819,0.275510846,0.276663611,0.0,0.003622976,0.001646807,0.0,0.076411855,0.0,0.016468072,0.494206844,0.0,0.0,0.0,0.0,25.15776744,40.85513232,27.02687728,14.67063066
AC-BA-BC-BF-BH-BL-BP-BT-BY-CG-EL-ER-FP,32.0,0.0,0.0,0.0,0.160983723,0.0,0.184481347,0.257640616,0.092490648,0.0,0.0,0.00933239,0.086657904,0.185481246,0.0,0.002333097,0.001333199,0.0,0.336632629,0.000666599,0.02716392,0.301636168,0.0,0.0,0.0,0.0,25.19941248,39.01400184,28.17841305,15.56591518
AC-BA-BC-BF-BH-BL-BP-BT-BY-CG-EL-ER-FP,48.0,0.0,0.0,0.0,0.2152069265472848,0.0,0.2547553433317679,0.3243623419004399,0.1016302896447289,0.0,0.0,0.009985337639598399,0.10164548519746486,0.24612027411560933,0.0,0.0030314011565565502,0.0018218775053463,0.0,0.6035522540019755,0.0008032724258141501,0.06432878539931035,0.17555410140603295,0.0,0.0,0.0,0.0,28.377342857499997,35.2509973775,23.6042963,14.825872545
AC-BA-BC-BF-BH-BL-BT-BY-CC-DF-DL-DP-FP-PC-PJ-RI,0.0,0.0004125,0.0004125,0.0,0.0004125,0.0,0.0004125,0.0004125,0.0004125,0.0,0.0004125,0.0004125,0.0004125,0.0,0.0,0.0,0.0004125,0.0,0.0004125,0.0004125,0.0,0.0,0.0004125,0.0004125,0.0004125,0.0004125,0.0,0.0,28.0,0.0
AC-BA-BC-BF-BH-BL-BT-BY-CC-DF-DL-DP-FP-PC-PJ-RI,16.0,0.02538762,0.014711801,0.0,0.161699613,0.0,0.1784945,0.34761511,0.085666945,0.0,0.009634276,0.010285241,0.243200384,0.0,0.0,0.0,0.002343473,0.0,0.012107942,0.000650965,0.0,0.0,0.002473666,0.011847556,0.367925207,0.231222635,14.65557864,41.53750092,35.6978967,9.82404307
AC-BA-BC-BF-BH-BL-BT-BY-CC-DF-DL-DP-FP-PC-PJ-RI,32.0,0.0557399,0.017527277,0.0,0.116058998,0.0,0.167061795,0.26764626,0.068845882,0.0,0.005842426,0.014685016,0.105163663,0.0,0.0,0.0,0.002684358,0.0,0.107216407,0.00094742,0.0,0.0,0.002052744,0.009000494,0.145271126,0.192957953,15.33324056,44.41543452,37.11854845,12.4293732
AC-BA-BC-BF-BH-BL-BT-BY-CC-DF-DL-DP-FP-PC-PJ-RI,48.0,0.1319060533814157,0.02290747646038135,0.0,0.14682562708508834,0.0,0.2144872166302712,0.23910484088639472,0.060482343668054,0.0,0.00393028676385375,0.0087435319325525,0.048275336759997206,0.0,0.0,0.0,0.0025947394258558996,0.0,0.42246246548511757,0.0002962518643034,0.0,0.0,0.0004974554590986,0.07190261655503195,0.07761542631233195,0.20842058361591909,19.18635411,40.608982964999996,30.004526587500003,15.9357880175
AC-BA-BC-BF-BH-BO-BP-BT-BU-BV-BY-CA-CC-CG-CH-DF-DL-DP-EL-ER-FP-PC-PJ-RI,0.0,0.0002749999999999,0.0002749999999999,0.0002749999999999,0.0002749999999999,0.0002749999999999,0.0002749999999999,0.0002749999999999,0.0002749999999999,0.0002749999999999,0.0002749999999999,0.0,0.0002749999999999,0.0002749999999999,0.0002749999999999,0.0002749999999999,0.0002749999999999,0.0002749999999999,0.0002749999999999,0.0002749999999999,0.0002749999999999,0.0002749999999999,0.0002749999999999,0.0002749999999999,0.0002749999999999,0.0002749999999999,0.0,0.0,28.0,0.0
AC-BA-BC-BF-BH-BO-BP-BT-BU-BV-BY-CA-CC-CG-CH-DF-DL-DP-EL-ER-FP-PC-PJ-RI,48.0,0.0098300241760298,0.0224276432153294,0.0141102361431863,0.198376767775336,0.1593591207539563,0.2336600326493906,0.2318922001644236,0.0371177639748732,0.044368695046014,0.0069891631690264,0.0,0.095769385591775,0.5045893496377182,0.0136535328200381,0.0076326410229944,0.000772334132881,0.0176808375715565,0.2121250536119634,0.0008118636457752,0.03322023813643,0.0413351277248315,6.225198412718333e-05,0.2262884499913583,0.1751323297202269,0.0729390641015326,11.575816666666668,37.950133333333326,46.20141666666666,9.9024
AC-BA-BC-BF-BH-BO-BP-BU-BY-CC-CH-DF-DL-DP-ER-FP-RI,0.0,0.0,0.0,0.0,0.00038823514705880005,0.00038823514705880005,0.0,0.00038823514705880005,0.00038823514705880005,0.00038823514705880005,0.00038823514705880005,0.0,0.00038823514705880005,0.00038823514705880005,0.0,0.0,0.00038823514705880005,0.00038823514705880005,0.00038823514705880005,0.00038823514705880005,0.0,0.00038823514705880005,0.00038823514705880005,0.00038823514705880005,0.00038823514705880005,0.00038823514705880005,0.0,0.0,28.0,0.0
AC-BA-BC-BF-BH-BO-BP-BU-BY-CC-CH-DF-DL-DP-ER-FP-RI,16.0,0.0,0.0,0.0,0.181957791,0.142948135,0.0,0.305270194,0.084957271,0.056420006,0.006414339,0.0,0.099487713,0.078281122,0.0,0.0,0.001178144,0.036522463,0.024217404,0.000392715,0.0,0.245839376,0.001047239,0.007068864,0.122526973,0.113494536,18.43948984,47.82123356,33.29885859,11.57292722
AC-BA-BC-BF-BH-BO-BP-BU-BY-CC-CH-DF-DL-DP-ER-FP-RI,32.0,0.0,0.0,0.0,0.146911524,0.118385014,0.0,0.23291895,0.065896237,0.035943402,0.002710018,0.0,0.039366583,0.093994849,0.0,0.0,0.002139488,0.050491922,0.194693427,0.00057053,0.0,0.175438033,0.000142633,0.004564242,0.171159057,0.084866366,19.00495368,51.6038936,37.45366162,13.58038059
AC-BA-BC-BF-BH-BO-BP-BU-BY-CC-CH-DF-DL-DP-ER-FP-RI,48.0,0.0,0.0,0.0,0.15766645155202236,0.1410244140088033,0.0,0.2778135992528989,0.06957242514791451,0.0225798123524262,0.002147407112753,0.0,0.04837578441493375,0.1418726976657877,0.0,0.0,0.0009253194669701,0.0812165959958301,0.4160104359051754,0.0002204519403957,0.0,0.09348032132564936,0.0005835764410774411,0.03715211877068035,0.06274639426428545,0.0857569226487502,18.2075577525,47.86665528,38.6535735625,12.152852885
AC-BA-BC-BF-BH-BP-BU-CA-DL-EL-PJ,0.0,0.0,0.0006,0.0,0.0006,0.0,0.0,0.0006,0.0,0.0006,0.0,0.0,0.0006,0.0006,0.0006,0.0006,0.0,0.0,0.0006,0.0006,0.0,0.0,0.0,0.0,0.0006,0.0,0.0,0.0,28.0,0.0
AC-BA-BC-BF-BH-BP-BU-CA-DL-EL-PJ,16.0,0.0,0.011810493,0.0,0.192361707,0.0,0.0,0.276528438,0.0,0.092990663,0.0,0.0,0.188832134,0.269876551,0.081315923,0.002307797,0.0,0.0,0.016154582,0.000543011,0.0,0.0,0.0,0.0,0.621069024,0.0,26.3964548,50.95697712,26.81351147,10.41799526
AC-BA-BC-BF-BH-BP-BU-CA-DL-EL-PJ,32.0,0.0,0.015016404,0.0,0.208352604,0.0,0.0,0.435241081,0.0,0.067573817,0.0,0.0,0.085171166,0.213514493,0.146644569,0.007508202,0.0,0.0,0.151571827,0.000938525,0.0,0.0,0.0,0.0,0.632331382,0.0,29.94350728,47.16309596,24.59648596,11.83518727
AC-BA-BC-BF-BH-BP-BU-CA-DL-EL-PJ,48.0,0.0,0.03948429640390655,0.0,0.2150123769851687,0.0,0.0,0.3348295233042333,0.0,0.054669852230234,0.0,0.0,0.13543197212876446,0.23817059001747334,0.0801116487208223,0.014218005879040398,0.0,0.0,0.5913835045134752,0.0007388488260921001,0.0,0.0,0.0,0.0,0.27553267628954375,0.0,37.2873393025,40.3996105675,16.874648465,10.320946365
AC-BA-BC-BF-BH-BP-BV-CG-DP-ER-PC-PJ,0.0,0.0005499999999999,0.0005499999999999,0.0005499999999999,0.0005499999999999,0.0,0.0,0.0005499999999999,0.0,0.0,0.0005499999999999,0.0,0.0005499999999999,0.0005499999999999,0.0,0.0,0.0,0.0,0.0005499999999999,0.0005499999999999,0.0005499999999999,0.0005499999999999,0.0,0.0,0.0,0.0,0.0,0.0,28.0,0.0
AC-BA-BC-BF-BH-BP-BV-CG-DP-ER-PC-PJ,48.0,0.1073220627647617,0.071716769239359,0.0292112859679835,0.2299584342850349,0.0,0.0,0.3374569547707558,0.0,0.0,0.0095754122719805,0.0,0.2202048406385982,0.316544169836604,0.0,0.0,0.0,0.0,0.7481669084644533,0.0010039106401831,0.1193476354247714,0.0562841734568167,0.0,0.0,0.0,0.0,15.399170095,50.34165733,40.67657864,9.96718434
AC-BA-BC-BF-BH-BY-CA-CC-CH-DF-DL-EL-ER-FP,0.0,0.0,0.0,0.0,0.00047142878571425,0.0,0.0,0.00047142878571425,0.00047142878571425,0.0,0.0,0.0,0.00047142878571425,0.0,0.00047142878571425,0.00047142878571425,0.00047142878571425,0.00047142878571425,0.00047142878571425,0.00047142878571425,0.0,0.00047142878571425,0.0,0.00047142878571425,0.00047142878571425,0.00047142878571425,0.0,0.0,28.0,0.0
AC-BA-BC-BF-BH-BY-CA-CC-CH-DF-DL-EL-ER-FP,16.0,0.0,0.0,0.0,0.158661918,0.0,0.0,0.338587804,0.118791977,0.0,0.0,0.0,0.091598633,0.0,0.017174744,0.000408922,0.000204461,0.035576255,0.12431243,0.000613384,0.0,0.346152869,0.0,0.006951682,0.551023026,0.103048462,25.63802568,59.685464,22.14417596,13.5931722
AC-BA-BC-BF-BH-BY-CA-CC-CH-DF-DL-EL-ER-FP,32.0,0.0,0.0,0.0,0.126627674,0.0,0.0,0.277241401,0.07491748,0.0,0.0,0.0,0.037848124,0.0,0.035667573,0.000934522,0.000623014,0.055604034,0.456981051,0.000311507,0.0,0.197651313,0.0,0.005139869,0.235499437,0.155130582,27.37300208,41.15194828,21.36678998,14.47412695
AC-BA-BC-BF-BH-BY-CA-CC-CH-DF-DL-EL-ER-FP,48.0,0.0,0.0,0.0,0.14645935943921284,0.0,0.0,0.2515491578999724,0.07777211990239945,0.0,0.0,0.0,0.11597648141450595,0.0,0.08921623705991714,0.00128913186586165,0.00074897020881945,0.040017615351754,0.35189609377377873,0.0014398676113858999,0.0,0.11095306823457629,0.0,0.09133139659924235,0.30282294586669734,0.17636398196745423,36.7477658875,33.27984629,12.2847037175,17.0023603375
AC-BA-BC-BF-BL-BO-BP-BT-BU-BV-BY-CA-CC-CG-CH-DF-DL-DP-EL-ER-FP-PC-PJ-RI,0.0,0.0002749999999999,0.0002749999999999,0.0002749999999999,0.0002749999999999,0.0002749999999999,0.0002749999999999,0.0002749999999999,0.0002749999999999,0.0002749999999999,0.0002749999999999,0.0002749999999999,0.0002749999999999,0.0002749999999999,0.0002749999999999,0.0002749999999999,0.0002749999999999,0.0002749999999999,0.0002749999999999,0.0,0.0002749999999999,0.0002749999999999,0.0002749999999999,0.0002749999999999,0.0002749999999999,0.0002749999999999,0.0,0.0,28.0,0.0
AC-BA-BC-BF-BL-BO-BP-BT-BU-BV-BY-CA-CC-CG-CH-DF-DL-DP-EL-ER-FP-PC-PJ-RI,48.0,0.0144673448419548,0.0202663883311188,0.0200150440816089,0.2324973306409555,0.1786172631337634,0.2899364246762109,0.276313071259254,0.0539408335934223,0.0433681585110923,0.0066366067730151,0.0076082030379849,0.0532753935711605,0.3401168522246018,0.0152323398268126,0.0079251483978442,0.0006615042285303,0.0407059429786757,0.2319078952149925,0.0,0.0336218219520522,0.0369255891005691,5.83932494507785e-05,0.1992361848929531,0.1349608184850245,0.0840273601460582,12.34495,38.24283333333334,44.432433333333336,13.8161
AC-BA-BC-BF-BL-BO-BT-BU-BY-CC-CG-CH-DF-DP-PJ-RI,0.0,0.0,0.0004125,0.0,0.0004125,0.0004125,0.0004125,0.0004125,0.0004125,0.0004125,0.0004125,0.0004125,0.0004125,0.0,0.0,0.0,0.0,0.0004125,0.0004125,0.0,0.0004125,0.0,0.0004125,0.0004125,0.0,0.0004125,0.0,0.0,28.0,0.0
AC-BA-BC-BF-BL-BO-BT-BU-BY-CC-CG-CH-DF-DP-PJ-RI,16.0,0.0,0.016614156,0.0,0.195896004,0.190911757,0.227916014,0.342251616,0.127626926,0.061623415,0.004682171,0.005890474,0.090018519,0.0,0.0,0.0,0.0,0.086695687,0.094096539,0.0,0.018275572,0.0,0.003171793,0.018426609,0.0,0.132460135,18.51045168,30.572213,24.84399861,14.93901319
AC-BA-BC-BF-BL-BO-BT-BU-BY-CC-CG-CH-DF-DP-PJ-RI,32.0,0.0,0.011027266,0.0,0.131891903,0.136680058,0.171067716,0.250289915,0.089523987,0.039901291,0.002031338,0.007544971,0.049477601,0.0,0.0,0.0,0.0,0.076610478,0.281340374,0.0,0.012913509,0.0,0.001015669,0.01813695,0.0,0.12042935,20.752562,36.86685156,28.37824107,19.35014693
AC-BA-BC-BF-BL-BO-BT-BU-BY-CC-CG-CH-DF-DP-PJ-RI,48.0,0.0,0.0188772064883296,0.0,0.09204030112199929,0.0945083744357839,0.14035577579510544,0.15460781142142205,0.0574326672499647,0.019959372580889798,0.00181395889879475,0.00396195886070815,0.0408492118733187,0.0,0.0,0.0,0.0,0.10784845660636841,0.43438244336964243,0.0,0.0271350274948509,0.0,0.00052143544568915,0.0558477227754859,0.0,0.1327007118261124,24.3180714725,38.771661117499995,25.758069295,20.31619088
AC-BA-BC-BF-BL-BT-BU-BY-CA-CC-CG-ER-FP-PJ-RI,0.0,0.0,0.00044,0.0,0.00044,0.0,0.00044,0.00044,0.00044,0.00044,0.0,0.00044,0.00044,0.0,0.00044,0.0,0.00044,0.0,0.00044,0.0,0.00044,0.00044,0.00044,0.00044,0.0,0.0,0.0,0.0,28.0,0.0
AC-BA-BC-BF-BL-BT-BU-BY-CA-CC-CG-ER-FP-PJ-RI,48.0,0.0,0.0027719776582793,0.0,0.1445201780637236,0.0,0.2531808186140169,0.1907923799677405,0.0471041752034644,0.0190625037712007,0.0,0.014236839071713,0.218693587562557,0.0,0.1688034432077415,0.0,0.0047722969157663,0.0,0.7386137331151518,0.0,0.120230549384045,0.0158424507087155,0.0063476538402306,0.1697503982838445,0.0,0.0,43.58475,26.0207,1.45965,15.1926
AC-BA-BC-BF-BL-BT-BU-CC-DF-DL-DP-FP-PC,0.0,0.00050769215384615,0.0,0.0,0.00050769215384615,0.0,0.00050769215384615,0.00050769215384615,0.0,0.00050769215384615,0.00050769215384615,0.00050769215384615,0.00050769215384615,0.0,0.0,0.0,0.00050769215384615,0.0,0.00050769215384615,0.0,0.0,0.0,0.0,0.00050769215384615,0.00050769215384615,0.00050769215384615,0.0,0.0,28.0,0.0
AC-BA-BC-BF-BL-BT-BU-CC-DF-DL-DP-FP-PC,16.0,0.070934991,0.0,0.0,0.21040311,0.0,0.194550821,0.322810251,0.0,0.062448412,0.009127076,0.009927696,0.180620021,0.0,0.0,0.0,0.001280993,0.0,0.017133282,0.0,0.0,0.0,0.0,0.008006207,0.408636785,0.170852449,15.21645808,42.478499,38.31999485,12.18822892
AC-BA-BC-BF-BL-BT-BU-CC-DF-DL-DP-FP-PC,32.0,0.056822631,0.0,0.0,0.165048395,0.0,0.190175165,0.288218839,0.0,0.044834042,0.005747954,0.008047136,0.065362449,0.0,0.0,0.0,0.0018065,0.0,0.142056579,0.0,0.0,0.0,0.0,0.012152817,0.201506846,0.2090613,15.4167292,42.52387992,36.77518795,11.60643875
AC-BA-BC-BF-BL-BT-BU-CC-DF-DL-DP-FP-PC,48.0,0.14661909907289264,0.0,0.0,0.22146417397144266,0.0,0.2721858936117608,0.2862371563940987,0.0,0.020678873216201703,0.004615961648090651,0.0100759406877501,0.0711196107262736,0.0,0.0,0.0,0.001638217883487,0.0,0.5540245990071988,0.0,0.0,0.0,0.0,0.07934200355777725,0.08954059554305645,0.20394192351857576,18.648208555,39.815154245,32.8230745175,15.6527972025
AC-BA-BC-BF-BT-BU-BV-CC-CG-EL-ER-FP-RI,0.0,0.0,0.0,0.0005076923076923,0.0005076923076923,0.0,0.0005076923076923,0.0005076923076923,0.0,0.0005076923076923,0.0,0.0,0.0005076923076923,0.0,0.0,0.0005076923076923,0.0005076923076923,0.0,0.0005076923076923,0.0,0.0005076923076923,0.0005076923076923,0.0005076923076923,0.0005076923076923,0.0,0.0,0.0,0.0,28.0,0.0
AC-BA-BC-BF-BT-BU-BV-CC-CG-EL-ER-FP-RI,48.0,0.0,0.0,0.0405490804777638,0.1880615337463275,0.0,0.3415465616908515,0.2411083481876381,0.0,0.0148673132943751,0.0,0.0,0.2759853500628109,0.0,0.0,0.1086174813899321,0.0009450530838233,0.0,0.4722046553907204,0.0,0.1327098260337083,0.0130067537114588,0.0052690495324891,0.0932117267993569,0.0,0.0,45.56165,18.050600000000003,0.0,17.58775
AC-BA-BC-BH-BL-BO-BP-BT-BU-BV-BY-CA-CC-CG-CH-DF-DL-DP-EL-ER-FP-PC-PJ-RI,0.0,0.0002749999999999,0.0002749999999999,0.0002749999999999,0.0,0.0002749999999999,0.0002749999999999,0.0002749999999999,0.0002749999999999,0.0002749999999999,0.0002749999999999,0.0002749999999999,0.0002749999999999,0.0002749999999999,0.0002749999999999,0.0002749999999999,0.0002749999999999,0.0002749999999999,0.0002749999999999,0.0002749999999999,0.0002749999999999,0.0002749999999999,0.0002749999999999,0.0002749999999999,0.0002749999999999,0.0002749999999999,0.0,0.0,28.0,0.0
AC-BA-BC-BH-BL-BO-BP-BT-BU-BV-BY-CA-CC-CG-CH-DF-DL-DP-EL-ER-FP-PC-PJ-RI,48.0,0.0151511317131057,0.0235682028802031,0.0345414865828318,0.0,0.2097414172259861,0.4112326735269837,0.2793451554920192,0.0611159610096258,0.0528457351067167,0.0055966504456115,0.0070831767377601,0.0627361341695274,0.2785452566086273,0.0216431213603249,0.0101299845578453,0.0006037875535455,0.0308163166620776,0.3157250162636382,0.0007692238063226,0.0354080695988865,0.0460578694369898,0.0,0.1867831478967662,0.1219503261922028,0.0964609688181113,13.382166666666668,37.182883333333336,39.61031666666666,13.138616666666666
AC-BA-BC-BH-BL-BO-BP-BV-BY-CA-CG-DP-EL-ER-PC-PJ-RI,0.0,0.00038823514705880005,0.00038823514705880005,0.00038823514705880005,0.0,0.00038823514705880005,0.0,0.00038823514705880005,0.00038823514705880005,0.0,0.00038823514705880005,0.00038823514705880005,0.00038823514705880005,0.00038823514705880005,0.00038823514705880005,0.00038823514705880005,0.0,0.0,0.00038823514705880005,0.00038823514705880005,0.00038823514705880005,0.00038823514705880005,0.00038823514705880005,0.0,0.0,0.0,0.0,0.0,28.0,0.0
AC-BA-BC-BH-BL-BO-BP-BV-BY-CA-CG-DP-EL-ER-PC-PJ-RI,16.0,0.13744321,0.013997284,0.029680988,0.0,0.155993827,0.0,0.379613086,0.105738519,0.0,0.006914321,0.017876049,0.305241975,0.196805185,0.050929877,0.003204198,0.0,0.0,0.05126716,0.000337284,0.025802222,0.335766173,0.00337284,0.0,0.0,0.0,16.58824488,43.654392,42.84282617,16.23109398
AC-BA-BC-BH-BL-BO-BP-BV-BY-CA-CG-DP-EL-ER-PC-PJ-RI,32.0,0.138404663,0.018001958,0.055876207,0.0,0.131390914,0.0,0.331516575,0.102868331,0.0,0.006779958,0.006078583,0.102400748,0.217893828,0.038341832,0.001636542,0.0,0.0,0.248754327,0.00140275,0.030626708,0.314683576,0.003740667,0.0,0.0,0.0,15.81950816,45.79604204,40.88216166,14.85762643
AC-BA-BC-BH-BL-BO-BP-BV-BY-CA-CG-DP-EL-ER-PC-PJ-RI,48.0,0.11961950388805886,0.0322489060887017,0.03917071542403145,0.0,0.08248826871773704,0.0,0.29614012391625133,0.08533568914194795,0.0,0.0034028591907248,0.0048322212842611,0.10980843129137845,0.19019885486585744,0.0145989980748241,0.0040111638306309,0.0,0.0,0.6393729056913238,0.0002490738101637,0.07516366635583224,0.1128380981650926,0.00067521306594845,0.0,0.0,0.0,19.266250275,42.1473894625,37.64686691,13.517101865
AC-BA-BC-BH-BL-BO-BT-CC-CH-DP-ER-FP-PC-RI,0.0,0.0004714285714285,0.0,0.0,0.0,0.0004714285714285,0.0004714285714285,0.0004714285714285,0.0,0.0,0.0004714285714285,0.0004714285714285,0.0004714285714285,0.0,0.0,0.0,0.0004714285714285,0.0004714285714285,0.0004714285714285,0.0004714285714285,0.0,0.0004714285714285,0.0004714285714285,0.0004714285714285,0.0,0.0,0.0,0.0,28.0,0.0
AC-BA-BC-BH-BL-BO-BT-CC-CH-DP-ER-FP-PC-RI,48.0,0.4053972923449534,0.0,0.0,0.0,0.1973270442892418,0.3471416885684901,0.3814806743527669,0.0,0.0,0.0031214536765513,0.0094273922813108,0.250008317903388,0.0,0.0,0.0,0.0013598204080925,0.031896793956187,0.7200389615858156,0.0006839558217143,0.0,0.0830908879477594,0.0085057952926023,0.1530457315527284,0.0,0.0,23.3553,26.7193,17.12095,21.682450000000003
AC-BA-BC-BH-BL-BO-BV-BY-CG-DF-DL-FP,0.0,0.0,0.0,0.00054999999999995,0.0,0.00054999999999995,0.0,0.00054999999999995,0.00054999999999995,0.0,0.0,0.00054999999999995,0.00054999999999995,0.0,0.0,0.0,0.00054999999999995,0.0,0.00054999999999995,0.00054999999999995,0.00054999999999995,0.0,0.0,0.0,0.00054999999999995,0.00054999999999995,0.0,0.0,28.0,0.0
AC-BA-BC-BH-BL-BO-BV-BY-CG-DF-DL-FP,16.0,0.0,0.0,0.078014191,0.0,0.156028382,0.0,0.306267726,0.120191475,0.0,0.0,0.005099868,0.172154991,0.0,0.0,0.0,0.002205348,0.0,0.091935451,0.00096484,0.017918454,0.0,0.0,0.0,0.5354861,0.248101668,19.41169216,48.74993096,26.27989104,11.83862928
AC-BA-BC-BH-BL-BO-BV-BY-CG-DF-DL-FP,32.0,0.0,0.0,0.031364372,0.0,0.097835456,0.0,0.268022815,0.085182783,0.0,0.0,0.019068112,0.075381417,0.0,0.0,0.0,0.002494893,0.0,0.349106844,0.00053462,0.019246319,0.0,0.0,0.0,0.580775501,0.259290688,19.91755296,49.6916146,27.35828787,12.16559384
AC-BA-BC-BH-BL-BO-BV-BY-CG-DF-DL-FP,48.0,0.0,0.0,0.028722373771773897,0.0,0.11779653080979145,0.0,0.293137145641211,0.0806082522585452,0.0,0.0,0.0122402090971985,0.0822224970958387,0.0,0.0,0.0,0.00184610271054545,0.0,0.7016908991495635,0.0006704914976188999,0.07283250137728366,0.0,0.0,0.0,0.369633265033169,0.22549885759398625,30.104451065,43.701555080000006,15.031307585,13.63837097
AC-BA-BC-BH-BL-BP-BT-CA-CC-CH-DF-DL-PJ,0.0,0.0,0.0005076923076923,0.0,0.0,0.0,0.0005076923076923,0.0005076923076923,0.0,0.0,0.0,0.0005076923076923,0.0005076923076923,0.0005076923076923,0.0005076923076923,0.0,0.0,0.0005076923076923,0.0005076923076923,0.0005076923076923,0.0,0.0,0.0,0.0005076923076923,0.0005076923076923,0.0005076923076923,0.0,0.0,28.0,0.0
AC-BA-BC-BH-BL-BP-BT-CA-CC-CH-DF-DL-PJ,48.0,0.0,0.046189815903403,0.0,0.0,0.0,0.3818513629652348,0.3912871458222502,0.0,0.0,0.0,0.0074964689138074,0.0614962759128732,0.1100455928368148,0.0023573275881109,0.0,0.0,0.0598026064907633,0.7261468670005846,0.0006679811345003,0.0,0.0,0.0,0.0596334616710662,0.0298027349547093,0.1202591743388481,29.153242480000003,38.30738191499999,19.48929296,14.40220281
AC-BA-BC-BH-BL-BP-BU-BV-CC-CH-DF-EL-PC,0.0,0.0005076923076923,0.0,0.0005076923076923,0.0,0.0,0.0,0.0005076923076923,0.0,0.0005076923076923,0.0,0.0005076923076923,0.0005076923076923,0.0005076923076923,0.0,0.0005076923076923,0.0,0.0005076923076923,0.0005076923076923,0.0005076923076923,0.0,0.0,0.0,0.0005076923076923,0.0,0.0005076923076923,0.0,0.0,28.0,0.0
AC-BA-BC-BH-BL-BP-BU-BV-CC-CH-DF-EL-PC,48.0,0.1311016074728407,0.0,0.0237364285217554,0.0,0.0,0.0,0.538150637402259,0.0,0.0264690417644672,0.0,0.0079975192353674,0.1830471013495337,0.2093487170392628,0.0,0.0106470305220046,0.0,0.019039589589373,0.8078015849759337,0.0009362972942207,0.0,0.0,0.0,0.0954182547215634,0.0,0.0865429200454684,34.12801823,35.8719919,17.627600655000002,16.25873598
AC-BA-BC-BH-BO-BT-BY-CA-CC-CG-CH-DF-EL-FP-PJ,0.0,0.0,0.00044,0.0,0.0,0.00044,0.00044,0.00044,0.00044,0.0,0.0,0.0,0.00044,0.0,0.00044,0.00044,0.00044,0.00044,0.00044,0.00044,0.00044,0.0,0.0,0.00044,0.0,0.00044,0.0,0.0,28.0,0.0
AC-BA-BC-BH-BO-BT-BY-CA-CC-CG-CH-DF-EL-FP-PJ,16.0,0.0,0.021199068,0.0,0.0,0.24871049,0.244735664,0.479818182,0.121705361,0.0,0.0,0.0,0.21388345,0.0,0.080064336,0.00075711,0.00075711,0.049779953,0.225240093,0.001135664,0.011356643,0.0,0.0,0.027255944,0.0,0.433634499,25.93951568,45.5942904,16.28175639,18.88419378
AC-BA-BC-BH-BO-BT-BY-CA-CC-CG-CH-DF-EL-FP-PJ,32.0,0.0,0.011071101,0.0,0.0,0.182515016,0.167331791,0.330551458,0.109445746,0.0,0.0,0.0,0.082242468,0.0,0.122414751,0.002846855,0.007591612,0.240084743,0.432405592,0.000948952,0.007275295,0.0,0.0,0.027835912,0.0,0.456445698,38.4729616,27.97758904,4.0760085,25.74488125
AC-BA-BC-BH-BO-BT-BY-CA-CC-CG-CH-DF-EL-FP-PJ,48.0,0.0,0.03241657235590715,0.0,0.0,0.1816832252240411,0.24001658740808457,0.27792722089399835,0.08605797616245615,0.0,0.0,0.0,0.09767858119304121,0.0,0.1113444259995259,0.00528637241202905,0.00413533366757585,0.122540312992133,0.36328981391318305,0.00075616667409775,0.040893964788689896,0.0,0.0,0.0600145798646178,0.0,0.23426336999454517,41.524185615,24.0646073175,4.429347725,27.843683600000002
AC-BA-BC-BH-BT-BV-CC-EL-ER-FP-PJ-RI,0.0,0.0,0.0005499999999999,0.0005499999999999,0.0,0.0,0.0005499999999999,0.0005499999999999,0.0,0.0,0.0,0.0,0.0005499999999999,0.0,0.0,0.0005499999999999,0.0005499999999999,0.0,0.0005499999999999,0.0005499999999999,0.0,0.0005499999999999,0.0005499999999999,0.0005499999999999,0.0,0.0,0.0,0.0,28.0,0.0
AC-BA-BC-BH-BT-BV-CC-EL-ER-FP-PJ-RI,48.0,0.0,0.0022179155615916,0.09563243448816,0.0,0.0,0.3431142875476239,0.2715337626054156,0.0,0.0,0.0,0.0,0.2876762408753323,0.0,0.0,0.0659690619383984,0.0013883540072115,0.0,0.4738306222366832,0.0013512726976928,0.0,0.0189798717571342,0.0078178720825088,0.3727802219582233,0.0,0.0,49.7566,14.6832,1.67885,15.67515
AC-BA-BC-BH-CC-CH-DL-DP-ER-FP-PJ-RI,0.0,0.0,0.0005499999999999,0.0,0.0,0.0,0.0,0.0005499999999999,0.0,0.0,0.0005499999999999,0.0,0.0005499999999999,0.0,0.0,0.0,0.0005499999999999,0.0005499999999999,0.0005499999999999,0.0005499999999999,0.0,0.0005499999999999,0.0005499999999999,0.0005499999999999,0.0005499999999999,0.0,0.0,0.0,28.0,0.0
AC-BA-BC-BH-CC-CH-DL-DP-ER-FP-PJ-RI,48.0,0.0,0.0586958671257531,0.0,0.0,0.0,0.0,0.5731107537552018,0.0,0.0,0.0050708366284564,0.0,0.2486912702023493,0.0,0.0,0.0,0.0009180889302762,0.0989106770739245,0.4989695273256853,0.0005125192014752,0.0,0.1442898514608912,0.0001764878212101,0.2096993009922868,0.287243291337338,0.0,16.485,38.13,40.45,7.925000000000001
AC-BA-BC-BL-BT-CG-CH-DF-FP-PC-PJ,0.0,0.0006,0.0006,0.0,0.0,0.0,0.0006,0.0006,0.0,0.0,0.0,0.0006,0.0006,0.0,0.0,0.0,0.0006,0.0006,0.0006,0.0,0.0006,0.0,0.0,0.0,0.0,0.0006,0.0,0.0,28.0,0.0
AC-BA-BC-BL-BT-CG-CH-DF-FP-PC-PJ,48.0,0.4610159856264397,0.0442882921599216,0.0,0.0,0.0,0.2075990360900353,0.3328889318706923,0.0,0.0,0.0,0.0045928617320466,0.0485885877345319,0.0,0.0,0.0,0.0023501222915226,0.0555951856549992,0.9321778863379052,0.0,0.0824642899871845,0.0,0.0,0.0,0.0,0.164099325178473,34.24336152,28.660025405,5.897732565,29.773322235
AC-BA-BC-BL-CC-CH-DP-EL-ER-FP-RI,0.0,0.0,0.0,0.0,0.0,0.0,0.0,0.0006,0.0,0.0,0.0006,0.0006,0.0006,0.0,0.0,0.0006,0.0006,0.0006,0.0006,0.0,0.0,0.0006,0.0006,0.0006,0.0,0.0,0.0,0.0,28.0,0.0
AC-BA-BC-BL-CC-CH-DP-EL-ER-FP-RI,48.0,0.0,0.0,0.0,0.0,0.0,0.0,0.6090878659215169,0.0,0.0,0.0037040598985306,0.0151832660535248,0.4327551506942733,0.0,0.0,0.0187097804442947,0.0017665361744747,0.0142672956548351,0.6131265559793786,0.0,0.0,0.048410855755084,0.0029260687265887,0.4802187330769846,0.0,0.0,36.45555,29.853,25.02015,12.16765
AC-BA-BC-BO-BP-BU-BY-CC-CG-CH-DL,0.0,0.0,0.0,0.0,0.0,0.0006,0.0,0.0006,0.0006,0.0006,0.0,0.0,0.0006,0.0006,0.0,0.0,0.0,0.0006,0.0006,0.0,0.0006,0.0,0.0,0.0006,0.0006,0.0,0.0,0.0,28.0,0.0
AC-BA-BC-BO-BP-BU-BY-CC-CG-CH-DL,16.0,0.0,0.0,0.0,0.0,0.342256025,0.0,0.531617882,0.170722816,0.121558967,0.0,0.0,0.203948933,0.283097327,0.0,0.0,0.0,0.061860008,0.073475642,0.0,0.037278083,0.0,0.0,0.015397469,0.760959133,0.0,18.2513484,67.49368508,30.12283147,13.03976636
AC-BA-BC-BO-BP-BU-BY-CC-CG-CH-DL,32.0,0.0,0.0,0.0,0.0,0.206649906,0.0,0.353145762,0.098787471,0.076488987,0.0,0.0,0.036299858,0.150385126,0.0,0.0,0.0,0.049523378,0.44130256,0.0,0.030854879,0.0,0.0,0.015038513,0.427819755,0.0,17.95540056,55.96203004,28.47169226,13.04396614
AC-BA-BC-BO-BP-BU-BY-CC-CG-CH-DL,48.0,0.0,0.0,0.0,0.0,0.2065914322547019,0.0,0.3479170827486307,0.103193600902632,0.046453135022267,0.0,0.0,0.06167792720970455,0.1758029307552488,0.0,0.0,0.0,0.046704371857478694,0.6725829878922789,0.0,0.0690891553989624,0.0,0.0,0.06178538535161254,0.2362073295426502,0.0,23.6314292325,47.941595885,24.0071100375,13.1469673475
AC-BA-BC-BO-BP-BY-CC-DF-ER-FP-PC-RI,0.0,0.0005499999999999,0.0,0.0,0.0,0.0005499999999999,0.0,0.0005499999999999,0.0005499999999999,0.0,0.0,0.0,0.0005499999999999,0.0005499999999999,0.0,0.0,0.0005499999999999,0.0,0.0005499999999999,0.0,0.0,0.0005499999999999,0.0005499999999999,0.0005499999999999,0.0,0.0005499999999999,0.0,0.0,28.0,0.0
AC-BA-BC-BO-BP-BY-CC-DF-ER-FP-PC-RI,48.0,0.1773608118183943,0.0,0.0,0.0,0.1203949658486552,0.0,0.2649561535400233,0.1264889434365777,0.0,0.0,0.0,0.3683263132956819,0.3494546659495591,0.0,0.0,0.0007586007791344,0.0,1.0275183527064873,0.0,0.0,0.0206163081434314,0.0035918077322468,0.0771587055977559,0.0,0.1390206305593611,28.7645,34.5471,26.737,9.9648
AC-BA-BC-BO-BT-BU-BV-CC-CH-DF-DL-EL-ER-FP-RI,0.0,0.0,0.0,0.00044,0.0,0.00044,0.00044,0.00044,0.0,0.00044,0.0,0.0,0.00044,0.0,0.0,0.00044,0.00044,0.00044,0.00044,0.0,0.0,0.00044,0.00044,0.00044,0.00044,0.00044,0.0,0.0,28.0,0.0
AC-BA-BC-BO-BT-BU-BV-CC-CH-DF-DL-EL-ER-FP-RI,48.0,0.0,0.0,0.0464276530554345,0.0,0.1380646500569449,0.3543329899037639,0.3389033965952732,0.0,0.0225725832376609,0.0,0.0,0.2202660830239315,0.0,0.0,0.0161022121897485,0.0020599293976087,0.0110603322936668,0.8014531875309368,0.0,0.0,0.0300257661104897,0.0071018092936872,0.0365114683819145,0.9400514016124806,0.1785595987324632,37.1625,28.0363,18.0749,14.54055
AC-BA-BC-BO-BU-BY-CA-CH-EL-ER-PJ,0.0,0.0,0.0006,0.0,0.0,0.0006,0.0,0.0006,0.0006,0.0006,0.0,0.0,0.0006,0.0,0.0006,0.0006,0.0,0.0006,0.0006,0.0,0.0,0.0006,0.0,0.0,0.0,0.0,0.0,0.0,28.0,0.0
AC-BA-BC-BO-BU-BY-CA-CH-EL-ER-PJ,48.0,0.0,0.0624383960719912,0.0,0.0,0.243697313600398,0.0,0.3703419275508003,0.0897079538326282,0.1356194447574022,0.0,0.0,0.3768294255088329,0.0,0.0628153238517043,0.0334393690768846,0.0,0.1390900258969893,0.2730827476685742,0.0,0.0,0.1327068540698349,0.0,0.0,0.0,0.0,42.73265641,29.67931763,0.937892955,20.077200235
AC-BA-BC-BO-BU-BY-CA-DF-DL-EL-RI,0.0,0.0,0.0,0.0,0.0,0.0006,0.0,0.0006,0.0006,0.0006,0.0,0.0,0.0006,0.0,0.0006,0.0006,0.0,0.0,0.0006,0.0,0.0,0.0,0.0006,0.0,0.0006,0.0006,0.0,0.0,28.0,0.0
AC-BA-BC-BO-BU-BY-CA-DF-DL-EL-RI,16.0,0.0,0.0,0.0,0.0,0.103169119,0.0,0.191725049,0.093086018,0.05392267,0.0,0.0,0.167028758,0.0,0.065174826,0.002191978,0.0,0.0,0.104922702,0.0,0.0,0.0,0.001753583,0.0,0.397332628,0.335664967,24.38000792,45.69887376,26.04438024,10.01289368
AC-BA-BC-BO-BU-BY-CA-DF-DL-EL-RI,32.0,0.0,0.0,0.0,0.0,0.058489712,0.0,0.190043621,0.113719342,0.0466,0.0,0.0,0.082652675,0.0,0.176619753,0.007670782,0.0,0.0,0.460246914,0.0,0.0,0.0,0.002109465,0.0,0.377977778,0.265984362,31.51506296,38.39809316,17.35838726,10.88981453
AC-BA-BC-BO-BU-BY-CA-DF-DL-EL-RI,48.0,0.0,0.0,0.0,0.0,0.05844720321108035,0.0,0.17731278942076006,0.06936810252526104,0.0312229203868491,0.0,0.0,0.1968723971249249,0.0,0.18261320355228494,0.01868177289300305,0.0,0.0,0.2820221537429131,0.0,0.0,0.0,0.00046356970186045,0.0,0.5727494321601768,0.1516760897788374,49.1943226125,29.4198061475,0.9622084925,11.057769027500001
AC-BA-BC-BO-CC-CG-CH-DF-DP-EL-PC-RI,0.0,0.0005499999999999,0.0,0.0,0.0,0.0005499999999999,0.0,0.0005499999999999,0.0,0.0,0.0005499999999999,0.0,0.0005499999999999,0.0,0.0,0.0005499999999999,0.0,0.0005499999999999,0.0005499999999999,0.0,0.0005499999999999,0.0,0.0005499999999999,0.0005499999999999,0.0,0.0005499999999999,0.0,0.0,28.0,0.0
AC-BA-BC-BO-CC-CG-CH-DF-DP-EL-PC-RI,48.0,0.2748839557359205,0.0,0.0,0.0,0.2054022467247969,0.0,0.4235389211456631,0.0,0.0,0.0060729290689381,0.0,0.0836742936582365,0.0,0.0,0.0016735001803783,0.0,0.0520542605360201,0.5730382705928035,0.0,0.0619740828890083,0.0,0.0004928292046935,0.1166652378179678,0.0,0.1658217042411603,29.655895245,34.458779655,17.971367975,24.586294715
AC-BA-BC-BP-BT-BU-BV-BY-CC-CG-CH-DF-DP-PJ,0.0,0.0,0.00047142878571425,0.00047142878571425,0.0,0.0,0.00047142878571425,0.00047142878571425,0.00047142878571425,0.00047142878571425,0.00047142878571425,0.0,0.00047142878571425,0.00047142878571425,0.0,0.0,0.0,0.00047142878571425,0.00047142878571425,0.0,0.00047142878571425,0.0,0.0,0.00047142878571425,0.0,0.00047142878571425,0.0,0.0,28.0,0.0
AC-BA-BC-BP-BT-BU-BV-BY-CC-CG-CH-DF-DP-PJ,16.0,0.0,0.011059483,0.035424908,0.0,0.0,0.256268969,0.430110225,0.132195388,0.061863986,0.003801697,0.0,0.118371034,0.095388045,0.0,0.0,0.0,0.086402215,0.094178414,0.0,0.022291771,0.0,0.0,0.017107639,0.0,0.214623101,17.28264424,46.76294956,30.20198432,16.65118885
AC-BA-BC-BP-BT-BU-BV-BY-CC-CG-CH-DF-DP-PJ,32.0,0.0,0.009883086,0.032472995,0.0,0.0,0.226322659,0.322470962,0.111255306,0.051674419,0.003529673,0.0,0.039249968,0.086547592,0.0,0.0,0.0,0.0594397,0.350002415,0.0,0.018919049,0.0,0.0,0.015954124,0.0,0.153187826,17.74807472,49.65010276,35.91787744,16.4153565
AC-BA-BC-BP-BT-BU-BV-BY-CC-CG-CH-DF-DP-PJ,48.0,0.0,0.00331000934619315,0.024372293568985397,0.0,0.0,0.23546704380171216,0.32249354927736784,0.08591207957949015,0.02675151192509595,0.0027228167024864,0.0,0.03501610193562015,0.11273783368526144,0.0,0.0,0.0,0.1012527721084619,0.45399067737451304,0.0,0.06451686108285395,0.0,0.0,0.040563988106176604,0.0,0.12131143765958785,18.3745575575,47.798613605,36.9776622875,17.065597355
AC-BA-BC-BT-BV-BY-DF-DL-DP-EL-ER-FP-PC-RI,0.0,0.0004714285714285,0.0,0.0004714285714285,0.0,0.0,0.0004714285714285,0.0004714285714285,0.0004714285714285,0.0,0.0004714285714285,0.0,0.0004714285714285,0.0,0.0,0.0004714285714285,0.0004714285714285,0.0,0.0004714285714285,0.0,0.0,0.0004714285714285,0.0004714285714285,0.0,0.0004714285714285,0.0004714285714285,0.0,0.0,28.0,0.0
AC-BA-BC-BT-BV-BY-DF-DL-DP-EL-ER-FP-PC-RI,48.0,0.3837308809445168,0.0,0.0238276566847254,0.0,0.0,0.2980741363783143,0.3281503569844514,0.0702703050951689,0.0,0.0041786892430676,0.0,0.0810333859595661,0.0,0.0,0.0036740809120886,0.0015597801822608,0.0,0.6274472319003971,0.0,0.0,0.2164445469022493,0.0004178689243066,0.0,0.0455437557221753,0.211561285268724,20.737634095,34.43205871,23.775595345,29.17831748
AC-BA-BC-BT-BV-CA-CC-CH-DL-ER-PC-PJ-RI,0.0,0.00050769215384615,0.00050769215384615,0.00050769215384615,0.0,0.0,0.00050769215384615,0.00050769215384615,0.0,0.0,0.0,0.0,0.00050769215384615,0.0,0.00050769215384615,0.0,0.0,0.00050769215384615,0.00050769215384615,0.0,0.0,0.00050769215384615,0.00050769215384615,0.00050769215384615,0.00050769215384615,0.0,0.0,0.0,28.0,0.0
AC-BA-BC-BT-BV-CA-CC-CH-DL-ER-PC-PJ-RI,16.0,0.250194777,0.011749478,0.024051874,0.0,0.0,0.214531654,0.367827792,0.0,0.0,0.0,0.0,0.155784262,0.0,0.019213853,0.0,0.0,0.030548644,0.044648018,0.0,0.0,0.421737164,0.001244062,0.005114479,0.285028525,0.0,23.06659776,44.34198504,19.0064212,15.69509423
AC-BA-BC-BT-BV-CA-CC-CH-DL-ER-PC-PJ-RI,32.0,0.15661756,0.017906355,0.027490039,0.0,0.0,0.245140529,0.348795629,0.0,0.0,0.0,0.0,0.050188236,0.0,0.008574874,0.0,0.0,0.056493291,0.360144727,0.0,0.0,0.402262493,0.002774224,0.006052853,0.358631514,0.0,24.43172696,51.75863316,22.40645441,18.78295043
AC-BA-BC-BT-BV-CA-CC-CH-DL-ER-PC-PJ-RI,48.0,0.19858892811388298,0.022514879904579503,0.0162310065231063,0.0,0.0,0.2144886021606699,0.26866912111607266,0.0,0.0,0.0,0.0,0.07020784719019856,0.0,0.01830696233195715,0.0,0.0,0.051771741175012556,0.6522399425073044,0.0,0.0,0.198133971991809,0.0009698491240374,0.06669602509364471,0.14359750498970925,0.0,31.4621602325,36.755585357499996,13.6392634525,23.887741839999997
AC-BA-BC-BU-BV-CA-CC-DP-ER-FP-PC-RI,0.0,0.0005499999999999,0.0,0.0005499999999999,0.0,0.0,0.0,0.0005499999999999,0.0,0.0005499999999999,0.0005499999999999,0.0,0.0005499999999999,0.0,0.0005499999999999,0.0,0.0005499999999999,0.0,0.0005499999999999,0.0,0.0,0.0005499999999999,0.0005499999999999,0.0005499999999999,0.0,0.0,0.0,0.0,28.0,0.0
AC-BA-BC-BU-BV-CA-CC-DP-ER-FP-PC-RI,48.0,0.5761844058074393,0.0,0.0361691163605172,0.0,0.0,0.0,0.2295002595174771,0.0,0.0064170101772105,0.0047233754773935,0.0,0.3155069514985336,0.0,0.1106786256164685,0.0,0.0015997482146114,0.0,0.8119548343879661,0.0,0.0,0.0473212674650716,0.0044777506593042,0.1184556452832372,0.0,0.0,27.3548,34.90655,23.4677,17.435000000000002
AC-BA-BC-BV-BY-CA-CC-DF-ER-FP-RI,0.0,0.0,0.0,0.0006,0.0,0.0,0.0,0.0006,0.0006,0.0,0.0,0.0,0.0006,0.0,0.0006,0.0,0.0006,0.0,0.0006,0.0,0.0,0.0006,0.0006,0.0006,0.0,0.0006,0.0,0.0,28.0,0.0
AC-BA-BC-BV-BY-CA-CC-DF-ER-FP-RI,48.0,0.0,0.0,0.0394948846339313,0.0,0.0,0.0,0.2261538173254289,0.0599668719917317,0.0,0.0,0.0,0.3292043927662993,0.0,0.2357489321636118,0.0,0.0009787701137662,0.0,0.7792312174990399,0.0,0.0,0.0153444616753072,0.0052547628835103,0.1417166988745822,0.0,0.4762640049469633,45.75205,17.96835,0.0,11.3966
AC-BA-BC-BV-CC-CG-CH-DF-ER-FP-PC-RI,0.0,0.0005499999999999,0.0,0.0005499999999999,0.0,0.0,0.0,0.0005499999999999,0.0,0.0,0.0,0.0,0.0005499999999999,0.0,0.0,0.0,0.0005499999999999,0.0005499999999999,0.0005499999999999,0.0,0.0005499999999999,0.0005499999999999,0.0005499999999999,0.0005499999999999,0.0,0.0005499999999999,0.0,0.0,28.0,0.0
AC-BA-BC-BV-CC-CG-CH-DF-ER-FP-PC-RI,48.0,0.5095788375937489,0.0,0.0494806428712863,0.0,0.0,0.0,0.3603982324933695,0.0,0.0,0.0,0.0,0.1777683348370015,0.0,0.0,0.0,0.0022122758866788,0.0281509994832525,1.0779891031762174,0.0,0.0714145558236971,0.0364920398051,0.0077595787900012,0.0451111868203547,0.0,0.2209905925915911,27.98895,36.4729,17.874899999999997,26.866
AC-BA-BC-BY-CA-CC-DF-EL-ER-FP-PJ,0.0,0.0,0.0006,0.0,0.0,0.0,0.0,0.0006,0.0006,0.0,0.0,0.0,0.0006,0.0,0.0006,0.0006,0.0006,0.0,0.0006,0.0,0.0,0.0006,0.0,0.0006,0.0,0.0006,0.0,0.0,28.0,0.0
AC-BA-BC-BY-CA-CC-DF-EL-ER-FP-PJ,16.0,0.0,0.020218565,0.0,0.0,0.0,0.0,0.508930164,0.176190352,0.0,0.0,0.0,0.366629978,0.0,0.124584872,0.006354406,0.000770231,0.0,0.30539661,0.0,0.0,0.385693196,0.0,0.031964588,0.0,0.283059909,33.14176576,22.82110616,15.89560104,11.76774951
AC-BA-BC-BY-CA-CC-DF-EL-ER-FP-PJ,32.0,0.0,0.013077876,0.0,0.0,0.0,0.0,0.35739966,0.092292437,0.0,0.0,0.0,0.144417113,0.0,0.152450665,0.009528167,0.001681441,0.0,0.540303093,0.0,0.0,0.447637002,0.0,0.065949859,0.0,0.336848713,50.14434176,22.811398,1.08035787,15.47420239
AC-BA-BC-BY-CA-CC-DF-EL-ER-FP-PJ,48.0,0.0,0.0456520977816646,0.0,0.0,0.0,0.0,0.2823166203933932,0.08198747323536601,0.0,0.0,0.0,0.18124081086019764,0.0,0.11209582743851365,0.0105581224565064,0.00035188927671655004,0.0,0.2902405763240708,0.0,0.0,0.1647670894075511,0.0,0.1594952307193629,0.0,0.30167195139378666,55.7902585,17.59208382,0.87602154,13.0949407775
AC-BA-BC-BY-CC-DF-DP-ER-FP-PJ-RI,0.0,0.0,0.0006,0.0,0.0,0.0,0.0,0.0006,0.0006,0.0,0.0006,0.0,0.0006,0.0,0.0,0.0,0.0006,0.0,0.0006,0.0,0.0,0.0006,0.0006,0.0006,0.0,0.0006,0.0,0.0,28.0,0.0
AC-BA-BC-BY-CC-DF-DP-ER-FP-PJ-RI,48.0,0.0,0.0066428744792763,0.0,0.0,0.0,0.0,0.2832689557780724,0.1178963049044594,0.0,0.0025971510752178,0.0,0.4236197732136019,0.0,0.0,0.0,0.0009281118988183,0.0,0.8044300840376681,0.0,0.0,0.0502205493476106,0.0057258566558985,0.2595920575516633,0.0,0.2541920579018298,26.7633,26.4415,21.16685,7.467499999999999
AC-BA-BF-BH-BL-BO-BP-BT-BU-BV-BY-CA-CC-CG-CH-DF-DL-DP-EL-ER-FP-PC-PJ-RI,0.0,0.0002749999999999,0.0002749999999999,0.0002749999999999,0.0002749999999999,0.0002749999999999,0.0002749999999999,0.0,0.0002749999999999,0.0002749999999999,0.0002749999999999,0.0002749999999999,0.0002749999999999,0.0002749999999999,0.0002749999999999,0.0002749999999999,0.0002749999999999,0.0002749999999999,0.0002749999999999,0.0002749999999999,0.0002749999999999,0.0002749999999999,0.0002749999999999,0.0002749999999999,0.0002749999999999,0.0002749999999999,0.0,0.0,28.0,0.0
AC-BA-BF-BH-BL-BO-BP-BT-BU-BV-BY-CA-CC-CG-CH-DF-DL-DP-EL-ER-FP-PC-PJ-RI,48.0,0.0152491757066422,0.024220798176798,0.0222699739808812,0.2951096033547649,0.218050337520359,0.3764123715421544,0.0,0.0663525089438651,0.05352299871986,0.0064120837394695,0.0084465407136719,0.0810253491452841,0.3268533900811014,0.0175502159807966,0.0090921652112585,0.0008024925842598,0.0429481613887594,0.2540364266073982,0.0005510543077734,0.0395331403025776,0.0395194738551695,0.00013978878817,0.2358175603538075,0.1444380949823818,0.0894865550790653,12.7641,40.8031,45.8083,14.40415
AC-BA-BF-BH-BL-BO-BP-BT-BU-BV-CG-CH-DP-EL-ER-FP-RI,0.0,0.0,0.0,0.00038823514705880005,0.00038823514705880005,0.00038823514705880005,0.00038823514705880005,0.0,0.0,0.00038823514705880005,0.00038823514705880005,0.00038823514705880005,0.00038823514705880005,0.00038823514705880005,0.0,0.00038823514705880005,0.00038823514705880005,0.00038823514705880005,0.00038823514705880005,0.00038823514705880005,0.00038823514705880005,0.00038823514705880005,0.00038823514705880005,0.0,0.0,0.0,0.0,0.0,28.0,0.0
AC-BA-BF-BH-BL-BO-BP-BT-BU-BV-CG-CH-DP-EL-ER-FP-RI,16.0,0.0,0.0,0.007412968,0.179219395,0.19651632,0.171661075,0.0,0.0,0.059739798,0.004505922,0.016279458,0.189248704,0.203783935,0.0,0.002761694,0.000290705,0.078054189,0.071513335,0.000436057,0.016279458,0.341141865,0.001453523,0.0,0.0,0.0,15.42877712,48.66637932,38.993601,13.71602896
AC-BA-BF-BH-BL-BO-BP-BT-BU-BV-CG-CH-DP-EL-ER-FP-RI,32.0,0.0,0.0,0.005350555,0.136180253,0.178121699,0.17087256,0.0,0.0,0.049190586,0.005005358,0.016396862,0.104076923,0.206600459,0.0,0.003624569,0.000862993,0.106148106,0.27063452,0.000172599,0.01777765,0.229383467,0.001725985,0.0,0.0,0.0,15.86674792,48.0247582,42.64385516,13.20005168
AC-BA-BF-BH-BL-BO-BP-BT-BU-BV-CG-CH-DP-EL-ER-FP-RI,48.0,0.0,0.0,0.014184056607094049,0.17427802686638,0.19113096453491696,0.27148310016863225,0.0,0.0,0.03071113576452935,0.0034810503438727,0.00503180554106955,0.04490890445682165,0.1579348222729794,0.0,0.0026501927226215503,0.00090159324327495,0.08320253126293556,0.4886020027156156,0.00044638872482085,0.05720771933549586,0.14197957083614185,0.0004020425,0.0,0.0,0.0,16.7478119875,44.5735513975,39.792302254999996,15.182822609999999
AC-BA-BF-BH-BL-BV-CC-CG-DF-DP-EL-ER-FP-PC-RI,0.0,0.00044,0.0,0.00044,0.00044,0.0,0.0,0.0,0.0,0.0,0.00044,0.00044,0.00044,0.0,0.0,0.00044,0.00044,0.0,0.00044,0.00044,0.00044,0.00044,0.00044,0.00044,0.0,0.00044,0.0,0.0,28.0,0.0
AC-BA-BF-BH-BL-BV-CC-CG-DF-DP-EL-ER-FP-PC-RI,48.0,0.4471043102997263,0.0,0.0278530289286305,0.2102814093904467,0.0,0.0,0.0,0.0,0.0,0.0018710835682828,0.0052496877363036,0.3371889512002974,0.0,0.0,0.0079312635804927,0.0004366144026309,0.0,0.7739169674765731,0.0005302956461883,0.0668003094006235,0.0247443064855923,0.0059054564412031,0.0969076178812876,0.0,0.5121156062900222,33.40445,31.9795,17.2224,16.4155
AC-BA-BF-BH-BO-BT-BU-CC-CG-CH-DF-ER-FP-RI,0.0,0.0,0.0,0.0,0.0004714285714285,0.0004714285714285,0.0004714285714285,0.0,0.0,0.0004714285714285,0.0,0.0,0.0004714285714285,0.0,0.0,0.0,0.0004714285714285,0.0004714285714285,0.0004714285714285,0.0004714285714285,0.0004714285714285,0.0004714285714285,0.0004714285714285,0.0004714285714285,0.0,0.0004714285714285,0.0,0.0,28.0,0.0
AC-BA-BF-BH-BO-BT-BU-CC-CG-CH-DF-ER-FP-RI,48.0,0.0,0.0,0.0,0.2295433596036995,0.2387771856539622,0.2407110019244834,0.0,0.0,0.0309488488671142,0.0,0.0,0.1532246652142997,0.0,0.0,0.0,0.0008404240353323,0.0377609146782678,0.8492392902132213,0.001680112971463,0.0586323936630068,0.0175756682966879,0.0089951835351743,0.0915844403499436,0.0,0.2730358120939429,34.2523,27.73185,10.19705,19.9027
AC-BA-BF-BH-BO-BU-CA-CC-CH-DF-DL-DP-EL-ER-FP-PC-PJ,0.0,0.00038823514705880005,0.00038823514705880005,0.0,0.00038823514705880005,0.00038823514705880005,0.0,0.0,0.0,0.00038823514705880005,0.00038823514705880005,0.0,0.00038823514705880005,0.0,0.00038823514705880005,0.00038823514705880005,0.00038823514705880005,0.00038823514705880005,0.00038823514705880005,0.00038823514705880005,0.0,0.00038823514705880005,0.0,0.00038823514705880005,0.00038823514705880005,0.00038823514705880005,0.0,0.0,28.0,0.0
AC-BA-BF-BH-BO-BU-CA-CC-CH-DF-DL-DP-EL-ER-FP-PC-PJ,16.0,0.152705356,0.017541399,0.0,0.359938626,0.336278135,0.0,0.0,0.0,0.07451695,0.004079395,0.0,0.157056711,0.0,0.008838689,0.001223819,0.00013598,0.067310019,0.079548204,0.000679899,0.0,0.175278009,0.0,0.009382609,0.228582105,0.123605671,18.22885856,36.34701584,27.99296499,11.96597234
AC-BA-BF-BH-BO-BU-CA-CC-CH-DF-DL-DP-EL-ER-FP-PC-PJ,32.0,0.234466049,0.010798983,0.0,0.233550881,0.193466521,0.0,0.0,0.0,0.056740418,0.002196403,0.0,0.032213915,0.0,0.005857075,0.002196403,0.000549101,0.057106485,0.304933987,0.000366067,0.0,0.169123052,0.0,0.007687411,0.249657838,0.117873642,20.665254,41.84834328,29.90170063,16.8616868
AC-BA-BF-BH-BO-BU-CA-CC-CH-DF-DL-DP-EL-ER-FP-PC-PJ,48.0,0.18080899293553665,0.03345329764468105,0.0,0.27457487001725156,0.25753167831138396,0.0,0.0,0.0,0.040163861636405354,0.0030022793407983002,0.0,0.0714925058927683,0.0,0.02070439817487145,0.0018415677279873,0.0026239041412714,0.027105200956292652,0.5494806892801637,0.00070324583342075,0.0,0.0802963308751117,0.0,0.09530570478302874,0.10318464254425785,0.1276825864994251,31.62251113,34.3507454875,18.4905040775,20.307877032500002
AC-BA-BF-BH-BP-BT-BU-BV-BY-CA-CC-DF-PJ,0.0,0.0,0.0005076923076923,0.0005076923076923,0.0005076923076923,0.0,0.0005076923076923,0.0,0.0005076923076923,0.0005076923076923,0.0,0.0,0.0005076923076923,0.0005076923076923,0.0005076923076923,0.0,0.0,0.0,0.0005076923076923,0.0005076923076923,0.0,0.0,0.0,0.0005076923076923,0.0,0.0005076923076923,0.0,0.0,28.0,0.0
AC-BA-BF-BH-BP-BT-BU-BV-BY-CA-CC-DF-PJ,48.0,0.0,0.0312133427900045,0.0470058516752035,0.2185039590263167,0.0,0.2822870418021516,0.0,0.0986358601446385,0.010744442488634,0.0,0.0,0.1421844369497152,0.3170996546013629,0.0030637256191321,0.0,0.0,0.0,0.562452276956619,0.0004757665852572,0.0,0.0,0.0,0.0746938457287136,0.0,0.1525951079921716,22.016247045,47.3105436,31.036325385,10.1605988
AC-BA-BF-BL-BT-CC-CG-DF-DL-EL-ER-RI,0.0,0.0,0.0,0.0,0.0005499999999999,0.0,0.0005499999999999,0.0,0.0,0.0,0.0,0.0005499999999999,0.0005499999999999,0.0,0.0,0.0005499999999999,0.0,0.0,0.0005499999999999,0.0,0.0005499999999999,0.0005499999999999,0.0005499999999999,0.0005499999999999,0.0005499999999999,0.0005499999999999,0.0,0.0,28.0,0.0
AC-BA-BF-BL-BT-CC-CG-DF-DL-EL-ER-RI,48.0,0.0,0.0,0.0,0.1840199374935144,0.0,0.2555813564317765,0.0,0.0,0.0,0.0,0.0050514086013107,0.1477758841719677,0.0,0.0,0.0092958376935517,0.0,0.0,0.4136238157109119,0.0,0.1444592358011864,0.0233099564549514,0.00028798480805,0.0452466099411434,0.472262045772855,0.1808458841396673,49.673287275,32.649650005,1.144707375,11.19684408
AC-BA-BF-BL-BU-CA-CG-DP-EL-FP-RI,0.0,0.0,0.0,0.0,0.0006,0.0,0.0,0.0,0.0,0.0006,0.0006,0.0006,0.0006,0.0,0.0006,0.0006,0.0006,0.0,0.0006,0.0,0.0006,0.0,0.0006,0.0,0.0,0.0,0.0,0.0,28.0,0.0
AC-BA-BF-BL-BU-CA-CG-DP-EL-FP-RI,16.0,0.0,0.0,0.0,0.653899976,0.0,0.0,0.0,0.0,0.11885123,0.011346874,0.080446426,0.49548016,0.0,0.118996703,0.002327564,0.006837219,0.0,0.104740374,0.0,0.047715059,0.0,0.0048006,0.0,0.0,0.0,13.98745344,34.65300496,36.67985208,7.51790391
AC-BA-BF-BL-BU-CA-CG-DP-EL-FP-RI,32.0,0.0,0.0,0.0,0.355872727,0.0,0.0,0.015107804,0.0,0.11280494,0.008057496,0.011079057,0.19573,0.0,0.16400361,0.002014374,0.013429159,0.0,0.288223336,0.0,0.018465094,0.0,0.002517967,0.0,0.463473867,0.0,16.31855368,59.05753044,33.70580107,8.21950468
AC-BA-BF-BL-BU-CA-CG-DP-EL-FP-RI,48.0,0.0,0.0,0.0,0.5058459877534953,0.0,0.0,0.0,0.0,0.3219553259717073,0.05638132006911675,0.012359119906221249,0.34368739835789297,0.0,0.1137010158632791,0.0373896750633871,0.0071469126793546,0.0,0.46945709515566975,0.0,0.21771612348866784,0.0,0.0013534869555156,0.0,0.0200990075,0.0,42.954468665,39.8394528275,0.8492791175000001,11.1946819225
AC-BA-BF-BO-BU-CA-CC-CH-DF-DL-ER-FP-RI,0.0,0.0,0.0,0.0,0.0005076923076923,0.0005076923076923,0.0,0.0,0.0,0.0005076923076923,0.0,0.0,0.0005076923076923,0.0,0.0005076923076923,0.0,0.0005076923076923,0.0005076923076923,0.0005076923076923,0.0,0.0,0.0005076923076923,0.0005076923076923,0.0005076923076923,0.0005076923076923,0.0005076923076923,0.0,0.0,28.0,0.0
AC-BA-BF-BO-BU-CA-CC-CH-DF-DL-ER-FP-RI,48.0,0.0,0.0,0.0,0.193868046631414,0.1717103398845638,0.0,0.0,0.0,0.0251238650755729,0.0,0.0,0.2683401479986266,0.0,0.0539222371333608,0.0,0.0016467095706036,0.0234803368490828,0.7123704753629096,0.0,0.0,0.0303310648831204,0.0073362885879787,0.0311026993236752,0.5582299134359953,0.1438112911386953,27.3917,36.02035,32.06115,10.801
AC-BA-BF-BP-BV-CA-CC-DL-ER-FP-RI,0.0,0.0,0.0,0.0006,0.0006,0.0,0.0,0.0,0.0,0.0,0.0,0.0,0.0006,0.0006,0.0006,0.0,0.0006,0.0,0.0006,0.0,0.0,0.0006,0.0006,0.0006,0.0006,0.0,0.0,0.0,28.0,0.0
AC-BA-BF-BP-BV-CA-CC-DL-ER-FP-RI,48.0,0.0,0.0,0.0648724332259892,0.3032138111681371,0.0,0.0,0.0,0.0,0.0,0.0,0.0,0.2497723541215937,0.1721580275812966,0.012369075538813,0.0,0.002815557104017,0.0,0.7480395903459939,0.0,0.0,0.0140492965285175,0.0037359953390129,0.0459157733675491,0.545757756066731,0.0,29.98315,38.37815,28.74815,5.65355
AC-BA-BF-BP-BY-CC-CG-CH-DL-DP-EL,0.0,0.0,0.0,0.0,0.0006,0.0,0.0,0.0,0.0006,0.0,0.0006,0.0,0.0006,0.0006,0.0,0.0006,0.0,0.0006,0.0006,0.0,0.0006,0.0,0.0,0.0006,0.0006,0.0,0.0,0.0,28.0,0.0
AC-BA-BF-BP-BY-CC-CG-CH-DL-DP-EL,48.0,0.0,0.0,0.0,0.4265764864362058,0.0,0.0,0.0,0.1780555993902376,0.0,0.0078484641954357,0.0,0.1326737732787272,0.1930725912693533,0.0,0.0066682827997351,0.0,0.0340130475502831,0.5962349013867964,0.0,0.1132265805980726,0.0,0.0,0.0795987836266765,0.0687684280916308,0.0,27.452761025,44.205141690000005,29.93541954,8.33721577
AC-BA-BF-BP-BY-CC-DL-ER-FP-PJ-RI,0.0,0.0,0.0006,0.0,0.0006,0.0,0.0,0.0,0.0006,0.0,0.0,0.0,0.0006,0.0006,0.0,0.0,0.0006,0.0,0.0006,0.0,0.0,0.0006,0.0006,0.0006,0.0006,0.0,0.0,0.0,28.0,0.0
AC-BA-BF-BP-BY-CC-DL-ER-FP-PJ-RI,48.0,0.0,0.0046704054389384,0.0,0.3311056466759515,0.0,0.0,0.0,0.1177328516622117,0.0,0.0,0.0,0.2007732092170864,0.225622621483417,0.0,0.0,0.0022830154052126,0.0,0.7112621656883967,0.0,0.0,0.0132022459843093,0.0022648214767419,0.0340363925391244,0.5294474237993141,0.0,26.8197,42.0727,36.60285,6.41525
AC-BA-BF-BU-BV-BY-CG-CH-EL-FP-PC-PJ-RI,0.0,0.00050769215384615,0.00050769215384615,0.00050769215384615,0.00050769215384615,0.0,0.0,0.0,0.00050769215384615,0.00050769215384615,0.0,0.0,0.00050769215384615,0.0,0.0,0.00050769215384615,0.00050769215384615,0.00050769215384615,0.00050769215384615,0.0,0.00050769215384615,0.0,0.00050769215384615,0.0,0.0,0.0,0.0,0.0,28.0,0.0
AC-BA-BF-BU-BV-BY-CG-CH-EL-FP-PC-PJ-RI,16.0,0.988882362,0.016380789,0.066816376,0.455644576,0.0,0.0,0.0,0.161868059,0.088585582,0.0,0.0,0.21726099,0.0,0.0,0.000215537,0.001724294,0.12264038,0.096129367,0.0,0.039874289,0.0,0.002801977,0.0,0.0,0.0,27.724354,34.51369444,13.83075231,28.11259582
AC-BA-BF-BU-BV-BY-CG-CH-EL-FP-PC-PJ-RI,32.0,0.701723021,0.02038525,0.031623272,0.338970115,0.0,0.0,0.0,0.200977655,0.095131166,0.0,0.0,0.068734881,0.0,0.0,0.0,0.002874843,0.128583883,0.585422557,0.0,0.0407705,0.0,0.002352144,0.0,0.0,0.0,27.77576936,39.0649618,13.0004877,33.202224
AC-BA-BF-BU-BV-BY-CG-CH-EL-FP-PC-PJ-RI,48.0,0.6472533977232844,0.0375127315703769,0.0248732155762498,0.2834591467239635,0.0,0.0,0.0,0.1538275037157465,0.06366100208521824,0.0,0.0,0.1188764912000192,0.0,0.0,0.0008895501506272501,0.0019986313087674,0.13230570785557694,0.6665888248815031,0.0,0.07282581954497361,0.0,0.00183945861392015,0.0,0.0,0.0,35.2327660775,32.0406796925,6.486296230000001,33.45147294
AC-BA-BF-BU-CA-CC-CH-DL-DP-FP-PC-PJ-RI,0.0,0.00050769215384615,0.00050769215384615,0.0,0.00050769215384615,0.0,0.0,0.0,0.0,0.00050769215384615,0.00050769215384615,0.0,0.00050769215384615,0.0,0.00050769215384615,0.0,0.00050769215384615,0.00050769215384615,0.00050769215384615,0.0,0.0,0.0,0.00050769215384615,0.00050769215384615,0.00050769215384615,0.0,0.0,0.0,28.0,0.0
AC-BA-BF-BU-CA-CC-CH-DL-DP-FP-PC-PJ-RI,16.0,0.234724258,0.01835458,0.0,0.412375152,0.0,0.0,0.0,0.0,0.096060099,0.006162852,0.0,0.331454232,0.0,0.036843134,0.0,0.002143601,0.124730756,0.031082208,0.0,0.0,0.0,0.00187565,0.013129553,0.346191485,0.0,13.54771312,40.25249356,31.43729931,8.71148968
AC-BA-BF-BU-CA-CC-CH-DL-DP-FP-PC-PJ-RI,32.0,0.21358473,0.018061246,0.0,0.309561349,0.0,0.0,0.0,0.0,0.075605214,0.004830333,0.0,0.101016967,0.0,0.023311608,0.0,0.00189013,0.11613801,0.276589075,0.0,0.0,0.0,0.001260087,0.010920753,0.200353818,0.0,14.55722136,49.43749248,33.99626439,11.25567795
AC-BA-BF-BU-CA-CC-CH-DL-DP-FP-PC-PJ-RI,48.0,0.3626849902223116,0.0445214559997006,0.0,0.31283302540977853,0.0,0.0,0.0,0.0,0.0563488536657235,0.004194047457144899,0.0,0.07539854496943245,0.0,0.0130597810333084,0.0,0.00230916612080125,0.11488685288253254,0.5402928208882332,0.0,0.0,0.0,0.0010029025223774,0.1076642665655408,0.12848264895449624,0.0,18.442712622499997,49.1969392525,31.3751298275,16.7353864475
AC-BA-BH-BL-BO-BP-BT-BU-BV-EL-ER-FP-PJ-RI,0.0,0.0,0.0004714285714285,0.0004714285714285,0.0,0.0004714285714285,0.0004714285714285,0.0,0.0,0.0004714285714285,0.0,0.0004714285714285,0.0004714285714285,0.0004714285714285,0.0,0.0004714285714285,0.0004714285714285,0.0,0.0004714285714285,0.0004714285714285,0.0,0.0004714285714285,0.0004714285714285,0.0,0.0,0.0,0.0,0.0,28.0,0.0
AC-BA-BH-BL-BO-BP-BT-BU-BV-EL-ER-FP-PJ-RI,48.0,0.0,9.482038429406852e-05,0.0517216172185652,0.0,0.2524019588707195,0.370746973402939,0.0,0.0,0.0197168555880117,0.0,0.0097560096531361,0.1897558806089554,0.2943343911133845,0.0,0.0119983078011983,0.0033595944057477,0.0,0.709142215951988,0.0001870722243577,0.0,0.0340852414920996,0.0004715333772398,0.0,0.0,0.0,31.930527955,33.923480715,22.080997515,13.536815229999998
AC-BA-BH-BL-BO-BP-BT-BV-BY-DF-DL-EL-FP,0.0,0.0,0.0,0.00050769215384615,0.0,0.00050769215384615,0.00050769215384615,0.0,0.00050769215384615,0.0,0.0,0.00050769215384615,0.00050769215384615,0.00050769215384615,0.0,0.00050769215384615,0.00050769215384615,0.0,0.00050769215384615,0.00050769215384615,0.0,0.0,0.0,0.0,0.00050769215384615,0.00050769215384615,0.0,0.0,28.0,0.0
AC-BA-BH-BL-BO-BP-BT-BV-BY-DF-DL-EL-FP,16.0,0.0,0.0,0.032489812,0.0,0.135712654,0.261949113,0.0,0.118452441,0.0,0.0,0.019460044,0.158387836,0.093238993,0.0,0.002707484,0.000338436,0.0,0.08359358,0.0,0.0,0.0,0.0,0.0,0.441150735,0.319652374,21.38343968,48.45826064,31.17420095,14.57282178
AC-BA-BH-BL-BO-BP-BT-BV-BY-DF-DL-EL-FP,32.0,0.0,0.0,0.090431499,0.0,0.118181938,0.27672815,0.0,0.119540351,0.0,0.0,0.004851475,0.063263238,0.081310726,0.0,0.003104944,0.000388118,0.0,0.335916148,0.000970295,0.0,0.0,0.0,0.0,0.286237041,0.241215351,21.2879148,43.13432776,29.60274512,14.07976233
AC-BA-BH-BL-BO-BP-BT-BV-BY-DF-DL-EL-FP,48.0,0.0,0.0,0.036579603577523497,0.0,0.13578048620791666,0.2908853343513598,0.0,0.09435498579174555,0.0,0.0,0.0094411628420195,0.10204851228982106,0.1860984376217478,0.0,0.0054450426294739,0.00061951483952295,0.0,0.6206200395252801,0.0006627294113830999,0.0,0.0,0.0,0.0,0.1423815069986804,0.22293966143532995,24.4919857475,35.541177575,24.48598894,13.30817996
AC-BA-BH-BL-BO-BP-BV-CA-CC-CG-EL-ER-FP-RI,0.0,0.0,0.0,0.0004714285714285,0.0,0.0004714285714285,0.0,0.0,0.0,0.0,0.0,0.0004714285714285,0.0004714285714285,0.0004714285714285,0.0004714285714285,0.0004714285714285,0.0004714285714285,0.0,0.0004714285714285,0.0004714285714285,0.0004714285714285,0.0004714285714285,0.0004714285714285,0.0004714285714285,0.0,0.0,0.0,0.0,28.0,0.0
AC-BA-BH-BL-BO-BP-BV-CA-CC-CG-EL-ER-FP-RI,48.0,0.0,0.0,0.0708404217102166,0.0,0.11769324734957,0.0,0.0,0.0,0.0,0.0,0.0076873303488055,0.2221511691210999,0.2570699464539645,0.1779605386856986,0.0378739659826051,0.0006502329378489,0.0,1.0835902786727916,0.0012023481264314,0.053899945216995,0.1644837239374379,0.0005223004648467,0.1659506105879299,0.0,0.0,40.41,28.905,14.64,6.415
AC-BA-BH-BL-BO-BP-BV-CC-CG-DF-ER-FP-PC-RI,0.0,0.0004714285714285,0.0,0.0004714285714285,0.0,0.0004714285714285,0.0,0.0,0.0,0.0,0.0,0.0004714285714285,0.0004714285714285,0.0004714285714285,0.0,0.0,0.0004714285714285,0.0,0.0004714285714285,0.0004714285714285,0.0004714285714285,0.0004714285714285,0.0004714285714285,0.0004714285714285,0.0,0.0004714285714285,0.0,0.0,28.0,0.0
AC-BA-BH-BL-BO-BP-BV-CC-CG-DF-ER-FP-PC-RI,48.0,0.0236641404507694,0.0,0.0644405770708923,0.0,0.1525051650351944,0.0,0.0,0.0,0.0,0.0,0.0284626047733911,0.3069655415035793,0.4528472023335039,0.0,0.0,0.0025360919714171,0.0,1.0811490644235495,0.0014087276584207,0.0553710228873932,0.1570451971880265,0.000423000483786,0.1951816243026836,0.0,0.1794088058209371,29.595,35.615,23.62,6.315
AC-BA-BH-BL-BO-BP-BY-CC-CG-EL-ER-FP-PC-PJ-RI,0.0,0.00044,0.00044,0.0,0.0,0.00044,0.0,0.0,0.00044,0.0,0.0,0.00044,0.00044,0.00044,0.0,0.00044,0.00044,0.0,0.00044,0.00044,0.00044,0.00044,0.00044,0.00044,0.0,0.0,0.0,0.0,28.0,0.0
AC-BA-BH-BL-BO-BP-BY-CC-CG-EL-ER-FP-PC-PJ-RI,48.0,0.0384003975792855,0.0431475166402813,0.0,0.0,0.211852358834245,0.0,0.0,0.1542274942546347,0.0,0.0,0.0135131267555281,0.2989894920245828,0.4959426182694113,0.0,0.0165351276747861,0.0006298288306694,0.0,1.0743413877398151,0.0003822950819677,0.0721932277037267,0.1426794012903667,0.0007817888088791,0.1701369496791103,0.0,0.0,33.254999999999995,30.770000000000003,22.85,7.955
AC-BA-BH-BL-BO-BV-BY-CA-CH-DF-DL-PC-PJ,0.0,0.0005076923076923,0.0005076923076923,0.0005076923076923,0.0,0.0005076923076923,0.0,0.0,0.0005076923076923,0.0,0.0,0.0005076923076923,0.0005076923076923,0.0,0.0005076923076923,0.0,0.0,0.0005076923076923,0.0005076923076923,0.0005076923076923,0.0,0.0,0.0,0.0,0.0005076923076923,0.0005076923076923,0.0,0.0,28.0,0.0
AC-BA-BH-BL-BO-BV-BY-CA-CH-DF-DL-PC-PJ,48.0,0.0,0.0474268818691139,0.028516358813597,0.0,0.4101052467258587,0.0,0.0,0.1049007005448364,0.0,0.0,0.006778308635005,0.1041092397353721,0.0,0.0400125849914888,0.0,0.0,0.0866511838667818,0.7273171445882485,0.0004070148880226,0.0,0.0,0.0,0.0,0.2678047798373586,0.2512654261035441,35.68744886500001,32.61818797,4.193393985,18.88617078
AC-BA-BH-BL-BP-BT-BU-BV-CC-DP-EL-ER-FP-RI,0.0,0.0,0.0,0.0004714285714285,0.0,0.0,0.0004714285714285,0.0,0.0,0.0004714285714285,0.0004714285714285,0.0004714285714285,0.0004714285714285,0.0004714285714285,0.0,0.0004714285714285,0.0004714285714285,0.0,0.0004714285714285,0.0004714285714285,0.0,0.0004714285714285,0.0004714285714285,0.0004714285714285,0.0,0.0,0.0,0.0,28.0,0.0
AC-BA-BH-BL-BP-BT-BU-BV-CC-DP-EL-ER-FP-RI,48.0,0.0,0.0,0.0591579301668506,0.0,0.0,0.5015399023327802,0.0,0.0,0.0072676423954428,0.0047703311457117,0.0162868337442327,0.4377612219945429,0.5265944986317124,0.0,0.0220485161220274,0.0019606937714759,0.0,0.7011374172354811,0.0004753824626193,0.0,0.0236576574460501,0.0043486104309174,0.1421350274212094,0.0,0.0,31.1571,35.68155,30.484250000000003,6.6952
AC-BA-BH-BL-BP-BU-BY-CC-CG-DF-ER-FP-PJ-RI,0.0,0.0,0.0004714285714285,0.0,0.0,0.0,0.0,0.0,0.0004714285714285,0.0004714285714285,0.0,0.0004714285714285,0.0004714285714285,0.0004714285714285,0.0,0.0,0.0004714285714285,0.0,0.0004714285714285,0.0004714285714285,0.0004714285714285,0.0004714285714285,0.0004714285714285,0.0004714285714285,0.0,0.0004714285714285,0.0,0.0,28.0,0.0
AC-BA-BH-BL-BP-BU-BY-CC-CG-DF-ER-FP-PJ-RI,48.0,0.0,0.0503815061856429,0.0,0.0,0.0,0.0,0.0,0.1499995652141394,0.0788247532515445,0.0,0.0375870499131189,0.4100956995922226,0.4858245592516239,0.0,0.0,0.0049383895887397,0.0,1.1704805105492908,0.0012878730520019,0.0819764646391625,0.1914853941825798,0.0,0.1800815998823292,0.0,0.1788220463937801,31.08,33.62,21.23,5.445
AC-BA-BH-BL-BV-BY-CC-DF-DL-DP-EL-ER-FP-PJ-RI,0.0,0.0,0.00044,0.00044,0.0,0.0,0.0,0.0,0.00044,0.0,0.00044,0.00044,0.00044,0.0,0.0,0.00044,0.00044,0.0,0.00044,0.00044,0.0,0.00044,0.00044,0.00044,0.00044,0.00044,0.0,0.0,28.0,0.0
AC-BA-BH-BL-BV-BY-CC-DF-DL-DP-EL-ER-FP-PJ-RI,48.0,0.0,0.0105305879198742,0.0379760678994307,0.0,0.0,0.0,0.0,0.3607051559956923,0.0,0.0348788759437698,0.0004163708400412,0.0054350205408586,0.0,0.0,0.0244344571207451,0.0002113567943527,0.0,0.0008023329810969,0.0002081854200209,0.0,0.0255014904967939,0.0,0.0414434897101687,1.0873101209314546,0.0451678229559879,1.1061666666666663,42.6566,53.18953333333334,0.0
AC-BA-BH-BL-BV-BY-CG-DF-EL-ER-FP,0.0,0.0,0.0,0.0006,0.0,0.0,0.0,0.0,0.0006,0.0,0.0,0.0006,0.0006,0.0,0.0,0.0006,0.0006,0.0,0.0006,0.0006,0.0006,0.0006,0.0,0.0,0.0,0.0006,0.0,0.0,28.0,0.0
AC-BA-BH-BL-BV-BY-CG-DF-EL-ER-FP,48.0,0.0,0.0,0.0782100185202299,0.0,0.0,0.0,0.0,0.1205968504133727,0.0,0.0,0.009022246365537,0.3332968573880428,0.0,0.0,0.0131100758850016,0.0014591078907051,0.0,0.5066482198979694,0.0007572676404228,0.0844587961806821,0.1455835032375306,0.0,0.0,0.0,0.6783548785016069,46.664142255,26.039280775,0.97782747,12.7960192
AC-BA-BH-BL-BV-CA-CG-DF-FP-PC-PJ,0.0,0.0006,0.0006,0.0006,0.0,0.0,0.0,0.0,0.0,0.0,0.0,0.0006,0.0006,0.0,0.0006,0.0,0.0006,0.0,0.0006,0.0006,0.0006,0.0,0.0,0.0,0.0,0.0006,0.0,0.0,28.0,0.0
AC-BA-BH-BL-BV-CA-CG-DF-FP-PC-PJ,48.0,0.86381121459954,0.0755627030593911,0.0748697075113919,0.0,0.0,0.0,0.0,0.0,0.0,0.0,0.0062661743980291,0.2097549417963278,0.0,0.1625096129442065,0.0,0.0029508572816681,0.0,0.8664748402377265,0.0007958719465507,0.0922942680924803,0.0,0.0,0.0,0.0,0.1978046727874541,40.15792012,38.379349265,1.482749625,24.20926489
AC-BA-BH-BL-BY-CA-CH-DF-EL-PJ-RI,0.0,0.0,0.0006,0.0,0.0,0.0,0.0,0.0,0.0006,0.0,0.0,0.0006,0.0006,0.0,0.0006,0.0006,0.0,0.0006,0.0006,0.0006,0.0,0.0,0.0006,0.0,0.0,0.0006,0.0,0.0,28.0,0.0
AC-BA-BH-BL-BY-CA-CH-DF-EL-PJ-RI,48.0,0.0,0.1140644035342759,0.0,0.0,0.0,0.0,0.0,0.3051520470298924,0.0,0.0,0.0081040409969544,0.3180422248295464,0.0,0.0324238394559168,0.0364418622939097,0.0,0.1169132345388061,0.4411475483986675,0.0049871021519719,0.0,0.0,0.0003951318664831,0.0,0.0,0.5805632697301022,48.30131452,31.05881945,0.72438627,7.985187435
AC-BA-BH-BL-BY-CC-CH-DL-DP-ER-FP-PC-PJ-RI,0.0,0.0004714285714285,0.0004714285714285,0.0,0.0,0.0,0.0,0.0,0.0004714285714285,0.0,0.0004714285714285,0.0004714285714285,0.0004714285714285,0.0,0.0,0.0,0.0004714285714285,0.0004714285714285,0.0004714285714285,0.0004714285714285,0.0,0.0004714285714285,0.0004714285714285,0.0004714285714285,0.0004714285714285,0.0,0.0,0.0,28.0,0.0
AC-BA-BH-BL-BY-CC-CH-DL-DP-ER-FP-PC-PJ-RI,48.0,0.0483026141754185,0.0717772613887754,0.0,0.0,0.0,0.0,0.0,0.1249429984280152,0.0,0.0075729392064481,0.0282872896333064,0.2613017858494946,0.0,0.0,0.0,0.0027063672887767,0.0898813040424568,0.8705989527188303,0.0005222914915583,0.0,0.150872352082459,0.0005342270757196,0.2439503959446086,0.3816751496455841,0.0,18.175,36.205,39.915,0.0
AC-BA-BH-BL-CA-CC-CH-EL-ER-FP-PC-PJ-RI,0.0,0.0005076923076923,0.0005076923076923,0.0,0.0,0.0,0.0,0.0,0.0,0.0,0.0,0.0005076923076923,0.0005076923076923,0.0,0.0005076923076923,0.0005076923076923,0.0005076923076923,0.0005076923076923,0.0005076923076923,0.0005076923076923,0.0,0.0005076923076923,0.0005076923076923,0.0005076923076923,0.0,0.0,0.0,0.0,28.0,0.0
AC-BA-BH-BL-CA-CC-CH-EL-ER-FP-PC-PJ-RI,48.0,0.3407663672715588,0.0601829200608542,0.0,0.0,0.0,0.0,0.0,0.0,0.0,0.0,0.008922758633204,0.3582039662958061,0.0,0.071186074350288,0.1718408386593521,0.00045332099527,0.0466516407743324,0.38827240491027,0.0053742971988609,0.0,0.1286581254389469,0.0008801405100661,0.705499600915251,0.0,0.0,53.48,11.235,0.0,12.02
AC-BA-BH-BL-CA-CC-ER-FP-PC-PJ-RI,0.0,0.0006,0.0006,0.0,0.0,0.0,0.0,0.0,0.0,0.0,0.0,0.0006,0.0006,0.0,0.0006,0.0,0.0006,0.0,0.0006,0.0006,0.0,0.0006,0.0006,0.0006,0.0,0.0,0.0,0.0,28.0,0.0
AC-BA-BH-BL-CA-CC-ER-FP-PC-PJ-RI,48.0,0.6402416612769102,0.074693221461058,0.0,0.0,0.0,0.0,0.0,0.0,0.0,0.0,0.0230337208971487,0.2755962075034208,0.0,0.1679452833838586,0.0,0.0010608858266267,0.0,0.8212522297312168,0.0025508087861085,0.0,0.2010967948328743,0.0011872555653813,0.4156051054559004,0.0,0.0,46.02,18.52,0.565,12.82
AC-BA-BH-BO-BP-BY-CC-CG-EL-ER-FP-PJ-RI,0.0,0.0,0.0005076923076923,0.0,0.0,0.0005076923076923,0.0,0.0,0.0005076923076923,0.0,0.0,0.0,0.0005076923076923,0.0005076923076923,0.0,0.0005076923076923,0.0005076923076923,0.0,0.0005076923076923,0.0005076923076923,0.0005076923076923,0.0005076923076923,0.0005076923076923,0.0005076923076923,0.0,0.0,0.0,0.0,28.0,0.0
AC-BA-BH-BO-BP-BY-CC-CG-EL-ER-FP-PJ-RI,48.0,0.0,0.0401738621406825,0.0,0.0,0.2358640937057795,0.0,0.0,0.1163499600584472,0.0,0.0,0.0,0.2928981423258358,0.3738917020616522,0.0,0.0287731711361376,0.0002734003458713,0.0,1.0798734754518529,0.0007040317451891,0.0532745353186254,0.1715418616157536,0.0009774320910605,0.1280937500461118,0.0,0.0,40.835,28.29,13.835,8.399999999999999
AC-BA-BH-BO-BP-BY-CC-DF-ER-FP-PJ-RI,0.0,0.0,0.0005499999999999,0.0,0.0,0.0005499999999999,0.0,0.0,0.0005499999999999,0.0,0.0,0.0,0.0005499999999999,0.0005499999999999,0.0,0.0,0.0005499999999999,0.0,0.0005499999999999,0.0005499999999999,0.0,0.0005499999999999,0.0005499999999999,0.0005499999999999,0.0,0.0005499999999999,0.0,0.0,28.0,0.0
AC-BA-BH-BO-BP-BY-CC-DF-ER-FP-PJ-RI,48.0,0.0,0.0520712430183961,0.0,0.0,0.2401998096710935,0.0,0.0,0.1113869879246742,0.0,0.0,0.0,0.2869935531368305,0.4472716362428065,0.0,0.0,0.0041544541467467,0.0,1.1856642972724334,0.0006840213358065,0.0,0.1783148283213385,0.0014692547602828,0.2552549969571938,0.0,0.1998364772895234,33.05,31.9,19.875,6.525
AC-BA-BH-BO-BP-BY-CC-DL-DP-ER-FP-PJ-RI,0.0,0.0,0.0005076923076923,0.0,0.0,0.0005076923076923,0.0,0.0,0.0005076923076923,0.0,0.0005076923076923,0.0,0.0005076923076923,0.0005076923076923,0.0,0.0,0.0005076923076923,0.0,0.0005076923076923,0.0005076923076923,0.0,0.0005076923076923,0.0005076923076923,0.0005076923076923,0.0005076923076923,0.0,0.0,0.0,28.0,0.0
AC-BA-BH-BO-BP-BY-CC-DL-DP-ER-FP-PJ-RI,48.0,0.0,0.0704500503809878,0.0,0.0,0.2955587300255938,0.0,0.0,0.1078492916781642,0.0,0.0074083763211745,0.0,0.1643998628978656,0.3437388779795145,0.0,0.0,0.0049042235324123,0.0,0.8229612342825705,0.0012059322207395,0.0,0.0946527382016448,0.0013218079636815,0.2721639637415508,0.2835471563238245,0.0,14.945,44.48,45.35,5.26
AC-BA-BH-BO-BP-CA-CC-CG-CH-DF-ER-FP-RI,0.0,0.0,0.0,0.0,0.0,0.0005076923076923,0.0,0.0,0.0,0.0,0.0,0.0,0.0005076923076923,0.0005076923076923,0.0005076923076923,0.0,0.0005076923076923,0.0005076923076923,0.0005076923076923,0.0005076923076923,0.0005076923076923,0.0005076923076923,0.0005076923076923,0.0005076923076923,0.0,0.0005076923076923,0.0,0.0,28.0,0.0
AC-BA-BH-BO-BP-CA-CC-CG-CH-DF-ER-FP-RI,48.0,0.0,0.0,0.0,0.0,0.3849868905036447,0.0,0.0,0.0,0.0,0.0,0.0,0.1802728061189721,0.2727778452551461,0.1070518379621933,0.0,0.0016999590201764,0.0983793863991568,1.18186600454646,0.0019413407853409,0.0552010923345904,0.1796926741199383,0.0006073119119215,0.2132697025641401,0.0,0.2009291261223045,34.55,34.215,17.14,7.225
AC-BA-BH-BO-BT-BY-CC-DL-EL-ER-FP-PC-RI,0.0,0.0005076923076923,0.0,0.0,0.0,0.0005076923076923,0.0005076923076923,0.0,0.0005076923076923,0.0,0.0,0.0,0.0005076923076923,0.0,0.0,0.0005076923076923,0.0005076923076923,0.0,0.0005076923076923,0.0005076923076923,0.0,0.0005076923076923,0.0005076923076923,0.0005076923076923,0.0005076923076923,0.0,0.0,0.0,28.0,0.0
AC-BA-BH-BO-BT-BY-CC-DL-EL-ER-FP-PC-RI,48.0,0.0977430544403405,0.0,0.0,0.0,0.051306407579895,0.2071387506022168,0.0,0.0773944114340779,0.0,0.0,0.0,0.3097515657620048,0.0,0.0,0.012870081901397,0.0012174401798613,0.0,0.4238431026176332,0.0006956801027772,0.0,0.0231313634173761,0.0024348803597248,0.0191312028264013,0.9376028585193504,0.0,40.0254,30.5239,21.4147,12.0618
AC-BA-BH-BO-BU-BV-BY-CC-CH-ER-FP-PC-PJ-RI,0.0,0.0004714285714285,0.0004714285714285,0.0004714285714285,0.0,0.0004714285714285,0.0,0.0,0.0004714285714285,0.0004714285714285,0.0,0.0,0.0004714285714285,0.0,0.0,0.0,0.0004714285714285,0.0004714285714285,0.0004714285714285,0.0004714285714285,0.0,0.0004714285714285,0.0004714285714285,0.0004714285714285,0.0,0.0,0.0,0.0,28.0,0.0
AC-BA-BH-BO-BU-BV-BY-CC-CH-ER-FP-PC-PJ-RI,48.0,0.4437956745634909,0.0035214213778503,0.06234549090026,0.0,0.2645776752412116,0.0,0.0,0.1279115371779906,0.0414913598169625,0.0,0.0,0.2751869068604092,0.0,0.0,0.0,0.0053629751247639,0.0545159492702473,1.25584469363047,0.0006918468820335,0.0,0.0349779033013154,0.0059180106778953,0.1721391235730008,0.0,0.0,30.5103,34.1597,17.6419,25.1112
AC-BA-BH-BO-BU-BV-CA-CC-CG-CH-ER-FP-PC-PJ-RI,0.0,0.00044,0.00044,0.00044,0.0,0.00044,0.0,0.0,0.0,0.00044,0.0,0.0,0.00044,0.0,0.00044,0.0,0.00044,0.00044,0.00044,0.00044,0.00044,0.00044,0.00044,0.00044,0.0,0.0,0.0,0.0,28.0,0.0
AC-BA-BH-BO-BU-BV-CA-CC-CG-CH-ER-FP-PC-PJ-RI,48.0,0.512466130217327,0.0043205822443279,0.0898125556362924,0.0,0.3445048983346267,0.0,0.0,0.0,0.0477210444703294,0.0,0.0,0.2327174370849527,0.0,0.1262923848664301,0.0,0.0032821259399645,0.0540136692048671,1.1133546474172895,0.0010384563043648,0.0506958672145092,0.0190591921766481,0.0074956266597249,0.1363255291144022,0.0,0.0,37.2434,33.52005,2.6169,26.69025
AC-BA-BH-BP-BT-BU-BV-CA-CC-DF-DL-DP-RI,0.0,0.0,0.0,0.0005076923076923,0.0,0.0,0.0005076923076923,0.0,0.0,0.0005076923076923,0.0005076923076923,0.0,0.0005076923076923,0.0005076923076923,0.0005076923076923,0.0,0.0,0.0,0.0005076923076923,0.0005076923076923,0.0,0.0,0.0005076923076923,0.0005076923076923,0.0005076923076923,0.0005076923076923,0.0,0.0,28.0,0.0
AC-BA-BH-BP-BT-BU-BV-CA-CC-DF-DL-DP-RI,48.0,0.0,0.0,0.0488321802729701,0.0,0.0,0.4573582224002719,0.0,0.0,0.0065896602812938,0.0077695289394478,0.0,0.2049613346489186,0.4287656023600685,0.0061703904280759,0.0,0.0,0.0,0.7258582855230801,0.000986762422348,0.0,0.0,0.0003997846278429,0.1174315953718788,0.0235559816790738,0.1517246563572176,17.522763904999998,50.1176167,41.27923495,6.904285765000001
AC-BA-BH-BP-BT-CC-DF-DL-EL-ER-FP-RI,0.0,0.0,0.0,0.0,0.0,0.0,0.0005499999999999,0.0,0.0,0.0,0.0,0.0,0.0005499999999999,0.0005499999999999,0.0,0.0005499999999999,0.0005499999999999,0.0,0.0005499999999999,0.0005499999999999,0.0,0.0005499999999999,0.0005499999999999,0.0005499999999999,0.0005499999999999,0.0005499999999999,0.0,0.0,28.0,0.0
AC-BA-BH-BP-BT-CC-DF-DL-EL-ER-FP-RI,48.0,0.0,0.0,0.0,0.0,0.0,0.3324482061199791,0.0,0.0,0.0,0.0,0.0,0.2428868730617077,0.1811478473648133,0.0,0.011983748417493,0.0015063382668326,0.0,0.7055621725468748,0.0006084820458562,0.0,0.0112333881563056,0.0020534803399792,0.0102655291184058,0.6629920900718331,0.1134534541787749,30.329,36.43335,33.56895,0.0
AC-BA-BH-BP-BU-BY-CA-CC-CG-DF-ER-FP-RI,0.0,0.0,0.0,0.0,0.0,0.0,0.0,0.0,0.0005076923076923,0.0005076923076923,0.0,0.0,0.0005076923076923,0.0005076923076923,0.0005076923076923,0.0,0.0005076923076923,0.0,0.0005076923076923,0.0005076923076923,0.0005076923076923,0.0005076923076923,0.0005076923076923,0.0005076923076923,0.0,0.0005076923076923,0.0,0.0,28.0,0.0
AC-BA-BH-BP-BU-BY-CA-CC-CG-DF-ER-FP-RI,48.0,0.0,0.0,0.0,0.0,0.0,0.0,0.0,0.1301168287808859,0.0503953514989586,0.0,0.0,0.2748894531911298,0.4571620982106719,0.1893696314615672,0.0,0.0030089510602747,0.0,0.9587233442636228,0.0015773305069147,0.0594379304951393,0.1924625886015858,0.0012890954725785,0.1327937507820499,0.0,0.1740792438595337,40.61,31.665,12.6,6.465
AC-BA-BH-BP-BY-CA-CC-CH-DF-ER-FP-PJ-RI,0.0,0.0,0.0005076923076923,0.0,0.0,0.0,0.0,0.0,0.0005076923076923,0.0,0.0,0.0,0.0005076923076923,0.0005076923076923,0.0005076923076923,0.0,0.0005076923076923,0.0005076923076923,0.0005076923076923,0.0005076923076923,0.0,0.0005076923076923,0.0005076923076923,0.0005076923076923,0.0,0.0005076923076923,0.0,0.0,28.0,0.0
AC-BA-BH-BP-BY-CA-CC-CH-DF-ER-FP-PJ-RI,48.0,0.0,0.0504378955759302,0.0,0.0,0.0,0.0,0.0,0.1439891680679246,0.0,0.0,0.0,0.3759935736054443,0.4055527099625227,0.0555933118570137,0.0,0.0022920745929265,0.1188587140760159,1.1524399880344087,0.0008686655086472,0.0,0.2072398798964047,0.0004584149185856,0.1959781408291511,0.0,0.1695797445736465,27.57,33.3,25.845,4.125
AC-BA-BH-BP-BY-CA-CC-DF-ER-FP-RI,0.0,0.0,0.0,0.0,0.0,0.0,0.0,0.0,0.0006,0.0,0.0,0.0,0.0006,0.0006,0.0006,0.0,0.0006,0.0,0.0006,0.0006,0.0,0.0006,0.0006,0.0006,0.0,0.0006,0.0,0.0,28.0,0.0
AC-BA-BH-BP-BY-CA-CC-DF-ER-FP-RI,48.0,0.0,0.0,0.0,0.0,0.0,0.0,0.0,0.1130256305827644,0.0,0.0,0.0,0.3786744145191094,0.3958093204672207,0.09632493785807,0.0,0.0014643581350687,0.0,0.9512241423090068,0.0017378102287,0.0,0.1470802542846785,0.0004988075254312,0.1155600912021462,0.0,0.1606216687098246,27.5,26.015,17.54,3.23
AC-BA-BH-BP-BY-CC-CG-DF-ER-FP-PC-PJ-RI,0.0,0.0005076923076923,0.0005076923076923,0.0,0.0,0.0,0.0,0.0,0.0005076923076923,0.0,0.0,0.0,0.0005076923076923,0.0005076923076923,0.0,0.0,0.0005076923076923,0.0,0.0005076923076923,0.0005076923076923,0.0005076923076923,0.0005076923076923,0.0005076923076923,0.0005076923076923,0.0,0.0005076923076923,0.0,0.0,28.0,0.0
AC-BA-BH-BP-BY-CC-CG-DF-ER-FP-PC-PJ-RI,48.0,0.0496213164139759,0.0613720917895939,0.0,0.0,0.0,0.0,0.0,0.141570440753767,0.0,0.0,0.0,0.4132285326037424,0.3651545453755728,0.0,0.0,0.0034166942798182,0.0,1.1457889916371595,0.0021226335570867,0.1000114580342751,0.185590965600192,0.0011804825565768,0.2023729256099667,0.0,0.2969829201756309,32.03,27.980000000000004,14.265,5.35
AC-BA-BH-BP-BY-CC-CG-DF-ER-FP-RI,0.0,0.0,0.0,0.0,0.0,0.0,0.0,0.0,0.0006,0.0,0.0,0.0,0.0006,0.0006,0.0,0.0,0.0006,0.0,0.0006,0.0006,0.0006,0.0006,0.0006,0.0006,0.0,0.0006,0.0,0.0,28.0,0.0
AC-BA-BH-BP-BY-CC-CG-DF-ER-FP-RI,48.0,0.0,0.0,0.0,0.0,0.0,0.0,0.0,0.1283544791052834,0.0,0.0,0.0,0.3308355621865124,0.4548713502671387,0.0,0.0,0.0026733381497945,0.0,0.9142503863091576,0.0010129860316461,0.0716251366188195,0.1353098831635075,0.0007520312817108,0.1420522893974409,0.0,0.2175665802018946,36.34,29.795,14.32,4.93
AC-BA-BH-BU-BV-CA-CC-DF-EL-ER-FP-RI,0.0,0.0,0.0,0.0005499999999999,0.0,0.0,0.0,0.0,0.0,0.0005499999999999,0.0,0.0,0.0005499999999999,0.0,0.0005499999999999,0.0005499999999999,0.0005499999999999,0.0,0.0005499999999999,0.0005499999999999,0.0,0.0005499999999999,0.0005499999999999,0.0005499999999999,0.0,0.0005499999999999,0.0,0.0,28.0,0.0
AC-BA-BH-BU-BV-CA-CC-DF-EL-ER-FP-RI,48.0,0.0,0.0,0.0759399042532176,0.0,0.0,0.0,0.0,0.0,0.0534608576816155,0.0,0.0,0.3185576479829899,0.0,0.252175671738589,0.0171582628050438,0.0002516118021841,0.0,0.4722203128527887,0.0104486147467919,0.0,0.1294091284596781,0.0006508366083857,0.3061227959542232,0.0,0.5182454058125422,54.55,15.405,0.0,5.97
AC-BA-BH-BU-CA-CC-CH-ER-FP-PJ-RI,0.0,0.0,0.0006,0.0,0.0,0.0,0.0,0.0,0.0,0.0006,0.0,0.0,0.0006,0.0,0.0006,0.0,0.0006,0.0006,0.0006,0.0006,0.0,0.0006,0.0006,0.0006,0.0,0.0,0.0,0.0,28.0,0.0
AC-BA-BH-BU-CA-CC-CH-ER-FP-PJ-RI,48.0,0.0,0.0443595672910455,0.0,0.0,0.0,0.0,0.0,0.0,0.2796333140252219,0.0,0.0,0.3807140206489819,0.0,0.2362387507728748,0.0,0.0013320463288435,0.0460343406390066,0.5427484789194807,0.0048048538164366,0.0,0.1829081273463821,0.0003078007353997,0.6196977468518112,0.0,0.0,52.57,25.925,0.0,6.245
AC-BA-BH-BU-CA-CC-DF-ER-FP-PC-RI,0.0,0.0006,0.0,0.0,0.0,0.0,0.0,0.0,0.0,0.0006,0.0,0.0,0.0006,0.0,0.0006,0.0,0.0006,0.0,0.0006,0.0006,0.0,0.0006,0.0006,0.0006,0.0,0.0006,0.0,0.0,28.0,0.0
AC-BA-BH-BU-CA-CC-DF-ER-FP-PC-RI,48.0,0.2636155653395472,0.0,0.0,0.0,0.0,0.0,0.0,0.0,0.0494243070700683,0.0,0.0,0.2537444228489834,0.0,0.2147942490522241,0.0,0.000656706322615,0.0,0.5430567562273201,0.002277597446701,0.0,0.191352511428385,0.0009060444951173,0.2109817539495121,0.0,0.4219065542064494,49.045,21.335,0.0,10.01
AC-BA-BH-BV-CC-DF-ER-FP-PC-PJ-RI,0.0,0.0006,0.0006,0.0006,0.0,0.0,0.0,0.0,0.0,0.0,0.0,0.0,0.0006,0.0,0.0,0.0,0.0006,0.0,0.0006,0.0006,0.0,0.0006,0.0006,0.0006,0.0,0.0006,0.0,0.0,28.0,0.0
AC-BA-BH-BV-CC-DF-ER-FP-PC-PJ-RI,48.0,0.1699951815790925,0.0445092504412636,0.0433425276399091,0.0,0.0,0.0,0.0,0.0,0.0,0.0,0.0,0.3100263922790295,0.0,0.0,0.0,0.0027266025967892,0.0,0.9539822745435258,0.0009442227686678,0.0,0.1538341331834797,0.0003564759656242,0.4666412135159738,0.0,0.2508959834708669,39.675,23.015,10.155,12.3
AC-BA-BH-CA-CC-EL-ER-FP-PC-PJ-RI,0.0,0.0006,0.0006,0.0,0.0,0.0,0.0,0.0,0.0,0.0,0.0,0.0,0.0006,0.0,0.0006,0.0006,0.0006,0.0,0.0006,0.0006,0.0,0.0006,0.0006,0.0006,0.0,0.0,0.0,0.0,28.0,0.0
AC-BA-BH-CA-CC-EL-ER-FP-PC-PJ-RI,48.0,0.1979625097880469,0.0606400784019929,0.0,0.0,0.0,0.0,0.0,0.0,0.0,0.0,0.0,0.3248985141356236,0.0,0.1716288582062609,0.0160163829419071,0.000758884856996,0.0,0.6123749677334182,0.0042167302437192,0.0,0.1218543545872115,0.0002923346461899,0.4933521965485838,0.0,0.0,58.135000000000005,16.52,0.0,11.385
AC-BA-BH-CA-CH,0.0,0.0,0.0,0.0,0.0,0.0,0.0,0.0,0.0,0.0,0.0,0.0,0.00132,0.0,0.00132,0.0,0.0,0.00132,0.00132,0.00132,0.0,0.0,0.0,0.0,0.0,0.0,0.0,0.0,28.0,0.0
AC-BA-BH-CA-CH,48.0,0.0,0.0,0.0,0.0,0.0,0.0,0.0,0.0,0.0,0.0,0.0,0.263760720644009,0.0,0.2789748724329491,0.0,0.0,0.0867469292635308,0.421102447075331,4.590324796388969e-05,0.0,0.0,0.0,0.0,0.0,0.0,36.6287052,2.19565,4.61215,0.58605
AC-BA-BH-CC-CG-CH-EL-ER-FP-PC-PJ-RI,0.0,0.0005499999999999,0.0005499999999999,0.0,0.0,0.0,0.0,0.0,0.0,0.0,0.0,0.0,0.0005499999999999,0.0,0.0,0.0005499999999999,0.0005499999999999,0.0005499999999999,0.0005499999999999,0.0005499999999999,0.0005499999999999,0.0005499999999999,0.0005499999999999,0.0005499999999999,0.0,0.0,0.0,0.0,28.0,0.0
AC-BA-BH-CC-CG-CH-EL-ER-FP-PC-PJ-RI,48.0,0.8207143536405539,0.0042470797242816,0.0,0.0,0.0,0.0,0.0,0.0,0.0,0.0,0.0,0.4075696339496187,0.0,0.0,0.0802541936658755,0.0013013983023681,0.0050283082116519,0.702704776356402,0.0010461822192304,0.1759362565749498,0.0071050924121555,0.0064329554860147,0.0502090460906858,0.0,0.0,45.296850000000006,30.08575,0.0,23.8827
AC-BA-BH-CH,0.0,0.0,0.0,0.0,0.0,0.0,0.0,0.0,0.0,0.0,0.0,0.0,0.00165,0.0,0.0,0.0,0.0,0.00165,0.00165,0.00165,0.0,0.0,0.0,0.0,0.0,0.0,0.0,0.0,28.0,0.0
AC-BA-BH-CH,48.0,0.0,0.0,0.0,0.0,0.0,0.0,0.0,0.0,0.0,0.0,0.0,0.2930413622902272,0.0,0.0,0.0,0.0,0.1504020236920034,0.8641377920368547,0.0003234452122413,0.0,0.0,0.0,0.0,0.0,0.0,24.508,12.5769,11.41,0.0
AC-BA-BL-BO-BP-BV-BY-CC-CG-CH-DF-ER-FP-PC-RI,0.0,0.00044,0.0,0.00044,0.0,0.00044,0.0,0.0,0.00044,0.0,0.0,0.00044,0.00044,0.00044,0.0,0.0,0.00044,0.00044,0.00044,0.0,0.00044,0.00044,0.00044,0.00044,0.0,0.00044,0.0,0.0,28.0,0.0
AC-BA-BL-BO-BP-BV-BY-CC-CG-CH-DF-ER-FP-PC-RI,48.0,0.057997997853606,0.0,0.024790463899121,0.0,0.262478114962313,0.0,0.0,0.0918611784803025,0.0,0.0,0.0156805761565403,0.2948586641083417,0.2857386935180185,0.0,0.0,0.0027780751218658,0.1190501766867143,0.92822001439928,0.0,0.0731761635877519,0.1378661392751546,0.0006713782766656,0.1884381610734043,0.0,0.1674698279649992,27.82,41.765,28.57,13.515
AC-BA-BL-BO-BP-BV-BY-CC-CG-CH-ER-FP-PC-RI,0.0,0.0004714285714285,0.0,0.0004714285714285,0.0,0.0004714285714285,0.0,0.0,0.0004714285714285,0.0,0.0,0.0004714285714285,0.0004714285714285,0.0004714285714285,0.0,0.0,0.0004714285714285,0.0004714285714285,0.0004714285714285,0.0,0.0004714285714285,0.0004714285714285,0.0004714285714285,0.0004714285714285,0.0,0.0,0.0,0.0,28.0,0.0
AC-BA-BL-BO-BP-BV-BY-CC-CG-CH-ER-FP-PC-RI,48.0,0.0522512774703809,0.0,0.0176374455798891,0.0,0.2300748448571277,0.0,0.0,0.0982235824738606,0.0,0.0,0.0251394867541043,0.2997528558665797,0.3332856531833215,0.0,0.0,0.0020035451524812,0.1382653832837141,1.0536062386817062,0.0,0.0617787905813798,0.1636978522930054,0.0005946994055075,0.2629802528008781,0.0,0.0,27.165,32.965,18.765,12.41
AC-BA-BL-BO-BP-BY-CC-DF-ER-FP-PC-RI,0.0,0.0005499999999999,0.0,0.0,0.0,0.0005499999999999,0.0,0.0,0.0005499999999999,0.0,0.0,0.0005499999999999,0.0005499999999999,0.0005499999999999,0.0,0.0,0.0005499999999999,0.0,0.0005499999999999,0.0,0.0,0.0005499999999999,0.0005499999999999,0.0005499999999999,0.0,0.0005499999999999,0.0,0.0,28.0,0.0
AC-BA-BL-BO-BP-BY-CC-DF-ER-FP-PC-RI,48.0,0.0513681249180377,0.0,0.0,0.0,0.2375889947290277,0.0,0.0,0.1168428365162932,0.0,0.0,0.0472215213059838,0.2682449418120137,0.4352156198310838,0.0,0.0,0.0052267339269168,0.0,1.046946606176684,0.0,0.0,0.1303398376722268,0.0011169122188421,0.1672171482704367,0.0,0.2115030327130282,29.56,31.61,22.475,5.775
AC-BA-BL-BO-BP-CC-CG-CH-DF-DL-EL-ER-FP-RI,0.0,0.0,0.0,0.0,0.0,0.0004714285714285,0.0,0.0,0.0,0.0,0.0,0.0004714285714285,0.0004714285714285,0.0004714285714285,0.0,0.0004714285714285,0.0004714285714285,0.0004714285714285,0.0004714285714285,0.0,0.0004714285714285,0.0004714285714285,0.0004714285714285,0.0004714285714285,0.0004714285714285,0.0004714285714285,0.0,0.0,28.0,0.0
AC-BA-BL-BO-BP-CC-CG-CH-DF-DL-EL-ER-FP-RI,48.0,0.0,0.0,0.0,0.0,0.2715340463584753,0.0,0.0,0.0,0.0,0.0,0.0170805142131376,0.2463530044593671,0.2090986285953867,0.0,0.0116628826951275,0.0006079055533334,0.0537635822123517,0.7110108820320119,0.0,0.0529080624732476,0.151276084931478,0.0003270522388053,0.0784530555087744,0.5959218610754402,0.1062910739848012,28.9,37.03,27.39,5.585000000000001
AC-BA-BL-BO-BU-BY-CA-CH-DF-FP-PJ-RI,0.0,0.0,0.0005499999999999,0.0,0.0,0.0005499999999999,0.0,0.0,0.0005499999999999,0.0005499999999999,0.0,0.0005499999999999,0.0005499999999999,0.0,0.0005499999999999,0.0,0.0005499999999999,0.0005499999999999,0.0005499999999999,0.0,0.0,0.0,0.0005499999999999,0.0,0.0,0.0005499999999999,0.0,0.0,28.0,0.0
AC-BA-BL-BO-BU-BY-CA-CH-DF-FP-PJ-RI,48.0,0.0,0.0549459176171615,0.0,0.0,0.1437824948715502,0.0,0.0,0.0387227286582661,0.0516665142134828,0.0,0.0104557450312024,0.1816026288231596,0.0,0.1764574972551402,0.0,0.0039835500249244,0.1141063113159856,0.3764362884405457,0.0,0.0,0.0,0.0003485046857953,0.0,0.0,0.6966245645668425,39.16955915,36.141328175,1.04817531,11.13081724
AC-BA-BL-BO-BV-CA-CC-CH-DF-ER-FP-PJ-RI,0.0,0.0,0.0005076923076923,0.0005076923076923,0.0,0.0005076923076923,0.0,0.0,0.0,0.0,0.0,0.0005076923076923,0.0005076923076923,0.0,0.0005076923076923,0.0,0.0005076923076923,0.0005076923076923,0.0005076923076923,0.0,0.0,0.0005076923076923,0.0005076923076923,0.0005076923076923,0.0,0.0005076923076923,0.0,0.0,28.0,0.0
AC-BA-BL-BO-BV-CA-CC-CH-DF-ER-FP-PJ-RI,48.0,0.0,0.0249691378385505,0.0781285050943267,0.0,0.2325154201407843,0.0,0.0,0.0,0.0,0.0,0.0081106106447592,0.2084391556561456,0.0,0.3721622100719609,0.0,0.0025450747523419,0.1221898524401957,0.8211269712283477,0.0,0.0,0.1924726492851001,9.538844240336774e-05,0.296044307466451,0.0,0.242732689562904,33.565,34.035,8.24,19.94
AC-BA-BL-BO-BY-CC-CH-ER-FP-PJ-RI,0.0,0.0,0.0006,0.0,0.0,0.0006,0.0,0.0,0.0006,0.0,0.0,0.0006,0.0006,0.0,0.0,0.0,0.0006,0.0006,0.0006,0.0,0.0,0.0006,0.0006,0.0006,0.0,0.0,0.0,0.0,28.0,0.0
AC-BA-BL-BO-BY-CC-CH-ER-FP-PJ-RI,48.0,0.0,0.0062339889704955,0.0,0.0,0.4441574646063004,0.0,0.0,0.1786598517948613,0.0,0.0,0.0098669755702283,0.3191331419840217,0.0,0.0,0.0,0.0035695524834669,0.0477553897111336,1.1416927986883314,0.0,0.0,0.039885732165276,0.0088260955677241,0.3243590961199588,0.0,0.0,33.75395,28.7552,15.63905,14.47485
AC-BA-BL-BO-CA-CC-EL-ER-FP-PJ-RI,0.0,0.0,0.0006,0.0,0.0,0.0006,0.0,0.0,0.0,0.0,0.0,0.0006,0.0006,0.0,0.0006,0.0006,0.0006,0.0,0.0006,0.0,0.0,0.0006,0.0006,0.0006,0.0,0.0,0.0,0.0,28.0,0.0
AC-BA-BL-BO-CA-CC-EL-ER-FP-PJ-RI,48.0,0.0,0.0046001208094267,0.0,0.0,0.2590011285448112,0.0,0.0,0.0,0.0,0.0,0.0123944578209197,0.3586594836289123,0.0,0.1519456065442188,0.0230006040471375,0.0009263832053134,0.0,0.763605232115324,0.0,0.0,0.0136879446673812,0.0021242683049402,0.3795213606925691,0.0,0.0,51.21715,20.42225,0.0,8.084900000000001
AC-BA-BL-BP-BU-BV-BY-CA-CG-CH-DF-EL,0.0,0.0,0.0,0.0005499999999999,0.0,0.0,0.0,0.0,0.0005499999999999,0.0005499999999999,0.0,0.0005499999999999,0.0005499999999999,0.0005499999999999,0.0005499999999999,0.0005499999999999,0.0,0.0005499999999999,0.0005499999999999,0.0,0.0005499999999999,0.0,0.0,0.0,0.0,0.0005499999999999,0.0,0.0,28.0,0.0
AC-BA-BL-BP-BU-BV-BY-CA-CG-CH-DF-EL,48.0,0.0,0.0,0.0459032808019139,0.0,0.0,0.0,0.0,0.1492341887237431,0.0876845851686939,0.0,0.0226602308138168,0.3030651019194296,0.1849255652610122,0.1202113225066562,0.0241637102329232,0.0,0.0950940691780079,0.847588725971166,0.0,0.0914322964242851,0.0,0.0,0.0,0.0,0.294403914618685,32.17563589,43.033666405000005,24.366355425,9.339748455
AC-BA-BL-BP-BU-BV-CA-CC-CG-CH-DF-EL-ER-FP-RI,0.0,0.0,0.0,0.00044,0.0,0.0,0.0,0.0,0.0,0.00044,0.0,0.00044,0.00044,0.00044,0.00044,0.00044,0.00044,0.00044,0.00044,0.0,0.00044,0.00044,0.00044,0.00044,0.0,0.00044,0.0,0.0,28.0,0.0
AC-BA-BL-BP-BU-BV-CA-CC-CG-CH-DF-EL-ER-FP-RI,48.0,0.0,0.0,0.0575179919941217,0.0,0.0,0.0,0.0,0.0,0.0554489024023187,0.0,0.0097094218114693,0.2413344975289639,0.2640369405776268,0.2157807940930077,0.0173463241940866,0.0008814448777674,0.0643588130408775,0.934422443682218,0.0,0.0298157391377005,0.1626410582539539,0.0002450363458829,0.1657179231178575,0.0,0.1836017641458953,32.435,32.605000000000004,21.73,10.41
AC-BA-BL-BP-BV-CA-CC-CG-CH-DF-EL-ER-FP-PC-RI,0.0,0.00044,0.0,0.00044,0.0,0.0,0.0,0.0,0.0,0.0,0.0,0.00044,0.00044,0.00044,0.00044,0.00044,0.00044,0.00044,0.00044,0.0,0.00044,0.00044,0.00044,0.00044,0.0,0.00044,0.0,0.0,28.0,0.0
AC-BA-BL-BP-BV-CA-CC-CG-CH-DF-EL-ER-FP-PC-RI,48.0,0.0364155149641091,0.0,0.0856969779649682,0.0,0.0,0.0,0.0,0.0,0.0,0.0,0.0072927216316848,0.2124003896001317,0.1711463030784229,0.3593899188031282,0.0224457131797041,0.0005471044720121,0.05305230210162,1.0390126490324316,0.0,0.038065244221922,0.1505943972572003,0.0002549144879098,0.202807423591823,0.0,0.1419188888264708,31.520000000000003,34.695,23.405,11.385
AC-BA-BL-BP-BY-CC-CH-DP-EL-ER-FP-PJ-RI,0.0,0.0,0.0005076923076923,0.0,0.0,0.0,0.0,0.0,0.0005076923076923,0.0,0.0005076923076923,0.0005076923076923,0.0005076923076923,0.0005076923076923,0.0,0.0005076923076923,0.0005076923076923,0.0005076923076923,0.0005076923076923,0.0,0.0,0.0005076923076923,0.0005076923076923,0.0005076923076923,0.0,0.0,0.0,0.0,28.0,0.0
AC-BA-BL-BP-BY-CC-CH-DP-EL-ER-FP-PJ-RI,48.0,0.0,0.0061295231680612,0.0,0.0,0.0,0.0,0.0,0.2351395206325304,0.0,0.0056762846671403,0.017149344874765,0.5639675655396683,0.4877804564981741,0.0,0.0150504159565973,0.0007625997719502,0.0124610508219019,0.9335521618946004,0.0,0.0,0.0331763969028473,0.0062482344961024,0.0819945618538093,0.0,0.0,30.75175,32.296350000000004,33.340050000000005,5.3665
AC-BA-BL-BP-CA-CC-CG-CH-DF-ER-FP-PC-PJ-RI,0.0,0.0004714285714285,0.0004714285714285,0.0,0.0,0.0,0.0,0.0,0.0,0.0,0.0,0.0004714285714285,0.0004714285714285,0.0004714285714285,0.0004714285714285,0.0,0.0004714285714285,0.0004714285714285,0.0004714285714285,0.0,0.0004714285714285,0.0004714285714285,0.0004714285714285,0.0004714285714285,0.0,0.0004714285714285,0.0,0.0,28.0,0.0
AC-BA-BL-BP-CA-CC-CG-CH-DF-ER-FP-PC-PJ-RI,48.0,0.0784550703864573,0.0534296886107031,0.0,0.0,0.0,0.0,0.0,0.0,0.0,0.0,0.025886146442561,0.2335750234703234,0.2757110788504804,0.0617499992339979,0.0,0.0011520411521175,0.0875141561285126,1.0489916279579954,0.0,0.0626984242711335,0.1474438228008978,0.0001727903579255,0.1559953640290018,0.0,0.2177421761401799,36.585,33.36,15.575,3.255
AC-BA-BL-BP-CA-CH-EL-ER-FP-PC-PJ-RI,0.0,0.00054999999999995,0.00054999999999995,0.0,0.0,0.0,0.0,0.0,0.0,0.0,0.0,0.00054999999999995,0.00054999999999995,0.00054999999999995,0.00054999999999995,0.00054999999999995,0.00054999999999995,0.00054999999999995,0.00054999999999995,0.0,0.0,0.00054999999999995,0.00054999999999995,0.0,0.0,0.0,0.0,0.0,28.0,0.0
AC-BA-BL-BP-CA-CH-EL-ER-FP-PC-PJ-RI,16.0,1.538223251,0.030307879,0.0,0.0,0.0,0.0,0.0,0.0,0.0,0.0,0.007675372,0.193458733,0.098008595,0.021254876,0.003739284,0.000196804,0.085413113,0.18263449,0.0,0.0,0.217075262,0.001574435,0.0,0.0,0.0,36.7648784,52.49782444,15.84337908,12.87809368
AC-BA-BL-BP-CA-CH-EL-ER-FP-PC-PJ-RI,32.0,0.576387893,0.02246188,0.0,0.0,0.0,0.0,0.0,0.0,0.0,0.0,0.00641768,0.187316038,0.087240339,0.065781221,0.042316578,0.00080221,0.426575173,0.632743146,0.0,0.0,0.17708786,0.0,0.0,0.0,0.0,52.3777972,32.01914648,1.6869169,15.7903282
AC-BA-BL-BP-CA-CH-EL-ER-FP-PC-PJ-RI,48.0,0.4547221851838542,0.009573400169651818,0.0,0.0,0.0,0.0,0.0,0.0,0.0,0.0,0.00745183852272625,0.23783885408676342,0.19743144147339042,0.0555507891086002,0.035989596816908345,0.0006923223999307001,0.050018436754461354,0.38752249789218046,0.0,0.0,0.06505889887583854,0.00057112397261385,0.0,0.0,0.0,57.88197954,21.82256121,1.2042639275,11.643938434999999
AC-BA-BL-BP-CC-CG-DL-ER-FP-PC-RI,0.0,0.0006,0.0,0.0,0.0,0.0,0.0,0.0,0.0,0.0,0.0,0.0006,0.0006,0.0006,0.0,0.0,0.0006,0.0,0.0006,0.0,0.0006,0.0006,0.0006,0.0006,0.0006,0.0,0.0,0.0,28.0,0.0
AC-BA-BL-BP-CC-CG-DL-ER-FP-PC-RI,48.0,0.1329257884787112,0.0,0.0,0.0,0.0,0.0,0.0,0.0,0.0,0.0,0.0136150053386389,0.4653387117679017,0.1470234694552135,0.0,0.0,0.001341527850815,0.0,0.662782288395567,0.0,0.1202303435550977,0.0080537398644118,0.0038267558303248,0.0187335509478558,0.9837969150740892,0.0,42.17285,30.357550000000003,13.41915,3.3422
AC-BA-BL-BU-BV-CC-ER-FP-PC-PJ-RI,0.0,0.0006,0.0006,0.0006,0.0,0.0,0.0,0.0,0.0,0.0006,0.0,0.0006,0.0006,0.0,0.0,0.0,0.0006,0.0,0.0006,0.0,0.0,0.0006,0.0006,0.0006,0.0,0.0,0.0,0.0,28.0,0.0
AC-BA-BL-BU-BV-CC-ER-FP-PC-PJ-RI,48.0,0.3555622664643433,0.0500159532831864,0.036919008116821,0.0,0.0,0.0,0.0,0.0,0.0484708990093858,0.0,0.0352688388370789,0.247502917539098,0.0,0.0,0.0,0.0057609494613626,0.0,0.9028691497473464,0.0,0.0,0.1502932236044233,0.0007623533300284,0.4367338076326833,0.0,0.0,39.555,21.12,8.965,9.645
AC-BA-BL-BU-CA-CC-CG-CH-DF-EL-ER-FP-PJ-RI,0.0,0.0,0.0004714285714285,0.0,0.0,0.0,0.0,0.0,0.0,0.0004714285714285,0.0,0.0004714285714285,0.0004714285714285,0.0,0.0004714285714285,0.0004714285714285,0.0004714285714285,0.0004714285714285,0.0004714285714285,0.0,0.0004714285714285,0.0004714285714285,0.0004714285714285,0.0004714285714285,0.0,0.0004714285714285,0.0,0.0,28.0,0.0
AC-BA-BL-BU-CA-CC-CG-CH-DF-EL-ER-FP-PJ-RI,48.0,0.0,0.0284861756377389,0.0,0.0,0.0,0.0,0.0,0.0,0.1185075223772956,0.0,0.0063458946392627,0.2488831808062122,0.0,0.0691807355395131,0.0824620269156993,8.765193630453218e-05,0.0683226613233334,0.3164236529943979,0.0,0.0284338307573873,0.0716973488287119,0.000258564416333,0.4038231754282632,0.0,0.4484573227504084,48.52,20.175,0.0,6.895
AC-BA-BL-BU-CA-CC-EL-ER-FP-PC-RI,0.0,0.0006,0.0,0.0,0.0,0.0,0.0,0.0,0.0,0.0006,0.0,0.0006,0.0006,0.0,0.0006,0.0006,0.0006,0.0,0.0006,0.0,0.0,0.0006,0.0006,0.0006,0.0,0.0,0.0,0.0,28.0,0.0
AC-BA-BL-BU-CA-CC-EL-ER-FP-PC-RI,48.0,0.8573004303272037,0.0,0.0,0.0,0.0,0.0,0.0,0.0,0.0253926926879565,0.0,0.0055341563568788,0.3480868656147187,0.0,0.1364580534091926,0.0088559089316372,0.0008773447636698,0.0,0.9851346013171562,0.0,0.0,0.0069963976296605,0.0033388719657225,0.137257834556315,0.0,0.0,45.67665,22.6744,0.0,20.91915
AC-BA-BL-BV-CC-DF-ER-FP-PC-PJ-RI,0.0,0.0006,0.0006,0.0006,0.0,0.0,0.0,0.0,0.0,0.0,0.0,0.0006,0.0006,0.0,0.0,0.0,0.0006,0.0,0.0006,0.0,0.0,0.0006,0.0006,0.0006,0.0,0.0006,0.0,0.0,28.0,0.0
AC-BA-BL-BV-CC-DF-ER-FP-PC-PJ-RI,48.0,0.2704515175575551,0.049994699072964,0.0464924298861236,0.0,0.0,0.0,0.0,0.0,0.0,0.0,0.0261505218685661,0.2897661287228433,0.0,0.0,0.0,0.0017187132866877,0.0,0.9219883665318472,0.0,0.0,0.1627768257850678,0.0007179118773948,0.2714998333413271,0.0,0.253245389687322,33.285,24.24,12.785,9.22
AC-BA-BO-BP-BT-BV-CA-CC-DF-DL-ER-FP-RI,0.0,0.0,0.0,0.0005076923076923,0.0,0.0005076923076923,0.0005076923076923,0.0,0.0,0.0,0.0,0.0,0.0005076923076923,0.0005076923076923,0.0005076923076923,0.0,0.0005076923076923,0.0,0.0005076923076923,0.0,0.0,0.0005076923076923,0.0005076923076923,0.0005076923076923,0.0005076923076923,0.0005076923076923,0.0,0.0,28.0,0.0
AC-BA-BO-BP-BT-BV-CA-CC-DF-DL-ER-FP-RI,48.0,0.0,0.0,0.0590777880468275,0.0,0.0795388170055456,0.2281945539306296,0.0,0.0,0.0,0.0,0.0,0.2412837542133307,0.1909880814849041,0.0077637986571708,0.0,0.0003585929288538,0.0,0.7417493555416619,0.0,0.0,0.0260823570185933,0.0031610228425941,0.0353271968214273,0.4798650046663761,0.1078857145445984,25.70795,38.9727,30.517200000000003,7.48635
AC-BA-BO-BP-BU-BV-CC-CG-CH-DF-EL-ER-FP-PC-RI,0.0,0.00044,0.0,0.00044,0.0,0.00044,0.0,0.0,0.0,0.00044,0.0,0.0,0.00044,0.00044,0.0,0.00044,0.00044,0.00044,0.00044,0.0,0.00044,0.00044,0.00044,0.00044,0.0,0.00044,0.0,0.0,28.0,0.0
AC-BA-BO-BP-BU-BV-CC-CG-CH-DF-EL-ER-FP-PC-RI,48.0,0.0514136848759586,0.0,0.0325594529382789,0.0,0.2867466726220307,0.0,0.0,0.0,0.0529432008954854,0.0,0.0,0.3022654906028793,0.2872022407212619,0.0,0.0156392010186159,0.0006363338882383,0.1054873420471535,0.8075656211171395,0.0,0.0392075972869107,0.1275948171513236,0.0003765067752933,0.1629154337886892,0.0,0.1806151670471872,32.97,31.125,18.42,14.055
AC-BA-BO-BP-BV-BY-CA-CC-CH-DP-EL-ER-FP-PJ-RI,0.0,0.0,0.00044,0.00044,0.0,0.00044,0.0,0.0,0.00044,0.0,0.00044,0.0,0.00044,0.00044,0.00044,0.00044,0.00044,0.00044,0.00044,0.0,0.0,0.00044,0.00044,0.00044,0.0,0.0,0.0,0.0,28.0,0.0
AC-BA-BO-BP-BV-BY-CA-CC-CH-DP-EL-ER-FP-PJ-RI,48.0,0.0,0.0043689576479244,0.0742848259180438,0.0,0.2707100817084146,0.0,0.0,0.2922529838693739,0.0,0.0048170035936266,0.0,0.3610384653168882,0.3407043619676131,0.1819742450094894,0.0243157059521296,0.0020169124627238,0.0162455469205672,0.6925769394882715,0.0,0.0,0.0608409383662958,0.0154634660189291,0.0877442390251566,0.0,0.0,28.70945,36.47755,37.5084,11.07145
AC-BA-BO-BP-BV-CA-CC-CG-CH-DF-DP-ER-FP-PJ-RI,0.0,0.0,0.00044,0.00044,0.0,0.00044,0.0,0.0,0.0,0.0,0.00044,0.0,0.00044,0.00044,0.00044,0.0,0.00044,0.00044,0.00044,0.0,0.00044,0.00044,0.00044,0.00044,0.0,0.00044,0.0,0.0,28.0,0.0
AC-BA-BO-BP-BV-CA-CC-CG-CH-DF-DP-ER-FP-PJ-RI,48.0,0.0,0.004861488612141,0.0750521796208247,0.0,0.2360553301509129,0.0,0.0,0.0,0.0,0.0034724918658154,0.0,0.3061182285418801,0.2239420410278336,0.0134680750900238,0.0,0.0020586335558681,0.049776410012369,0.8460928655465002,0.0,0.0819971633524545,0.0393084570793643,0.0050027002031557,0.0678368525142202,0.0,0.1681790919167012,25.887500000000003,39.1771,26.9017,12.13345
AC-BA-BO-BP-BV-CA-CC-CG-CH-DF-ER-FP-PJ-RI,0.0,0.0,0.0004714285714285,0.0004714285714285,0.0,0.0004714285714285,0.0,0.0,0.0,0.0,0.0,0.0,0.0004714285714285,0.0004714285714285,0.0004714285714285,0.0,0.0004714285714285,0.0004714285714285,0.0004714285714285,0.0,0.0004714285714285,0.0004714285714285,0.0004714285714285,0.0004714285714285,0.0,0.0004714285714285,0.0,0.0,28.0,0.0
AC-BA-BO-BP-BV-CA-CC-CG-CH-DF-ER-FP-PJ-RI,48.0,0.0,0.021070211516151,0.0888236934847316,0.0,0.2828861134410962,0.0,0.0,0.0,0.0,0.0,0.0,0.2552835353124236,0.2550953281540153,0.0605435434350909,0.0,0.0024301443745236,0.0632295958687933,0.8579890225330327,0.0,0.0575793190977017,0.0946506783532983,0.0037122044527004,0.1326399383646859,0.0,0.1661674995406413,29.247025,38.951975,22.496375000000004,14.5092
AC-BA-BO-BP-BV-CC-CG-CH-DF-EL-ER-FP-PC-RI,0.0,0.0004714285714285,0.0,0.0004714285714285,0.0,0.0004714285714285,0.0,0.0,0.0,0.0,0.0,0.0,0.0004714285714285,0.0004714285714285,0.0,0.0004714285714285,0.0004714285714285,0.0004714285714285,0.0004714285714285,0.0,0.0004714285714285,0.0004714285714285,0.0004714285714285,0.0004714285714285,0.0,0.0004714285714285,0.0,0.0,28.0,0.0
AC-BA-BO-BP-BV-CC-CG-CH-DF-EL-ER-FP-PC-RI,48.0,0.0530457025623913,0.0,0.0303130634110576,0.0,0.3050660574996132,0.0,0.0,0.0,0.0,0.0,0.0,0.3025520493995648,0.2384801873070988,0.0,0.0139994914241042,0.0005900531679226,0.0940797833068936,0.746078805669825,0.0,0.0460706014318429,0.1423191104165621,0.0001023798303487,0.1793047745061241,0.0,0.2622407484913416,32.41,29.755000000000003,16.84,14.64
AC-BA-BO-BP-BV-CC-CG-DF-ER-FP-PC-RI,0.0,0.0005499999999999,0.0,0.0005499999999999,0.0,0.0005499999999999,0.0,0.0,0.0,0.0,0.0,0.0,0.0005499999999999,0.0005499999999999,0.0,0.0,0.0005499999999999,0.0,0.0005499999999999,0.0,0.0005499999999999,0.0005499999999999,0.0005499999999999,0.0005499999999999,0.0,0.0005499999999999,0.0,0.0,28.0,0.0
AC-BA-BO-BP-BV-CC-CG-DF-ER-FP-PC-RI,48.0,0.0326182123602188,0.0,0.0547730633977216,0.0,0.1308425038656007,0.0,0.0,0.0,0.0,0.0,0.0,0.2546231425868206,0.2964754359049976,0.0,0.0,0.0026104173331063,0.0,0.9617448407341488,0.0,0.0520333543009225,0.1019555241831721,0.0,0.1132380226029347,0.0,0.2776856342444951,35.88,33.05,16.0,6.01
AC-BA-BO-BP-BY-CA-CC-DP-ER-FP-PC-PJ-RI,0.0,0.0005076923076923,0.0005076923076923,0.0,0.0,0.0005076923076923,0.0,0.0,0.0005076923076923,0.0,0.0005076923076923,0.0,0.0005076923076923,0.0005076923076923,0.0005076923076923,0.0,0.0005076923076923,0.0,0.0005076923076923,0.0,0.0,0.0005076923076923,0.0005076923076923,0.0005076923076923,0.0,0.0,0.0,0.0,28.0,0.0
AC-BA-BO-BP-BY-CA-CC-DP-ER-FP-PC-PJ-RI,48.0,0.1716881137452113,0.0075872163245625,0.0,0.0,0.2555759686701302,0.0,0.0,0.1893642946416978,0.0,0.0041108441647784,0.0,0.3803819837464144,0.4512757292084103,0.0049399781146199,0.0,0.0014408817079388,0.0,0.8397017143819978,0.0,0.0,0.0210357558893614,0.0049552553845733,0.0809443800370894,0.0,0.0,22.7393,40.52745,35.2866,7.331849999999999
AC-BA-BO-BP-BY-CC-DF-DP-ER-FP-PJ-RI,0.0,0.0,0.0005499999999999,0.0,0.0,0.0005499999999999,0.0,0.0,0.0005499999999999,0.0,0.0005499999999999,0.0,0.0005499999999999,0.0005499999999999,0.0,0.0,0.0005499999999999,0.0,0.0005499999999999,0.0,0.0,0.0005499999999999,0.0005499999999999,0.0005499999999999,0.0,0.0005499999999999,0.0,0.0,28.0,0.0
AC-BA-BO-BP-BY-CC-DF-DP-ER-FP-PJ-RI,48.0,0.0,0.0059457596301621,0.0,0.0,0.2055342329275798,0.0,0.0,0.1640822047459513,0.0,0.0037477189128254,0.0,0.1812741842513288,0.3217119678911325,0.0,0.0,0.001504151623585,0.0,0.8334345678371008,0.0,0.0,0.0281525244541682,0.0026911554007655,0.1565865171493711,0.0,0.1593167967234043,25.80715,37.9379,30.51875,4.91455
AC-BA-BO-BP-BY-CC-DF-ER-FP-PJ-RI,0.0,0.0,0.0006,0.0,0.0,0.0006,0.0,0.0,0.0006,0.0,0.0,0.0,0.0006,0.0006,0.0,0.0,0.0006,0.0,0.0006,0.0,0.0,0.0006,0.0006,0.0006,0.0,0.0006,0.0,0.0,28.0,0.0
AC-BA-BO-BP-BY-CC-DF-ER-FP-PJ-RI,48.0,0.0,0.0339161477755059,0.0,0.0,0.206187004758056,0.0,0.0,0.1341122594335179,0.0,0.0,0.0,0.2769241960447877,0.4216358829339769,0.0,0.0,0.0027709277339324,0.0,0.9997991300459956,0.0,0.0,0.1026996023628251,0.0020534451584207,0.1119254869745432,0.0,0.1548668992450481,29.629575,33.565225,25.463375,6.16865
AC-BA-BO-BT-BU-CC-DL-ER-FP-PC-RI,0.0,0.0006,0.0,0.0,0.0,0.0006,0.0006,0.0,0.0,0.0006,0.0,0.0,0.0006,0.0,0.0,0.0,0.0006,0.0,0.0006,0.0,0.0,0.0006,0.0006,0.0006,0.0006,0.0,0.0,0.0,28.0,0.0
AC-BA-BO-BT-BU-CC-DL-ER-FP-PC-RI,48.0,0.1459598759722888,0.0,0.0,0.0,0.0937909361619543,0.2384719927642726,0.0,0.0,0.0131566916293213,0.0,0.0,0.2156038862907403,0.0,0.0,0.0,0.0022430357825787,0.0,0.6083981359906689,0.0,0.0,0.0309018881435526,0.0026691132514153,0.0430615575879247,0.904506357741051,0.0,33.35525,33.286150000000006,19.1415,9.26655
AC-BA-BO-BT-BV-CA-CC-DP-ER-FP-RI,0.0,0.0,0.0,0.0006,0.0,0.0006,0.0006,0.0,0.0,0.0,0.0006,0.0,0.0006,0.0,0.0006,0.0,0.0006,0.0,0.0006,0.0,0.0,0.0006,0.0006,0.0006,0.0,0.0,0.0,0.0,28.0,0.0
AC-BA-BO-BT-BV-CA-CC-DP-ER-FP-RI,48.0,0.0,0.0,0.053237968087441,0.0,0.0827872651179088,0.507702364325855,0.0,0.0,0.0,0.0080837471929347,0.0,0.256898761025077,0.0,0.2226015656438935,0.0,0.002063778565781,0.0,0.719889671894948,0.0,0.0,0.0728839962188463,0.011462636644683,0.5188807808177457,0.0,0.0,30.54545,36.556650000000005,21.2953,11.11735
AC-BA-BO-BV-CC-DF-ER-FP-PC-PJ-RI,0.0,0.0006,0.0006,0.0006,0.0,0.0006,0.0,0.0,0.0,0.0,0.0,0.0,0.0006,0.0,0.0,0.0,0.0006,0.0,0.0006,0.0,0.0,0.0006,0.0006,0.0006,0.0,0.0006,0.0,0.0,28.0,0.0
AC-BA-BO-BV-CC-DF-ER-FP-PC-PJ-RI,48.0,0.1158669439476244,0.0464466909197605,0.0298112768425807,0.0,0.087999872585142,0.0,0.0,0.0,0.0,0.0,0.0,0.2738911439818153,0.0,0.0,0.0,0.0018261084569614,0.0,0.8063879260234682,0.0,0.0,0.1134772824127443,0.0006961678015386,0.3022337831389773,0.0,0.264401520708754,37.315,20.0,10.065,12.315
AC-BA-BO-CC-CG,0.0,0.0,0.0,0.0,0.0,0.00132,0.0,0.0,0.0,0.0,0.0,0.0,0.00132,0.0,0.0,0.0,0.0,0.0,0.00132,0.0,0.00132,0.0,0.0,0.00132,0.0,0.0,0.0,0.0,28.0,0.0
AC-BA-BO-CC-CG,48.0,0.0,0.0,0.0,0.0,0.4637940458491322,0.0,0.0,0.0,0.0,0.0,0.0,0.109182086764346,0.0,0.0,0.0,0.0,0.0,0.9543212316010344,0.0,0.1071243691871861,0.0,0.0,0.8382759710963789,0.0,0.0,35.08674235,24.7986,19.3954,0.0
AC-BA-BP-BT-BU-CA-DF-EL-FP-PJ-RI,0.0,0.0,0.0006,0.0,0.0,0.0,0.0006,0.0,0.0,0.0006,0.0,0.0,0.0006,0.0006,0.0006,0.0006,0.0006,0.0,0.0006,0.0,0.0,0.0,0.0006,0.0,0.0,0.0006,0.0,0.0,28.0,0.0
AC-BA-BP-BT-BU-CA-DF-EL-FP-PJ-RI,48.0,0.0,0.0808133805619676,0.0,0.0,0.0,0.3958900342274932,0.0,0.0,0.0503154899307489,0.0,0.0,0.240272108572793,0.157750497492637,0.1629929157048475,0.0149262118920638,0.0048033909098144,0.0,0.8837504974926371,0.0,0.0,0.0,0.0003521053888401,0.0,0.0,0.1755476398949294,48.470177935,30.33205543,7.509472395,9.171533565
AC-BA-BP-BT-CC-CH-DL-EL-ER-FP-RI,0.0,0.0,0.0,0.0,0.0,0.0,0.0006,0.0,0.0,0.0,0.0,0.0,0.0006,0.0006,0.0,0.0006,0.0006,0.0006,0.0006,0.0,0.0,0.0006,0.0006,0.0006,0.0006,0.0,0.0,0.0,28.0,0.0
AC-BA-BP-BT-CC-CH-DL-EL-ER-FP-RI,48.0,0.0,0.0,0.0,0.0,0.0,0.436295404498443,0.0,0.0,0.0,0.0,0.0,0.250506350037559,0.0967782814764009,0.0,0.0117276122158701,0.0015479918610532,0.0095722076869642,0.5409887926875945,0.0,0.0,0.0202583300577425,0.0051720436766333,0.0416729000837902,0.936470993483466,0.0,33.029250000000005,30.07985,24.31885,8.0983
AC-BA-BP-BU-BV-CA-CC-CG-DF-EL-ER-FP-RI,0.0,0.0,0.0,0.0005076923076923,0.0,0.0,0.0,0.0,0.0,0.0005076923076923,0.0,0.0,0.0005076923076923,0.0005076923076923,0.0005076923076923,0.0005076923076923,0.0005076923076923,0.0,0.0005076923076923,0.0,0.0005076923076923,0.0005076923076923,0.0005076923076923,0.0005076923076923,0.0,0.0005076923076923,0.0,0.0,28.0,0.0
AC-BA-BP-BU-BV-CA-CC-CG-DF-EL-ER-FP-RI,48.0,0.0,0.0,0.0809617947243091,0.0,0.0,0.0,0.0,0.0,0.0359254393919455,0.0,0.0,0.3272418047930297,0.4092558487605358,0.1153375595312611,0.0170234870312125,8.397956901051376e-05,0.0,0.9585159439986918,0.0,0.053151555976198,0.1268250416022491,0.0005835231811955,0.0890406876197823,0.0,0.2024002016394474,38.15,29.53,15.55,5.779999999999999
AC-BA-BP-BV-CA-CC-CG-DF-EL-ER-FP-PC-RI,0.0,0.0005076923076923,0.0,0.0005076923076923,0.0,0.0,0.0,0.0,0.0,0.0,0.0,0.0,0.0005076923076923,0.0005076923076923,0.0005076923076923,0.0005076923076923,0.0005076923076923,0.0,0.0005076923076923,0.0,0.0005076923076923,0.0005076923076923,0.0005076923076923,0.0005076923076923,0.0,0.0005076923076923,0.0,0.0,28.0,0.0
AC-BA-BP-BV-CA-CC-CG-DF-EL-ER-FP-PC-RI,48.0,0.0223008025879274,0.0,0.05927867537217,0.0,0.0,0.0,0.0,0.0,0.0,0.0,0.0,0.3071297869401028,0.351594584545915,0.146962816983997,0.013645656239411,0.0005521358677869,0.0,1.1443742223928333,0.0,0.0670540914956134,0.1384130434527171,0.0006006782039288,0.1383857881973973,0.0,0.1532479426531776,31.03,33.985,25.99,5.885
AC-BA-BP-BV-CC-CG-CH-DF-EL-ER-FP-RI,0.0,0.0,0.0,0.0005499999999999,0.0,0.0,0.0,0.0,0.0,0.0,0.0,0.0,0.0005499999999999,0.0005499999999999,0.0,0.0005499999999999,0.0005499999999999,0.0005499999999999,0.0005499999999999,0.0,0.0005499999999999,0.0005499999999999,0.0005499999999999,0.0005499999999999,0.0,0.0005499999999999,0.0,0.0,28.0,0.0
AC-BA-BP-BV-CC-CG-CH-DF-EL-ER-FP-RI,48.0,0.0,0.0,0.0789393066704326,0.0,0.0,0.0,0.0,0.0,0.0,0.0,0.0,0.4486447289102483,0.2677819841763158,0.0,0.0229697286044641,0.0003442767758562,0.1044369570986604,0.9119637582696092,0.0,0.0935246519341688,0.1574327948010013,8.60691939639308e-05,0.2209468102073365,0.0,0.1919203228265875,29.72,32.69,21.635,11.31
AC-BA-BP-CA-CC-CG-CH-DP-ER-FP-RI,0.0,0.0,0.0,0.0,0.0,0.0,0.0,0.0,0.0,0.0,0.0006,0.0,0.0006,0.0006,0.0006,0.0,0.0006,0.0006,0.0006,0.0,0.0006,0.0006,0.0006,0.0006,0.0,0.0,0.0,0.0,28.0,0.0
AC-BA-BP-CA-CC-CG-CH-DP-ER-FP-RI,48.0,0.0,0.0,0.0,0.0,0.0,0.0,0.0,0.0,0.0,0.0131769546102661,0.0,0.2575159138017532,0.4202050806004443,0.2590339606107418,0.0,0.0012389273407795,0.0115761281421628,0.8526234223172784,0.0,0.1275096261750107,0.0372000744283379,0.0024564561219369,0.0671069927981098,0.0,0.0,41.05155,36.09715,14.5909,2.3735
AC-BA-BP-PJ-RI,0.0,0.0,0.00132,0.0,0.0,0.0,0.0,0.0,0.0,0.0,0.0,0.0,0.00132,0.00132,0.0,0.0,0.0,0.0,0.00132,0.0,0.0,0.0,0.00132,0.0,0.0,0.0,0.0,0.0,28.0,0.0
AC-BA-BP-PJ-RI,48.0,0.0,0.0358123882034913,0.0,0.0,0.0,0.0,0.0,0.0,0.0,0.0,0.0,0.5282491969663854,0.3426238028570693,0.0,0.0,0.0,0.0,1.2268901860637955,0.0,0.0,0.0,0.0,0.0,0.0,0.0,26.50110085,21.29685,21.32965,0.0
AC-BA-BP-RI,0.0,0.0,0.0,0.0,0.0,0.0,0.0,0.0,0.0,0.0,0.0,0.0,0.00165,0.00165,0.0,0.0,0.0,0.0,0.00165,0.0,0.0,0.0,0.00165,0.0,0.0,0.0,0.0,0.0,28.0,0.0
AC-BA-BP-RI,48.0,0.0,0.0,0.0,0.0,0.0,0.0,0.0,0.0,0.0,0.0,0.0,0.3201990946580528,0.0111209123984411,0.0,0.0,0.0,0.0,1.0194695488770225,0.0,0.0,0.0,7.9032435404082e-05,0.0,0.0,0.0,34.6587458,2.55905,18.841,0.0
AC-BA-BU-BV-BY-CC-CG-DL-ER-FP-PC-RI,0.0,0.0005499999999999,0.0,0.0005499999999999,0.0,0.0,0.0,0.0,0.0005499999999999,0.0005499999999999,0.0,0.0,0.0005499999999999,0.0,0.0,0.0,0.0005499999999999,0.0,0.0005499999999999,0.0,0.0005499999999999,0.0005499999999999,0.0005499999999999,0.0005499999999999,0.0005499999999999,0.0,0.0,0.0,28.0,0.0
AC-BA-BU-BV-BY-CC-CG-DL-ER-FP-PC-RI,48.0,0.1459111366167785,0.0,0.02936340766757,0.0,0.0,0.0,0.0,0.1852813518662642,0.0045449927450441,0.0,0.0,0.2786586229304147,0.0,0.0,0.0,0.0033301423419287,0.0,0.6003778945347779,0.0,0.1212308154791437,0.0158665232173262,0.0035571882433132,0.0376707938158024,1.0942306775201118,0.0,39.94545,34.0916,15.86265,8.3132
AC-BA-BV-CA-CC-DF-ER-FP-PC-PJ-RI,0.0,0.0006,0.0006,0.0006,0.0,0.0,0.0,0.0,0.0,0.0,0.0,0.0,0.0006,0.0,0.0006,0.0,0.0006,0.0,0.0006,0.0,0.0,0.0006,0.0006,0.0006,0.0,0.0006,0.0,0.0,28.0,0.0
AC-BA-BV-CA-CC-DF-ER-FP-PC-PJ-RI,48.0,0.1043273567310949,0.0393622414377756,0.0660101305527298,0.0,0.0,0.0,0.0,0.0,0.0,0.0,0.0,0.1389870295015261,0.0,0.1271435232282124,0.0,0.000696676839607,0.0,0.549852195659546,0.0,0.0,0.1220926161410644,0.0001741692099016,0.3497317734825372,0.0,0.5519422261783652,46.41,17.02,0.0,8.6
AC-BA-BY-CC-FP,0.0,0.0,0.0,0.0,0.0,0.0,0.0,0.0,0.00132,0.0,0.0,0.0,0.00132,0.0,0.0,0.0,0.00132,0.0,0.00132,0.0,0.0,0.0,0.0,0.00132,0.0,0.0,0.0,0.0,28.0,0.0
AC-BA-BY-CC-FP,48.0,0.0,0.0,0.0,0.0,0.0,0.0,0.0,0.2617686407522626,0.0,0.0,0.0,0.2361898677475672,0.0,0.0,0.0,0.004851873441751,0.0,1.1820787290630657,0.0,0.0,0.0,0.0,0.9384964274382548,0.0,0.0,36.8776136,17.128,29.23835,0.0
AC-BA-CC,0.0,0.0,0.0,0.0,0.0,0.0,0.0,0.0,0.0,0.0,0.0,0.0,0.0021999999999999,0.0,0.0,0.0,0.0,0.0,0.0021999999999999,0.0,0.0,0.0,0.0,0.0021999999999999,0.0,0.0,0.0,0.0,28.0,0.0
AC-BA-CC,48.0,0.0,0.0,0.0,0.0,0.0,0.0,0.0,0.0,0.0,0.0,0.0,0.0058403582629879,0.0,0.0,0.0,0.0,0.0,1.676911574102692,0.0,0.0,0.0,0.0,1.1934102913584914,0.0,0.0,41.4617,18.77593333333333,24.32633333333333,0.0
AC-BA-CC-FP,0.0,0.0,0.0,0.0,0.0,0.0,0.0,0.0,0.0,0.0,0.0,0.0,0.00165,0.0,0.0,0.0,0.00165,0.0,0.00165,0.0,0.0,0.0,0.0,0.00165,0.0,0.0,0.0,0.0,28.0,0.0
AC-BA-CC-FP,48.0,0.0,0.0,0.0,0.0,0.0,0.0,0.0,0.0,0.0,0.0,0.0,0.2882836507820366,0.0,0.0,0.0,0.0025989681690109,0.0,1.4402150602991697,0.0,0.0,0.0,0.0,1.1585365151896678,0.0,0.0,34.06618575,18.3738,23.4316,0.0
AC-BA-CG-DL-ER,0.0,0.0,0.0,0.0,0.0,0.0,0.0,0.0,0.0,0.0,0.0,0.0,0.00132,0.0,0.0,0.0,0.0,0.0,0.00132,0.0,0.00132,0.00132,0.0,0.0,0.00132,0.0,0.0,0.0,28.0,0.0
AC-BA-CG-DL-ER,48.0,0.0,0.0,0.0,0.0,0.0,0.0,0.0,0.0,0.0,0.0,0.0,0.0913125167401678,0.0,0.0,0.0,0.0,0.0,0.9618876479896366,0.0,0.091735983194185,0.0651547451183204,0.0,0.0,1.0264002560425955,0.0,30.99257435,26.5296,22.288200000000003,0.0
AC-BA-DF,0.0,0.0,0.0,0.0,0.0,0.0,0.0,0.0,0.0,0.0,0.0,0.0,0.0021999999999999,0.0,0.0,0.0,0.0,0.0,0.0021999999999999,0.0,0.0,0.0,0.0,0.0,0.0,0.0021999999999999,0.0,0.0,28.0,0.0
AC-BA-DF,48.0,0.0,0.0,0.0,0.0,0.0,0.0,0.0,0.0,0.0,0.0,0.0,0.0051140829760712,0.0,0.0,0.0,0.0,0.0,0.98280278609429,0.0,0.0,0.0,0.0,0.0,0.0,1.1399457953980034,42.08585,11.57875,0.0,0.0
AC-BA-DP,0.0,0.0,0.0,0.0,0.0,0.0,0.0,0.0,0.0,0.0,0.0021999999999999,0.0,0.0021999999999999,0.0,0.0,0.0,0.0,0.0,0.0021999999999999,0.0,0.0,0.0,0.0,0.0,0.0,0.0,0.0,0.0,28.0,0.0
AC-BA-DP,48.0,0.0,0.0,0.0,0.0,0.0,0.0,0.0,0.0,0.0,0.440162214084502,0.0,0.2862691830571958,0.0,0.0,0.0,0.0,0.0,0.4299995800925922,0.0,0.0,0.0,0.0,0.0,0.0,0.0,25.00313333333333,27.39723333333333,18.6278,3.192733333333333
AC-BA-DP-FP,0.0,0.0,0.0,0.0,0.0,0.0,0.0,0.0,0.0,0.0,0.00165,0.0,0.00165,0.0,0.0,0.0,0.00165,0.0,0.00165,0.0,0.0,0.0,0.0,0.0,0.0,0.0,0.0,0.0,28.0,0.0
AC-BA-DP-FP,48.0,0.0,0.0,0.0,0.0,0.0,0.0,0.0,0.0,0.0,0.0800225186303732,0.0,0.6509198955374531,0.0,0.0,0.0,0.0025407690045703,0.0,0.6504337469448306,0.0,0.0,0.0,0.0,0.0,0.0,0.0,9.39974345,26.96925,45.2085,1.2152
AC-BA-EL-FP-RI,0.0,0.0,0.0,0.0,0.0,0.0,0.0,0.0,0.0,0.0,0.0,0.0,0.00132,0.0,0.0,0.00132,0.00132,0.0,0.00132,0.0,0.0,0.0,0.00132,0.0,0.0,0.0,0.0,0.0,28.0,0.0
AC-BA-EL-FP-RI,48.0,0.0,0.0,0.0,0.0,0.0,0.0,0.0,0.0,0.0,0.0,0.0,0.5596868899268891,0.0,0.0,0.0758840700675748,0.0003616763996984,0.0,0.4236960525472629,0.0,0.0,0.0,0.0,0.0,0.0,0.0,44.2066762,1.1573,6.73605,1.8978
AC-BA-ER-RI,0.0,0.0,0.0,0.0,0.0,0.0,0.0,0.0,0.0,0.0,0.0,0.0,0.00165,0.0,0.0,0.0,0.0,0.0,0.00165,0.0,0.0,0.00165,0.00165,0.0,0.0,0.0,0.0,0.0,28.0,0.0
AC-BA-ER-RI,48.0,0.0,0.0,0.0,0.0,0.0,0.0,0.0,0.0,0.0,0.0,0.0,0.2082133972597485,0.0,0.0,0.0,0.0,0.0,1.0153732984282036,0.0,0.0,0.0387192926168401,0.0001322415531648,0.0,0.0,0.0,34.51313775,3.36065,27.263350000000003,0.0
AC-BA-FP,0.0,0.0,0.0,0.0,0.0,0.0,0.0,0.0,0.0,0.0,0.0,0.0,0.0021999999999999,0.0,0.0,0.0,0.0021999999999999,0.0,0.0021999999999999,0.0,0.0,0.0,0.0,0.0,0.0,0.0,0.0,0.0,28.0,0.0
AC-BA-FP,48.0,0.0,0.0,0.0,0.0,0.0,0.0,0.0,0.0,0.0,0.0,0.0,0.0747896405850124,0.0,0.0,0.0,0.0641929071023519,0.0,0.9022325742574272,0.0,0.0,0.0,0.0,0.0,0.0,0.0,33.892199999999995,3.9495333333333336,16.801933333333334,5.023533333333333
AC-BA-FP-RI,0.0,0.0,0.0,0.0,0.0,0.0,0.0,0.0,0.0,0.0,0.0,0.0,0.00165,0.0,0.0,0.0,0.00165,0.0,0.00165,0.0,0.0,0.0,0.00165,0.0,0.0,0.0,0.0,0.0,28.0,0.0
AC-BA-FP-RI,48.0,0.0,0.0,0.0,0.0,0.0,0.0,0.0,0.0,0.0,0.0,0.0,0.2654011900662453,0.0,0.0,0.0,0.0119667291055635,0.0,1.049376640859909,0.0,0.0,0.0,0.0001314775160602,0.0,0.0,0.0,33.94416145,1.84235,26.6362,0.0
AC-BC,0.0,0.0,0.0,0.0,0.0,0.0,0.0,0.0033,0.0,0.0,0.0,0.0,0.0,0.0,0.0,0.0,0.0,0.0,0.0033,0.0,0.0,0.0,0.0,0.0,0.0,0.0,0.0,0.0,28.0,0.0
AC-BC,48.0,0.0,0.0,0.0,0.0,0.0,0.0,0.6628243531704401,0.0,0.0,0.0,0.0,0.0,0.0,0.0,0.0,0.0,0.0,1.0027526645035745,0.0,0.0,0.0,0.0,0.0,0.0,0.0,37.7657,8.04805,3.9878,19.01765
AC-BC-BF-BH-BL-BO-BP-BT-BU-BV-BY-CA-CC-CG-CH-DF-DL-DP-EL-ER-FP-PC-PJ-RI,0.0,0.0002749999999999,0.0002749999999999,0.0002749999999999,0.0002749999999999,0.0002749999999999,0.0002749999999999,0.0002749999999999,0.0002749999999999,0.0002749999999999,0.0002749999999999,0.0002749999999999,0.0,0.0002749999999999,0.0002749999999999,0.0002749999999999,0.0002749999999999,0.0002749999999999,0.0002749999999999,0.0002749999999999,0.0002749999999999,0.0002749999999999,0.0002749999999999,0.0002749999999999,0.0002749999999999,0.0002749999999999,0.0,0.0,28.0,0.0
AC-BC-BF-BH-BL-BO-BP-BT-BU-BV-BY-CA-CC-CG-CH-DF-DL-DP-EL-ER-FP-PC-PJ-RI,48.0,0.0102723923759056,0.0181815737894919,0.0241463735178386,0.2288176489576081,0.1761961766632188,0.3040838031379957,0.2671565394825848,0.0547098659595889,0.0424032276749558,0.0047028088601743,0.0057295444384147,0.0,0.26623021218673,0.0146625350394658,0.0076756017588468,0.0002636036386125,0.042347760609849,0.2679587156148161,0.0002924512017499,0.0386538829684702,0.0491111982722393,0.0002678303615957,0.185579990248171,0.1406985474230989,0.0931027860938641,13.646583333333332,36.303783333333335,40.54774999999999,15.154316666666666
AC-BC-BF-BH-BL-BO-BP-BT-BY-CA-CH-DF-DL-DP-ER-FP-PC-RI,0.0,0.0003666668333333,0.0,0.0,0.0003666668333333,0.0003666668333333,0.0003666668333333,0.0003666668333333,0.0003666668333333,0.0,0.0003666668333333,0.0003666668333333,0.0,0.0003666668333333,0.0003666668333333,0.0,0.0003666668333333,0.0003666668333333,0.0003666668333333,0.0003666668333333,0.0,0.0003666668333333,0.0003666668333333,0.0,0.0003666668333333,0.0003666668333333,0.0,0.0,28.0,0.0
AC-BC-BF-BH-BL-BO-BP-BT-BY-CA-CH-DF-DL-DP-ER-FP-PC-RI,16.0,0.13153105,0.0,0.0,0.148796148,0.138779756,0.134298738,0.26530261,0.077890632,0.0,0.006062553,0.006721527,0.0,0.078022427,0.031367124,0.0,0.001054357,0.029390205,0.015947151,0.000395384,0.0,0.223391914,0.002108714,0.0,0.339107608,0.116638256,19.5605888,45.50596348,32.41479527,15.30427718
AC-BC-BF-BH-BL-BO-BP-BT-BY-CA-CH-DF-DL-DP-ER-FP-PC-RI,32.0,0.106934773,0.0,0.0,0.142202502,0.129000678,0.155404326,0.210474791,0.074873201,0.0,0.00452634,0.006035119,0.0,0.101088251,0.011315849,0.0,0.001320182,0.041868641,0.195009797,0.00075439,0.0,0.174075477,0.000565792,0.0,0.209343206,0.102974226,19.28122656,48.95213964,35.92655884,17.25907119
AC-BC-BF-BH-BL-BO-BP-BT-BY-CA-CH-DF-DL-DP-ER-FP-PC-RI,48.0,0.03581890598538334,0.0,0.0,0.1543258444825628,0.14655644396606535,0.21083582824770608,0.2796872163433723,0.0794675028120035,0.0,0.0026653181394231,0.0045277467179598505,0.0,0.06641710544816905,0.00726696925514645,0.0,0.0008458485362738001,0.10131805070429264,0.4369521141231347,0.0004536092481059,0.0,0.08493096082475876,0.0006195104707666499,0.0,0.06880568595680485,0.0927114882138344,18.014799085,44.957433664999996,36.86053136,17.4846499225
AC-BC-BF-BH-BL-BO-BP-BY-CA-CH-ER-PC-PJ-RI,0.0,0.0004714285714285,0.0004714285714285,0.0,0.0004714285714285,0.0004714285714285,0.0,0.0004714285714285,0.0004714285714285,0.0,0.0,0.0004714285714285,0.0,0.0004714285714285,0.0004714285714285,0.0,0.0,0.0004714285714285,0.0004714285714285,0.0004714285714285,0.0,0.0004714285714285,0.0004714285714285,0.0,0.0,0.0,0.0,0.0,28.0,0.0
AC-BC-BF-BH-BL-BO-BP-BY-CA-CH-ER-PC-PJ-RI,48.0,0.17097890595077,0.029176915723115,0.0,0.213585185909721,0.1843918618791498,0.0,0.4041836020027887,0.1158609643781994,0.0,0.0,0.0091022415456672,0.0,0.2155755371321245,0.0031269049547583,0.0,0.0,0.0188878420153083,0.7690716186937143,0.0003493740855144,0.0,0.0292118737998762,0.0001787977313752,0.0,0.0,0.0,27.74888095,36.144743395,17.249219224999997,19.393815575
AC-BC-BF-BH-BL-BT-BU-CG-CH-DF-DP-PC-PJ-RI,0.0,0.00047142878571425,0.00047142878571425,0.0,0.00047142878571425,0.0,0.00047142878571425,0.00047142878571425,0.0,0.00047142878571425,0.00047142878571425,0.00047142878571425,0.0,0.0,0.0,0.0,0.0,0.00047142878571425,0.00047142878571425,0.00047142878571425,0.00047142878571425,0.0,0.00047142878571425,0.0,0.0,0.00047142878571425,0.0,0.0,28.0,0.0
AC-BC-BF-BH-BL-BT-BU-CG-CH-DF-DP-PC-PJ-RI,16.0,0.53940379,0.020692037,0.0,0.252693668,0.0,0.232628662,0.36665663,0.0,0.076027561,0.007837893,0.010502777,0.0,0.0,0.0,0.0,0.0,0.092800652,0.093741199,0.001254063,0.036054307,0.0,0.001881094,0.0,0.0,0.317434663,17.3061152,42.03031612,25.89670369,19.86752665
AC-BC-BF-BH-BL-BT-BU-CG-CH-DF-DP-PC-PJ-RI,32.0,0.469387454,0.012050772,0.0,0.117741971,0.0,0.175822742,0.238249692,0.0,0.044252016,0.006124163,0.003160858,0.0,0.0,0.0,0.0,0.0,0.127817207,0.383649173,0.000790215,0.020940686,0.0,0.002568197,0.0,0.0,0.320827115,18.10319344,45.18682348,24.79163196,29.05299216
AC-BC-BF-BH-BL-BT-BU-CG-CH-DF-DP-PC-PJ-RI,48.0,0.4826995609736159,0.03177829958641525,0.0,0.1326761820562939,0.0,0.2148202143027616,0.2660651667311979,0.0,0.03733587197767155,0.00552224567999695,0.00391339697466865,0.0,0.0,0.0,0.0,0.0,0.20876660149529214,0.4531424814263846,0.0005841875753592001,0.06062366561854545,0.0,0.00047054287562515003,0.0,0.0,0.24206101904969418,17.922079725000003,41.679281700000004,20.7868273025,28.649814015
AC-BC-BF-BH-BO-BP-BT-BU-CA-EL-PC-RI,0.0,0.00054999999999995,0.0,0.0,0.00054999999999995,0.00054999999999995,0.00054999999999995,0.00054999999999995,0.0,0.00054999999999995,0.0,0.0,0.0,0.00054999999999995,0.00054999999999995,0.00054999999999995,0.0,0.0,0.00054999999999995,0.00054999999999995,0.0,0.0,0.00054999999999995,0.0,0.0,0.0,0.0,0.0,28.0,0.0
AC-BC-BF-BH-BO-BP-BT-BU-CA-EL-PC-RI,16.0,0.277457488,0.0,0.0,0.328214216,0.152648966,0.363630291,0.386167794,0.0,0.096778687,0.0,0.0,0.0,0.386925357,0.167610837,0.004545379,0.0,0.0,0.09753625,0.001325735,0.0,0.0,0.003030252,0.0,0.0,0.0,32.70559368,25.7946872,17.9159409,23.89721179
AC-BC-BF-BH-BO-BP-BT-BU-CA-EL-PC-RI,32.0,0.181956841,0.0,0.0,0.25246238,0.069410732,0.281584232,0.267789671,0.0,0.061528125,0.0,0.0,0.0,0.272606819,0.255089915,0.017516904,0.0,0.0,0.364132643,0.00175169,0.0,0.0,0.001532729,0.0,0.0,0.0,34.20733216,25.05580324,16.35761476,28.56132761
AC-BC-BF-BH-BO-BP-BT-BU-CA-EL-PC-RI,48.0,0.22107347558165946,0.0,0.0,0.23660460037796355,0.0915986238959757,0.25719264626913757,0.2536144104729095,0.0,0.041179804301716694,0.0,0.0,0.0,0.26762919570899774,0.21205403029083197,0.0203707015664649,0.0,0.0,0.6713545260273172,0.00071271058661935,0.0,0.0,0.00094388254075565,0.0,0.0,0.0,37.2036864375,25.6866966175,14.3148980025,24.435922525
AC-BC-BF-BH-BT-BV-BY-CC-CH-DF-DP-PJ,0.0,0.0,0.00054999999999995,0.00054999999999995,0.00054999999999995,0.0,0.00054999999999995,0.00054999999999995,0.00054999999999995,0.0,0.00054999999999995,0.0,0.0,0.0,0.0,0.0,0.0,0.00054999999999995,0.00054999999999995,0.00054999999999995,0.0,0.0,0.0,0.00054999999999995,0.0,0.00054999999999995,0.0,0.0,28.0,0.0
AC-BC-BF-BH-BT-BV-BY-CC-CH-DF-DP-PJ,16.0,0.0,0.018954745,0.022217447,0.217668832,0.0,0.267075462,0.479772558,0.134858349,0.0,0.010720307,0.0,0.0,0.0,0.0,0.0,0.0,0.207414626,0.135635182,0.001087567,0.0,0.0,0.0,0.017711811,0.0,0.349885946,19.17968064,30.62998128,25.32123446,17.31927809
AC-BC-BF-BH-BT-BV-BY-CC-CH-DF-DP-PJ,32.0,0.0,0.013282248,0.013693039,0.1131045,0.0,0.196221244,0.277420964,0.109407379,0.0,0.005888007,0.0,0.0,0.0,0.0,0.0,0.0,0.110639753,0.382857362,0.000273861,0.0,0.0,0.0,0.015473134,0.0,0.192524124,18.96491464,34.70632892,28.10689167,19.40495142
AC-BC-BF-BH-BT-BV-BY-CC-CH-DF-DP-PJ,48.0,0.0,0.02218902149202,0.01201540054479875,0.10490840225050944,0.0,0.20327669389589956,0.22282162867802013,0.07213679807521245,0.0,0.00293048233683935,0.0,0.0,0.0,0.0,0.0,0.0,0.16626428833256396,0.4340662502617003,0.00026625772589125,0.0,0.0,0.0,0.0644820701722479,0.0,0.1726688523754064,21.413982439999998,30.780701435,27.27430135,20.805535855000002
AC-BC-BF-BH-BT-BV-CA-CG-CH-DF-DP-EL-PC-PJ-RI,0.0,0.00044,0.00044,0.00044,0.00044,0.0,0.00044,0.00044,0.0,0.0,0.00044,0.0,0.0,0.0,0.00044,0.00044,0.0,0.00044,0.00044,0.00044,0.00044,0.0,0.00044,0.0,0.0,0.00044,0.0,0.0,28.0,0.0
AC-BC-BF-BH-BT-BV-CA-CG-CH-DF-DP-EL-PC-PJ-RI,16.0,0.501511906,0.017587165,0.026103056,0.229003406,0.0,0.246960828,0.402468396,0.0,0.0,0.005924098,0.0,0.0,0.0,0.03239741,0.000370256,0.0,0.065535332,0.13717989,0.00092564,0.019253318,0.0,0.002036409,0.0,0.0,0.230669559,16.1066376,41.77171028,25.6849406,23.46888324
AC-BC-BF-BH-BT-BV-CA-CG-CH-DF-DP-EL-PC-PJ-RI,32.0,0.408705521,0.009352529,0.014776996,0.118028917,0.0,0.176575749,0.240734099,0.0,0.0,0.005424467,0.0,0.0,0.0,0.048446101,0.000374101,0.0,0.132244761,0.475482579,0.000935253,0.022071969,0.0,0.001683455,0.0,0.0,0.364561584,17.4731392,44.76867128,24.86255603,31.22421056
AC-BC-BF-BH-BT-BV-CA-CG-CH-DF-DP-EL-PC-PJ-RI,48.0,0.3951688195928031,0.0044721115,0.014318633735585298,0.1485673587043553,0.0,0.23557614195599186,0.29971438286636226,0.0,0.0,0.0050366225790592,0.0,0.0,0.0,0.0321078117871035,0.0019905402717542,0.0,0.06504899838585565,0.47052296456094,0.00053201879151145,0.0480553697695962,0.0,0.00110308452466925,0.0,0.0,0.2755936308672504,21.199192897499998,34.804123340000004,22.4473473,36.19098567
AC-BC-BF-BH-BV-BY-CC-DL-ER-FP-RI,0.0,0.0,0.0,0.0006,0.0006,0.0,0.0,0.0006,0.0006,0.0,0.0,0.0,0.0,0.0,0.0,0.0,0.0006,0.0,0.0006,0.0006,0.0,0.0006,0.0006,0.0006,0.0006,0.0,0.0,0.0,28.0,0.0
AC-BC-BF-BH-BV-BY-CC-DL-ER-FP-RI,48.0,0.0,0.0,0.0189380761090719,0.2529758503008555,0.0,0.0,0.167694007236868,0.0605797701211012,0.0,0.0,0.0,0.0,0.0,0.0,0.0,0.0030045874151207,0.0,0.6751580520092749,0.0008232381382878,0.0,0.0170917803731006,0.0024577505423836,0.0836674315861629,0.7115371624117067,0.0,42.2611,18.6017,6.1293500000000005,11.91745
AC-BC-BF-BH-BV-CG-CH-EL-PC-PJ-RI,0.0,0.0006,0.0006,0.0006,0.0006,0.0,0.0,0.0006,0.0,0.0,0.0,0.0,0.0,0.0,0.0,0.0006,0.0,0.0006,0.0006,0.0006,0.0006,0.0,0.0006,0.0,0.0,0.0,0.0,0.0,28.0,0.0
AC-BC-BF-BH-BV-CG-CH-EL-PC-PJ-RI,48.0,0.3915673371339394,0.0414782121302427,0.0900955835014865,0.1902642255430763,0.0,0.0,0.4561340540608172,0.0,0.0,0.0,0.0,0.0,0.0,0.0,0.0065072646554997,0.0,0.3309458547382836,0.5742201919563947,0.001517579274715,0.1166504568234605,0.0,0.0007044659321758,0.0,0.0,0.0,38.46255655,27.937278565,1.77529095,28.840007265
AC-BC-BF-BH-BY-CC-DP-ER-FP-PJ-RI,0.0,0.0,0.0006,0.0,0.0006,0.0,0.0,0.0006,0.0006,0.0,0.0006,0.0,0.0,0.0,0.0,0.0,0.0006,0.0,0.0006,0.0006,0.0,0.0006,0.0006,0.0006,0.0,0.0,0.0,0.0,28.0,0.0
AC-BC-BF-BH-BY-CC-DP-ER-FP-PJ-RI,48.0,0.0,0.0860422450172026,0.0,0.2855046784479956,0.0,0.0,0.2779414242168208,0.0534494052376573,0.0,0.007691158058113,0.0,0.0,0.0,0.0,0.0,0.0099074102364,0.0,0.9270526257973932,0.0014339914592967,0.0,0.2359802327943743,0.0001303986710963,0.5844559143142206,0.0,0.0,25.605,19.09,33.28,11.115
AC-BC-BF-BL-BO-BP-BT-BV-CG-CH-DP-PJ,0.0,0.0,0.0005499999999999,0.0005499999999999,0.0005499999999999,0.0005499999999999,0.0005499999999999,0.0005499999999999,0.0,0.0,0.0005499999999999,0.0005499999999999,0.0,0.0005499999999999,0.0,0.0,0.0,0.0005499999999999,0.0005499999999999,0.0,0.0005499999999999,0.0,0.0,0.0,0.0,0.0,0.0,0.0,28.0,0.0
AC-BC-BF-BL-BO-BP-BT-BV-CG-CH-DP-PJ,48.0,0.0,0.0407558139714399,0.0293898779970176,0.1568606348173196,0.1305626823282686,0.2610873481060913,0.2927807189940048,0.0,0.0,0.0038495679082484,0.0043773591260675,0.0,0.1422202301113462,0.0,0.0,0.0,0.1260412455825404,0.6695560501953892,0.0,0.0922126968867408,0.0,0.0,0.0,0.0,0.0,16.810458545,46.53027692,38.68263639,14.252390705
AC-BC-BF-BL-BO-BP-BV-CC-CG-DL-ER-FP-RI,0.0,0.0,0.0,0.0005076923076923,0.0005076923076923,0.0005076923076923,0.0,0.0005076923076923,0.0,0.0,0.0,0.0005076923076923,0.0,0.0005076923076923,0.0,0.0,0.0005076923076923,0.0,0.0005076923076923,0.0,0.0005076923076923,0.0005076923076923,0.0005076923076923,0.0005076923076923,0.0005076923076923,0.0,0.0,0.0,28.0,0.0
AC-BC-BF-BL-BO-BP-BV-CC-CG-DL-ER-FP-RI,48.0,0.0,0.0,0.0129147804604187,0.2241843373053755,0.0539616408784223,0.0,0.1430543240495119,0.0,0.0,0.0,0.0099098397989438,0.0,0.1590971659971715,0.0,0.0,0.0020995315808459,0.0,0.621473431498408,0.0,0.0899397331996061,0.0067060197459309,0.0016221483780365,0.0202209425047302,0.8327605089622253,0.0,40.07175,30.29425,8.02805,10.0163
AC-BC-BF-BL-BO-BT-BU-BY-CA-CH-DF-EL-ER-FP-PC,0.0,0.00044,0.0,0.0,0.00044,0.00044,0.00044,0.00044,0.00044,0.00044,0.0,0.00044,0.0,0.0,0.00044,0.00044,0.00044,0.00044,0.00044,0.0,0.0,0.00044,0.0,0.0,0.0,0.00044,0.0,0.0,28.0,0.0
AC-BC-BF-BL-BO-BT-BU-BY-CA-CH-DF-EL-ER-FP-PC,48.0,0.2119859548920904,0.0,0.0,0.2079809947591041,0.1463897618771106,0.2228724081310428,0.2824219560926288,0.0612239723394091,0.0463965518179433,0.0,0.0130750086030171,0.0,0.0,0.1623538698617688,0.0016300761710276,0.0014391952543373,0.1266191665988174,0.2976356907662715,0.0,0.0,0.0656001542996912,0.0,0.0,0.0,0.1713808366266146,37.70448502,20.475980645,1.954496205,30.050607695
AC-BC-BF-BL-BO-BT-BU-CC-DL-ER-FP-PC-PJ-RI,0.0,0.0004714285714285,0.0004714285714285,0.0,0.0004714285714285,0.0004714285714285,0.0004714285714285,0.0004714285714285,0.0,0.0004714285714285,0.0,0.0004714285714285,0.0,0.0,0.0,0.0,0.0004714285714285,0.0,0.0004714285714285,0.0,0.0,0.0004714285714285,0.0004714285714285,0.0004714285714285,0.0004714285714285,0.0,0.0,0.0,28.0,0.0
AC-BC-BF-BL-BO-BT-BU-CC-DL-ER-FP-PC-PJ-RI,48.0,0.1085119886055243,0.0031060640164153,0.0,0.1900725634528198,0.0374943371981119,0.1978976949340239,0.135804193763241,0.0,0.0099516299307598,0.0,0.0087201775130926,0.0,0.0,0.0,0.0,0.0050874072316221,0.0,0.5936301130893682,0.0,0.0,0.0198229226614332,0.0020616804152921,0.1031120588237175,0.8378434591636266,0.0,41.3245,21.94455,7.3865,14.5002
AC-BC-BF-BL-BO-BU-BY-CC-CG-DP-ER-FP-PJ-RI,0.0,0.0,0.0004714285714285,0.0,0.0004714285714285,0.0004714285714285,0.0,0.0004714285714285,0.0004714285714285,0.0004714285714285,0.0004714285714285,0.0004714285714285,0.0,0.0,0.0,0.0,0.0004714285714285,0.0,0.0004714285714285,0.0,0.0004714285714285,0.0004714285714285,0.0004714285714285,0.0004714285714285,0.0,0.0,0.0,0.0,28.0,0.0
AC-BC-BF-BL-BO-BU-BY-CC-CG-DP-ER-FP-PJ-RI,48.0,0.0,0.0051057803228901,0.0,0.3100538818226245,0.0896620912887709,0.0,0.1911673691417219,0.0537073293359241,0.0079223614269495,0.0034163505697215,0.0156768623498956,0.0,0.0,0.0,0.0,0.0061115103583931,0.0,0.8282155134564191,0.0,0.2424590668761644,0.044359318111133,0.0044527715619783,0.4353356386094024,0.0,0.0,39.0214,24.6521,6.6269,14.9801
AC-BC-BF-BL-BO-BV-BY-CA-CC-CG-CH-DF-ER-FP-PJ-RI,0.0,0.0,0.0004125,0.0004125,0.0004125,0.0004125,0.0,0.0004125,0.0004125,0.0,0.0,0.0004125,0.0,0.0,0.0004125,0.0,0.0004125,0.0004125,0.0004125,0.0,0.0004125,0.0004125,0.0004125,0.0004125,0.0,0.0004125,0.0,0.0,28.0,0.0
AC-BC-BF-BL-BO-BV-BY-CA-CC-CG-CH-DF-ER-FP-PJ-RI,48.0,0.0,0.0017723159756388,0.048207268065509,0.1702465446307138,0.107899395410946,0.0,0.2074182489618607,0.067618546317581,0.0,0.0,0.006360460786872,0.0,0.0,0.119737603473553,0.0,0.0014092947459526,0.1207528208750828,1.0331338642900314,0.0,0.0289126288112359,0.0098271054661566,0.0032651193062002,0.0769853186878963,0.0,0.185699092485143,35.3564,27.05525,0.0,26.41705
AC-BC-BF-BL-BT-BY-CA-EL-ER-FP-PJ,0.0,0.0,0.0006,0.0,0.0006,0.0,0.0006,0.0006,0.0006,0.0,0.0,0.0006,0.0,0.0,0.0006,0.0006,0.0006,0.0,0.0006,0.0,0.0,0.0006,0.0,0.0,0.0,0.0,0.0,0.0,28.0,0.0
AC-BC-BF-BL-BT-BY-CA-EL-ER-FP-PJ,48.0,0.0,0.1386477459328525,0.0,0.1765399846058769,0.0,0.3005272689373077,0.3410150927324084,0.083327021073544,0.0,0.0,0.0173920278709658,0.0,0.0,0.157636769509375,0.0120936640754218,0.0014851532513669,0.0,0.7751853056104606,0.0,0.0,0.0724082122774807,0.0,0.0,0.0,0.0,45.034960645,13.52493106,1.936444425,23.904606975
AC-BC-BF-BL-BU-BV-BY-CG-CH-DP-EL,0.0,0.0,0.0,0.0006,0.0006,0.0,0.0,0.0006,0.0006,0.0006,0.0006,0.0006,0.0,0.0,0.0,0.0006,0.0,0.0006,0.0006,0.0,0.0006,0.0,0.0,0.0,0.0,0.0,0.0,0.0,28.0,0.0
AC-BC-BF-BL-BU-BV-BY-CG-CH-DP-EL,16.0,0.0,0.0,0.054411366,0.243565061,0.0,0.0,0.727331572,0.229517036,0.168180587,0.021962406,0.032053241,0.0,0.0,0.0,0.001385017,0.0,0.177282124,0.251875161,0.0,0.037593308,0.0,0.0,0.0,0.0,0.0,14.077442,43.37844228,27.60369324,19.50152374
AC-BC-BF-BL-BU-BV-BY-CG-CH-DP-EL,32.0,0.0,0.0,0.011425577,0.145386329,0.0,0.0,0.375388164,0.196387456,0.076667278,0.005961171,0.026162916,0.0,0.0,0.0,0.001324705,0.0,0.344588783,0.499744808,0.0,0.030633794,0.0,0.0,0.0,0.0,0.0,15.508096,41.50118988,29.33168139,21.45295114
AC-BC-BF-BL-BU-BV-BY-CG-CH-DP-EL,48.0,0.0,0.0,0.02246745147571375,0.23774939413894608,0.0,0.0,0.355270378195025,0.21743099809905791,0.0610758398433912,0.00789142769075645,0.026966117464233053,0.0,0.0,0.0,0.0013695803551661999,0.0,0.2045669934349425,0.681682937248013,0.0,0.0534878443352958,0.0,0.0,0.0,0.0,0.0,18.51954446,39.89348615,25.515943219999997,28.36472269
AC-BC-BF-BL-BV-BY-CA-CC-DF-DP-EL-ER-FP-RI,0.0,0.0,0.0,0.0004714285714285,0.0004714285714285,0.0,0.0,0.0004714285714285,0.0004714285714285,0.0,0.0004714285714285,0.0004714285714285,0.0,0.0,0.0004714285714285,0.0004714285714285,0.0004714285714285,0.0,0.0004714285714285,0.0,0.0,0.0004714285714285,0.0004714285714285,0.0004714285714285,0.0,0.0004714285714285,0.0,0.0,28.0,0.0
AC-BC-BF-BL-BV-BY-CA-CC-DF-DP-EL-ER-FP-RI,48.0,0.0,0.0,0.0196929776915623,0.2346322015205658,0.0,0.0,0.2036417533857401,0.0365628673124392,0.0,0.0107430517994565,0.0131156059392688,0.0,0.0,0.0817018260487587,0.0557406854718275,0.0004815235460078,0.0,0.3666137265330119,0.0,0.0,0.0251269877865024,0.0048892885516909,0.1825629721772891,0.0,0.5409202270559335,48.53895,12.6404,0.0,14.87895
AC-BC-BF-BO-BP-CC-CH-DL-ER-FP-RI,0.0,0.0,0.0,0.0,0.0006,0.0006,0.0,0.0006,0.0,0.0,0.0,0.0,0.0,0.0006,0.0,0.0,0.0006,0.0006,0.0006,0.0,0.0,0.0006,0.0006,0.0006,0.0006,0.0,0.0,0.0,28.0,0.0
AC-BC-BF-BO-BP-CC-CH-DL-ER-FP-RI,48.0,0.0,0.0,0.0,0.2133764826274357,0.2284255303808549,0.0,0.4031741746161289,0.0,0.0,0.0,0.0,0.0,0.1716286251738086,0.0,0.0,0.0008175197829625,0.0345502842131123,0.5397183491865052,0.0,0.0,0.0316100392710939,0.0037213286635589,0.0525275843395608,0.7577241592747606,0.0,26.23595,37.89045,27.6463,12.7601
AC-BC-BF-BO-BT-BU-CA-DF-EL-ER-RI,0.0,0.0,0.0,0.0,0.0006,0.0006,0.0006,0.0006,0.0,0.0006,0.0,0.0,0.0,0.0,0.0006,0.0006,0.0,0.0,0.0006,0.0,0.0,0.0006,0.0006,0.0,0.0,0.0006,0.0,0.0,28.0,0.0
AC-BC-BF-BO-BT-BU-CA-DF-EL-ER-RI,16.0,0.0,0.0,0.0,0.285126075,0.166285527,0.388683865,0.416968372,0.0,0.059078123,0.0,0.0,0.0,0.0,0.139597726,0.005930622,0.0,0.0,0.405107127,0.0,0.0,0.263000292,0.003649614,0.0,0.0,0.473309284,40.9549616,17.47333628,9.50877297,19.21585576
AC-BC-BF-BO-BT-BU-CA-DF-EL-ER-RI,32.0,0.0,0.0,0.0,0.134208745,0.045185859,0.245936963,0.173549667,0.0,0.026976632,0.0,0.0,0.0,0.0,0.103860034,0.035968843,0.0,0.0,0.339231149,0.0,0.0,0.174673693,0.002922468,0.0,0.0,0.583594475,43.79219712,14.96073524,1.39819728,20.82460901
AC-BC-BF-BO-BT-BU-CA-DF-EL-ER-RI,48.0,0.0,0.0,0.0,0.15770378972639482,0.04966161052055165,0.2635831252399803,0.1483297904248296,0.0,0.03175096496463345,0.0,0.0,0.0,0.0,0.09287157464797885,0.02124750505018905,0.0,0.0,0.3159925043051954,0.0,0.0,0.08375805414864701,0.00069370423174975,0.0,0.0,0.5313834671626319,46.03486345499999,15.3213801975,1.1892106425,22.0191137825
AC-BC-BF-BO-BV-BY-CC-CH-DF-EL-ER-FP-PJ-RI,0.0,0.0,0.0004714285714285,0.0004714285714285,0.0004714285714285,0.0004714285714285,0.0,0.0004714285714285,0.0004714285714285,0.0,0.0,0.0,0.0,0.0,0.0,0.0004714285714285,0.0004714285714285,0.0004714285714285,0.0004714285714285,0.0,0.0,0.0004714285714285,0.0004714285714285,0.0004714285714285,0.0,0.0004714285714285,0.0,0.0,28.0,0.0
AC-BC-BF-BO-BV-BY-CC-CH-DF-EL-ER-FP-PJ-RI,48.0,0.0,0.0027618320880781,0.047888174120666,0.1289027805674791,0.0867297824766294,0.0,0.2531647250955443,0.0459952871464221,0.0,0.0,0.0,0.0,0.0,0.0,0.0559140750217482,0.0008368513516248,0.0183620325231228,0.6501871541146338,0.0,0.0,0.0116323451014369,0.0079888292247007,0.0882064388427531,0.0,0.4663486329130327,41.2327,10.6265,0.0,23.2295
AC-BC-BF-BO-CC-DP-ER-FP-PC-PJ-RI,0.0,0.0006,0.0006,0.0,0.0006,0.0006,0.0,0.0006,0.0,0.0,0.0006,0.0,0.0,0.0,0.0,0.0,0.0006,0.0,0.0006,0.0,0.0,0.0006,0.0006,0.0006,0.0,0.0,0.0,0.0,28.0,0.0
AC-BC-BF-BO-CC-DP-ER-FP-PC-PJ-RI,48.0,0.6035022354639897,0.0056380561288744,0.0,0.3446291041580371,0.0984881679035818,0.0,0.2659470814695299,0.0,0.0,0.0080493149648102,0.0,0.0,0.0,0.0,0.0,0.0052824274254289,0.0,0.9242436502141008,0.0,0.0,0.1764010147983877,0.0032719559387364,0.3710748092651585,0.0,0.0,30.34525,21.4162,21.5107,20.4269
AC-BC-BF-BP-BT-BV-CG-DL-DP-ER-FP-PJ,0.0,0.0,0.0005499999999999,0.0005499999999999,0.0005499999999999,0.0,0.0005499999999999,0.0005499999999999,0.0,0.0,0.0005499999999999,0.0,0.0,0.0005499999999999,0.0,0.0,0.0005499999999999,0.0,0.0005499999999999,0.0,0.0005499999999999,0.0005499999999999,0.0,0.0,0.0005499999999999,0.0,0.0,0.0,28.0,0.0
AC-BC-BF-BP-BT-BV-CG-DL-DP-ER-FP-PJ,48.0,0.0,0.0614757491541895,0.0419476521489035,0.2733182629180476,0.0,0.3003971598115103,0.2773369427220055,0.0,0.0,0.0047981763940043,0.0,0.0,0.3027996880216561,0.0,0.0,0.0022421096849405,0.0,0.6109044191077405,0.0,0.1209661872338431,0.0237141906602626,0.0,0.0,0.036292364324548,0.0,17.16837836,43.8230229,42.143707805000005,12.596269185
AC-BC-BF-BP-BU-CA-CG-CH-EL-FP-PJ,0.0,0.0,0.0006,0.0,0.0006,0.0,0.0,0.0006,0.0,0.0006,0.0,0.0,0.0,0.0006,0.0006,0.0006,0.0006,0.0006,0.0006,0.0,0.0006,0.0,0.0,0.0,0.0,0.0,0.0,0.0,28.0,0.0
AC-BC-BF-BP-BU-CA-CG-CH-EL-FP-PJ,16.0,0.0,0.027646825,0.0,0.256033644,0.0,0.0,0.886381263,0.0,0.197855107,0.0,0.0,0.0,0.226223154,0.172371946,0.001202036,0.000961629,0.058659351,0.461822188,0.0,0.031974155,0.0,0.0,0.0,0.0,0.0,39.45740456,37.1693884,7.85269575,23.93151125
AC-BC-BF-BP-BU-CA-CG-CH-EL-FP-PJ,32.0,0.0,0.019535893,0.0,0.235458915,0.0,0.0,0.448502965,0.0,0.05901896,0.0,0.0,0.0,0.135723043,0.166157907,0.012955381,0.001645128,0.561194218,0.380641443,0.0,0.024676917,0.0,0.0,0.0,0.0,0.0,43.48798568,34.19913272,1.17199858,25.50339767
AC-BC-BF-BP-BU-CA-CG-CH-EL-FP-PJ,48.0,0.0,0.05119023277166755,0.0,0.2610578178206066,0.0,0.0,0.43785790126234236,0.0,0.0646011035058959,0.0,0.0,0.0,0.15951710739651745,0.125425095171401,0.00556843031346115,0.0009448511286224001,0.18696840770920614,0.446479176287211,0.0,0.18393137820410677,0.0,0.0,0.0,0.0,0.0,46.7469700625,34.773316092499996,1.18394079,23.366999784999997
AC-BC-BF-BT-BU-BV-BY-CH-DF-PJ-RI,0.0,0.0,0.0006,0.0006,0.0006,0.0,0.0006,0.0006,0.0006,0.0006,0.0,0.0,0.0,0.0,0.0,0.0,0.0,0.0006,0.0006,0.0,0.0,0.0,0.0006,0.0,0.0,0.0006,0.0,0.0,28.0,0.0
AC-BC-BF-BT-BU-BV-BY-CH-DF-PJ-RI,16.0,0.0,0.019630402,0.023235986,0.228153343,0.0,0.290249511,0.575691577,0.166057174,0.095347666,0.0,0.0,0.0,0.0,0.0,0.0,0.0,0.104361626,0.274224694,0.0,0.0,0.0,0.004807445,0.0,0.0,0.365966775,21.73576104,45.05355692,14.87206769,25.32429628
AC-BC-BF-BT-BU-BV-BY-CH-DF-PJ-RI,32.0,0.0,0.012727646,0.014474578,0.124281719,0.0,0.189167757,0.295730597,0.086597905,0.062390421,0.0,0.0,0.0,0.0,0.0,0.0,0.0,0.098077742,0.576986615,0.0,0.0,0.0,0.00449211,0.0,0.0,0.474915886,21.9788744,35.78539248,14.47707512,27.94354902
AC-BC-BF-BT-BU-BV-BY-CH-DF-PJ-RI,48.0,0.0,0.01912287792608315,0.0126442030389189,0.143521749395145,0.0,0.20897258713096,0.29937391487654325,0.08992879206880966,0.0360473123805899,0.0,0.0,0.0,0.0,0.0,0.0,0.0,0.11885408592318344,0.6128456247600893,0.0,0.0,0.0,0.0016933956924366,0.0,0.0,0.26280075781845974,27.269300352500004,26.7120689275,11.9224669925,31.4888293075
AC-BC-BF-BT-BY-CA-CC-DL-ER-FP-RI,0.0,0.0,0.0,0.0,0.0006,0.0,0.0006,0.0006,0.0006,0.0,0.0,0.0,0.0,0.0,0.0006,0.0,0.0006,0.0,0.0006,0.0,0.0,0.0006,0.0006,0.0006,0.0006,0.0,0.0,0.0,28.0,0.0
AC-BC-BF-BT-BY-CA-CC-DL-ER-FP-RI,48.0,0.0,0.0,0.0,0.1464254988390926,0.0,0.2211670790402034,0.2064955177328168,0.031405189979979,0.0,0.0,0.0,0.0,0.0,0.133406048782286,0.0,0.0075696409312037,0.0,0.5681161473427845,0.0,0.0,0.0191512148945158,0.0042429073908207,0.0475278439818952,0.7725932256839689,0.0,43.16974999999999,18.39085,0.0,15.4025
AC-BC-BF-BU-BV-BY-CA-DF-EL-ER-FP,0.0,0.0,0.0,0.0006,0.0006,0.0,0.0,0.0006,0.0006,0.0006,0.0,0.0,0.0,0.0,0.0006,0.0006,0.0006,0.0,0.0006,0.0,0.0,0.0006,0.0,0.0,0.0,0.0006,0.0,0.0,28.0,0.0
AC-BC-BF-BU-BV-BY-CA-DF-EL-ER-FP,48.0,0.0,0.0,0.1295915914720764,0.1896195839399953,0.0,0.0,0.4015042897637954,0.0470210417711733,0.0282700541335335,0.0,0.0,0.0,0.0,0.0933065076558866,0.0109457782175505,0.0008080459755564,0.0,0.3380485831442673,0.0,0.0,0.0473702671939991,0.0,0.0,0.0,0.5590902800127463,43.59413429,15.704478875,1.12975503,19.491880055
AC-BC-BF-BU-CA-CG-CH-DP-EL-FP-PC-PJ,0.0,0.00054999999999995,0.00054999999999995,0.0,0.00054999999999995,0.0,0.0,0.00054999999999995,0.0,0.00054999999999995,0.00054999999999995,0.0,0.0,0.0,0.00054999999999995,0.00054999999999995,0.00054999999999995,0.00054999999999995,0.00054999999999995,0.0,0.00054999999999995,0.0,0.0,0.0,0.0,0.0,0.0,0.0,28.0,0.0
AC-BC-BF-BU-CA-CG-CH-DP-EL-FP-PC-PJ,16.0,1.186166369,0.026788119,0.0,0.385979343,0.0,0.0,0.513871006,0.0,0.09879919,0.009217417,0.0,0.0,0.0,0.08266871,0.0,0.001152177,0.12904384,0.110609006,0.0,0.038597934,0.0,0.0,0.0,0.0,0.0,14.5200264,48.8072422,25.82883666,31.83840765
AC-BC-BF-BU-CA-CG-CH-DP-EL-FP-PC-PJ,32.0,0.591110171,0.020942526,0.0,0.251605278,0.0,0.0,0.479318378,0.0,0.092029128,0.00973385,0.0,0.0,0.0,0.213554773,0.001179861,0.000294965,0.366936653,0.448052071,0.0,0.035690784,0.0,0.0,0.0,0.0,0.0,14.92650208,43.7177472,24.53021794,38.11791192
AC-BC-BF-BU-CA-CG-CH-DP-EL-FP-PC-PJ,48.0,0.5600152405409471,0.052432535593148796,0.0,0.24606397315298717,0.0,0.0,0.4314853216595067,0.0,0.0729628652495011,0.0073529484854308,0.0,0.0,0.0,0.0742050534289441,0.0018835413034662498,0.0031170687994659502,0.3025204784730299,0.4488014044292294,0.0,0.061340502057372195,0.0,0.0,0.0,0.0,0.0,27.4982218225,32.747728609999996,13.0799261675,35.86362531
AC-BC-BH-BL-BO-BP-BT-BU-BY-CG-DF-FP-PJ-RI,0.0,0.0,0.00047142878571425,0.0,0.0,0.00047142878571425,0.00047142878571425,0.00047142878571425,0.00047142878571425,0.00047142878571425,0.0,0.00047142878571425,0.0,0.00047142878571425,0.0,0.0,0.00047142878571425,0.0,0.00047142878571425,0.00047142878571425,0.00047142878571425,0.0,0.00047142878571425,0.0,0.0,0.00047142878571425,0.0,0.0,28.0,0.0
AC-BC-BH-BL-BO-BP-BT-BU-BY-CG-DF-FP-PJ-RI,16.0,0.0,0.024338767,0.0,0.0,0.135374447,0.456709797,0.413759032,0.144282754,0.053927071,0.0,0.011930768,0.0,0.153986445,0.0,0.0,0.003022461,0.0,0.193278441,0.000477231,0.037383073,0.0,0.002068,0.0,0.0,0.260727049,26.39078416,27.39044236,18.96005362,15.10007136
AC-BC-BH-BL-BO-BP-BT-BU-BY-CG-DF-FP-PJ-RI,32.0,0.0,0.018850547,0.0,0.0,0.083718607,0.36795529,0.29809738,0.118462753,0.035298574,0.0,0.007946799,0.0,0.101645108,0.0,0.0,0.002032902,0.0,0.474405439,0.000369619,0.030123914,0.0,0.002032902,0.0,0.0,0.31620869,29.4261592,35.39487544,28.0810812,17.66094188
AC-BC-BH-BL-BO-BP-BT-BU-BY-CG-DF-FP-PJ-RI,48.0,0.0,0.030093515811129,0.0,0.0,0.06992779146451016,0.33183664515276556,0.22999938601506265,0.0915272322172652,0.0160866968811915,0.0,0.0070651057865437,0.0,0.1480488929412465,0.0,0.0,0.00229136379545575,0.0,0.6486555203146869,0.00047510375151125,0.0704532812475665,0.0,0.0013412177438153002,0.0,0.0,0.1679044861876623,30.399574469999997,33.6884073225,22.670401812500003,16.722783515
AC-BC-BH-BL-BO-BP-BT-CC-CH-DF-DL-EL-ER-FP-RI,0.0,0.0,0.0,0.0,0.0,0.00044,0.00044,0.00044,0.0,0.0,0.0,0.00044,0.0,0.00044,0.0,0.00044,0.00044,0.00044,0.00044,0.00044,0.0,0.00044,0.00044,0.00044,0.00044,0.00044,0.0,0.0,28.0,0.0
AC-BC-BH-BL-BO-BP-BT-CC-CH-DF-DL-EL-ER-FP-RI,48.0,0.0,0.0,0.0,0.0,0.1128766477030353,0.3560353215211617,0.3321948135965099,0.0,0.0,0.0,0.0099238642550071,0.0,0.1483447178795999,0.0,0.0271486301988731,0.0007095405782805,0.015784041795102,0.8453107605430799,0.0007130235597391,0.0,0.0391419055039266,0.0082763965290885,0.0795568494789601,0.4048170294955486,0.2269534338023477,34.095150000000004,24.1772,17.6403,14.5767
AC-BC-BH-BL-BO-BU-BY-CA-CG-CH-DF-DL-DP-EL-PC-PJ,0.0,0.0004125,0.0004125,0.0,0.0,0.0004125,0.0,0.0004125,0.0004125,0.0004125,0.0004125,0.0004125,0.0,0.0,0.0004125,0.0004125,0.0,0.0004125,0.0004125,0.0004125,0.0004125,0.0,0.0,0.0,0.0004125,0.0004125,0.0,0.0,28.0,0.0
AC-BC-BH-BL-BO-BU-BY-CA-CG-CH-DF-DL-DP-EL-PC-PJ,16.0,0.229101666,0.017306241,0.0,0.0,0.282531251,0.0,0.466444398,0.150124773,0.068950261,0.005768747,0.0061808,0.0,0.0,0.031590757,0.001098809,0.0,0.046012625,0.082960076,0.000686756,0.025959361,0.0,0.0,0.0,0.408207524,0.164271938,18.32808016,44.60725736,31.59869173,16.99707504
AC-BC-BH-BL-BO-BU-BY-CA-CG-CH-DF-DL-DP-EL-PC-PJ,32.0,0.316889172,0.011586441,0.0,0.0,0.155065207,0.0,0.283867814,0.106209046,0.039973223,0.003862147,0.006758757,0.0,0.0,0.015834803,0.000772429,0.0,0.050980342,0.361303864,0.000579322,0.021241809,0.0,0.0,0.0,0.2966129,0.145602947,17.86774216,40.31179844,33.33293865,21.18205025
AC-BC-BH-BL-BO-BU-BY-CA-CG-CH-DF-DL-DP-EL-PC-PJ,48.0,0.21721742103434474,0.0302217921958885,0.0,0.0,0.17385514365339244,0.0,0.29711973855711776,0.09202920155876285,0.03393749158101655,0.0048966286599527,0.0060695436911372,0.0,0.0,0.0430604193630363,0.00217113875087095,0.0,0.0765908229360782,0.5735741425698313,0.0002503612664632,0.0394271866429401,0.0,0.0,0.0,0.1906804040797899,0.17122464111639754,21.899158167499998,40.1623095075,25.46267117,23.021326600000002
AC-BC-BH-BL-BO-BU-CA-CC-CG-DF-DP-PC-RI,0.0,0.00050769215384615,0.0,0.0,0.0,0.00050769215384615,0.0,0.00050769215384615,0.0,0.00050769215384615,0.00050769215384615,0.00050769215384615,0.0,0.0,0.00050769215384615,0.0,0.0,0.0,0.00050769215384615,0.00050769215384615,0.00050769215384615,0.0,0.00050769215384615,0.00050769215384615,0.0,0.00050769215384615,0.0,0.0,28.0,0.0
AC-BC-BH-BL-BO-BU-CA-CC-CG-DF-DP-PC-RI,16.0,0.353223313,0.0,0.0,0.0,0.115742413,0.0,0.480049379,0.0,0.077222175,0.014717638,0.012718946,0.0,0.0,0.063049634,0.0,0.0,0.0,0.123010382,0.001271895,0.080129363,0.0,0.00236209,0.107747646,0.0,0.693727679,23.90332376,32.30355932,28.1723843,10.42670019
AC-BC-BH-BL-BO-BU-CA-CC-CG-DF-DP-PC-RI,32.0,0.445349039,0.0,0.0,0.0,0.061581757,0.0,0.204775324,0.0,0.041551705,0.005966399,0.007031827,0.0,0.0,0.040060105,0.0,0.0,0.0,0.534418847,0.001065428,0.04474799,0.0,0.000426171,0.047518103,0.0,0.445135953,25.5111984,31.69792616,25.77871085,14.61425785
AC-BC-BH-BL-BO-BU-CA-CC-CG-DF-DP-PC-RI,48.0,0.26221114327837863,0.0,0.0,0.0,0.0331864497927655,0.0,0.13952524267786098,0.0,0.019788982609835498,0.0043303516880802,0.0074290593268804,0.0,0.0,0.05852770389517235,0.0,0.0,0.0,0.6630415626679105,0.0003881571928128,0.09779896519647856,0.0,0.0006617056455849569,0.06344737681161965,0.0,0.36720675780655976,33.62021924,28.63155764,17.37775719,14.789129522500001
AC-BC-BH-BL-CC-DF-DL-DP-ER-FP-RI,0.0,0.0,0.0,0.0,0.0,0.0,0.0,0.0006,0.0,0.0,0.0006,0.0006,0.0,0.0,0.0,0.0,0.0006,0.0,0.0006,0.0006,0.0,0.0006,0.0006,0.0006,0.0006,0.0006,0.0,0.0,28.0,0.0
AC-BC-BH-BL-CC-DF-DL-DP-ER-FP-RI,48.0,0.0,0.0,0.0,0.0,0.0,0.0,0.217707087936367,0.0,0.0,0.0024046457504793,0.0246371159228163,0.0,0.0,0.0,0.0,0.0013317292679339,0.0,0.8283259537487115,0.0010539593460008,0.0,0.0131610973633815,0.0009892561496544,0.0297128030637794,0.689494896155546,0.1224326940639276,25.5705,32.30185,39.58605,1.9763
AC-BC-BH-BL-CC-DF-DP-ER-FP-PJ-RI,0.0,0.0,0.0006,0.0,0.0,0.0,0.0,0.0006,0.0,0.0,0.0006,0.0006,0.0,0.0,0.0,0.0,0.0006,0.0,0.0006,0.0006,0.0,0.0006,0.0006,0.0006,0.0,0.0006,0.0,0.0,28.0,0.0
AC-BC-BH-BL-CC-DF-DP-ER-FP-PJ-RI,48.0,0.0,0.1094605282041616,0.0,0.0,0.0,0.0,0.2861857021793862,0.0,0.0,0.01036493170295,0.0389783555788286,0.0,0.0,0.0,0.0,0.0027181093145706,0.0,1.1099333755429233,0.0007923121650003,0.0,0.3942830067686756,0.0005498326293141,0.4487011399376118,0.0,0.1639048124158066,25.215,20.82,30.28,4.785
AC-BC-BH-BO-BP-BT-BV-BY-CA-CG-EL-FP-PJ,0.0,0.0,0.00050769215384615,0.00050769215384615,0.0,0.00050769215384615,0.00050769215384615,0.00050769215384615,0.00050769215384615,0.0,0.0,0.0,0.0,0.00050769215384615,0.00050769215384615,0.00050769215384615,0.00050769215384615,0.0,0.00050769215384615,0.00050769215384615,0.00050769215384615,0.0,0.0,0.0,0.0,0.0,0.0,0.0,28.0,0.0
AC-BC-BH-BO-BP-BT-BV-BY-CA-CG-EL-FP-PJ,16.0,0.0,0.021880267,0.06548109,0.0,0.181749951,0.389053498,0.485997452,0.160508524,0.0,0.0,0.0,0.0,0.558665491,0.145815207,0.004471879,0.00047913,0.0,0.120261611,0.00095826,0.036413874,0.0,0.0,0.0,0.0,0.0,27.6256872,38.64036376,19.94689136,26.23714146
AC-BC-BH-BO-BP-BT-BV-BY-CA-CG-EL-FP-PJ,32.0,0.0,0.016761192,0.042363451,0.0,0.08693717,0.263758531,0.372061615,0.146061812,0.0,0.0,0.0,0.0,0.346275167,0.229131015,0.008841068,0.002026078,0.0,0.331171675,0.000920945,0.021365915,0.0,0.0,0.0,0.0,0.0,28.31971864,30.10306144,18.35188816,27.24849297
AC-BC-BH-BO-BP-BT-BV-BY-CA-CG-EL-FP-PJ,48.0,0.0,0.02786616945926855,0.0247291175883934,0.0,0.05593954900376885,0.24851045439359948,0.2111059946541515,0.0859321748474845,0.0,0.0,0.0,0.0,0.24446069805904536,0.19534914070808196,0.010202043197569201,0.00269758117802655,0.0,0.5983607673852633,0.0006881540538307,0.0338941364762366,0.0,0.0,0.0,0.0,0.0,39.120832315,25.070354260000002,8.714632425,25.1947981225
AC-BC-BH-BO-BP-BU-BV-BY-CG-EL-ER-FP-PC-PJ,0.0,0.00047142878571425,0.00047142878571425,0.00047142878571425,0.0,0.00047142878571425,0.0,0.00047142878571425,0.00047142878571425,0.00047142878571425,0.0,0.0,0.0,0.00047142878571425,0.0,0.00047142878571425,0.00047142878571425,0.0,0.00047142878571425,0.00047142878571425,0.00047142878571425,0.00047142878571425,0.0,0.0,0.0,0.0,0.0,0.0,28.0,0.0
AC-BC-BH-BO-BP-BU-BV-BY-CG-EL-ER-FP-PC-PJ,16.0,0.325571939,0.023452216,0.096765025,0.0,0.15884442,0.0,0.543342515,0.130465268,0.051240136,0.0,0.0,0.0,0.163574279,0.0,0.001379542,0.00078831,0.0,0.199836529,0.0,0.032714856,0.460964143,0.0,0.0,0.0,0.0,27.34492336,39.02568,19.65877647,24.68229167
AC-BC-BH-BO-BP-BU-BV-BY-CG-EL-ER-FP-PC-PJ,32.0,0.081640618,0.019221213,0.049935523,0.0,0.120677515,0.0,0.42623536,0.14227661,0.046963171,0.0,0.0,0.0,0.092539244,0.0,0.002576039,0.000396314,0.0,0.67888533,0.000396314,0.025958546,0.254037067,0.0,0.0,0.0,0.0,28.9304308,29.442812,16.89358733,26.87886709
AC-BC-BH-BO-BP-BU-BV-BY-CG-EL-ER-FP-PC-PJ,48.0,0.120228636455077,0.0072610985031702005,0.03622340773501945,0.0,0.08070261892195395,0.0,0.3183244302617267,0.10709925655799375,0.0185801475531781,0.0,0.0,0.0,0.23260914943450922,0.0,0.006874735886175249,0.0006018285466811,0.0,0.6515490392743775,0.00053931225029985,0.0681546823821319,0.0992584574318134,0.0,0.0,0.0,0.0,40.456942385000005,27.4977235,7.9121377775,23.287452905000002
AC-BC-BH-BO-BP-CA-CC-CG-CH-DF-DL-DP-ER-FP-RI,0.0,0.0,0.0,0.0,0.0,0.00044,0.0,0.00044,0.0,0.0,0.00044,0.0,0.0,0.00044,0.00044,0.0,0.00044,0.00044,0.00044,0.00044,0.00044,0.00044,0.00044,0.00044,0.00044,0.00044,0.0,0.0,28.0,0.0
AC-BC-BH-BO-BP-CA-CC-CG-CH-DF-DL-DP-ER-FP-RI,48.0,0.0,0.0,0.0,0.0,0.2893399373152759,0.0,0.5495727375303061,0.0,0.0,0.0044716309133532,0.0,0.0,0.3213169501123711,0.0161955924349958,0.0,0.0014135749858921,0.0688935720939094,0.5474841322346228,0.0016738097550031,0.0553064310250359,0.1011613380351612,0.0001124011403347,0.1365727672209467,0.3797095763166891,0.087596232543098,17.335,32.32,41.09,7.555
AC-BC-BH-BO-BT-CA-EL-ER-FP-PJ-RI,0.0,0.0,0.0006,0.0,0.0,0.0006,0.0006,0.0006,0.0,0.0,0.0,0.0,0.0,0.0,0.0006,0.0006,0.0006,0.0,0.0006,0.0006,0.0,0.0006,0.0006,0.0,0.0,0.0,0.0,0.0,28.0,0.0
AC-BC-BH-BO-BT-CA-EL-ER-FP-PJ-RI,16.0,0.0,0.043091977,0.0,0.0,0.143868831,0.657367247,0.47487015,0.0,0.0,0.0,0.0,0.0,0.0,0.112794537,0.009957509,0.001373449,0.0,0.251512932,0.000858406,0.0,0.46611441,0.00429203,0.0,0.0,0.0,32.55875856,4.33959844,17.4506698,19.94146766
AC-BC-BH-BO-BT-CA-EL-ER-FP-PJ-RI,32.0,0.0,0.033684762,0.0,0.0,0.087829899,0.676938968,0.308901748,0.0,0.0,0.0,0.0,0.0,0.0,0.179153033,0.054394654,0.001247584,0.0,0.458611803,0.002245651,0.0,0.217079581,0.001996134,0.0,0.0,0.0,42.33500032,8.59106332,11.44120067,29.89976432
AC-BC-BH-BO-BT-CA-EL-ER-FP-PJ-RI,48.0,0.0,0.0793759244216508,0.0,0.0,0.11884281213798764,0.5924196961456352,0.27500641069920967,0.0,0.0,0.0,0.0,0.0,0.0,0.13877391304951744,0.05723034639530525,0.00132048478466985,0.0,0.41372889010282515,0.0012734055275949,0.0,0.12799810219261049,0.00036082912052635,0.0,0.0,0.0,43.654850464999996,10.6031216625,2.8833228450000004,26.93482727
AC-BC-BH-BO-BU-BY-CA-CG-FP-PJ-RI,0.0,0.0,0.0006,0.0,0.0,0.0006,0.0,0.0006,0.0006,0.0006,0.0,0.0,0.0,0.0,0.0006,0.0,0.0006,0.0,0.0006,0.0006,0.0006,0.0,0.0006,0.0,0.0,0.0,0.0,0.0,28.0,0.0
AC-BC-BH-BO-BU-BY-CA-CG-FP-PJ-RI,48.0,0.0,0.1013252339514594,0.0,0.0,0.1709407641096132,0.0,0.3432542683747044,0.0903192223681235,0.0749376431788127,0.0,0.0,0.0,0.0,0.1578662804929267,0.0,0.0055775112526761,0.0,0.4912593335944741,0.0017785768543425,0.3297654779540493,0.0,0.0008271033043739,0.0,0.0,0.0,41.402798745,26.398347685,0.829048875,17.01909924
AC-BC-BH-BO-BY-CC-DL-DP-ER-FP-RI,0.0,0.0,0.0,0.0,0.0,0.0006,0.0,0.0006,0.0006,0.0,0.0006,0.0,0.0,0.0,0.0,0.0,0.0006,0.0,0.0006,0.0006,0.0,0.0006,0.0006,0.0006,0.0006,0.0,0.0,0.0,28.0,0.0
AC-BC-BH-BO-BY-CC-DL-DP-ER-FP-RI,48.0,0.0,0.0,0.0,0.0,0.1245233411032866,0.0,0.2887662987582046,0.1059462452728262,0.0,0.0074624154697366,0.0,0.0,0.0,0.0,0.0,0.0050883002625178,0.0,0.7630312041060443,0.0015361985910071,0.0,0.1618841241647881,0.0004311075443851,0.2213709178635964,0.374459614968144,0.0,23.765,21.66,34.455,9.59
AC-BC-BH-BP-BT-BV-CG-CH-DF-EL-ER-FP-PC-RI,0.0,0.00047142878571425,0.0,0.00047142878571425,0.0,0.0,0.00047142878571425,0.00047142878571425,0.0,0.0,0.0,0.0,0.0,0.00047142878571425,0.0,0.00047142878571425,0.00047142878571425,0.00047142878571425,0.00047142878571425,0.00047142878571425,0.00047142878571425,0.00047142878571425,0.00047142878571425,0.0,0.0,0.00047142878571425,0.0,0.0,28.0,0.0
AC-BC-BH-BP-BT-BV-CG-CH-DF-EL-ER-FP-PC-RI,16.0,0.465116125,0.0,0.029206664,0.0,0.0,0.249716977,0.500650899,0.0,0.0,0.0,0.0,0.0,0.042593052,0.0,0.000973555,0.001216944,0.061090606,0.351453524,0.000973555,0.024338887,0.327601415,0.001460333,0.0,0.0,0.392829631,23.09269672,47.84930212,18.9108516,26.14188487
AC-BC-BH-BP-BT-BV-CG-CH-DF-EL-ER-FP-PC-RI,32.0,0.104523272,0.0,0.027928176,0.0,0.0,0.220107208,0.380210315,0.0,0.0,0.0,0.0,0.0,0.02516301,0.0,0.002765166,0.00082955,0.121667301,0.700969562,0.001106066,0.020738744,0.293384105,0.00082955,0.0,0.0,0.280111308,23.99626736,38.91521816,17.97713735,26.88474829
AC-BC-BH-BP-BT-BV-CG-CH-DF-EL-ER-FP-PC-RI,48.0,0.10767900471925215,0.0,0.0200693656232682,0.0,0.0,0.2805534737930738,0.3909461805918778,0.0,0.0,0.0,0.0,0.0,0.0495151628465635,0.0,0.0038374076588225,0.00228135348335755,0.10331524839441494,0.7231608112806398,0.0005817649881179,0.04740286861165595,0.11653907720043145,0.00145991812252405,0.0,0.0,0.1452058066382018,26.971205385,34.172764470000004,17.9590061,28.1957260075
AC-BC-BH-BP-BT-CA-CC-CH-DF-DL-EL-ER-FP-PC-RI,0.0,0.00044,0.0,0.0,0.0,0.0,0.00044,0.00044,0.0,0.0,0.0,0.0,0.0,0.00044,0.00044,0.00044,0.00044,0.00044,0.00044,0.00044,0.0,0.00044,0.00044,0.00044,0.00044,0.00044,0.0,0.0,28.0,0.0
AC-BC-BH-BP-BT-CA-CC-CH-DF-DL-EL-ER-FP-PC-RI,48.0,0.0584782391414245,0.0,0.0,0.0,0.0,0.242778301873212,0.226810392176947,0.0,0.0,0.0,0.0,0.0,0.0613602512233948,0.0917321258941687,0.0327710757010187,0.0003476787256201,0.0100938424795811,0.5056739319897288,0.0032798345983651,0.0,0.0171639627673159,0.0022111169825823,0.0296685354703727,0.6949789575633116,0.0755897672915586,45.74515,14.983,0.0,13.2459
AC-BC-BH-BP-BV-CA-CC-CG-DL-DP-ER-FP-RI,0.0,0.0,0.0,0.0005076923076923,0.0,0.0,0.0,0.0005076923076923,0.0,0.0,0.0005076923076923,0.0,0.0,0.0005076923076923,0.0005076923076923,0.0,0.0005076923076923,0.0,0.0005076923076923,0.0005076923076923,0.0005076923076923,0.0005076923076923,0.0005076923076923,0.0005076923076923,0.0005076923076923,0.0,0.0,0.0,28.0,0.0
AC-BC-BH-BP-BV-CA-CC-CG-DL-DP-ER-FP-RI,48.0,0.0,0.0,0.1000928269672447,0.0,0.0,0.0,0.2921339595328422,0.0,0.0,0.0095069658070554,0.0,0.0,0.3238583786733471,0.0186504110561247,0.0,0.0012433153062431,0.0,0.7231775196060036,0.0004487204222719,0.0874821547842686,0.0889973528547132,0.0008319314639547,0.1896156177916041,0.4103106389990437,0.0,20.24,34.64,40.915,3.51
AC-BC-BH-BP-CC-DF-EL-ER-FP-PJ-RI,0.0,0.0,0.0006,0.0,0.0,0.0,0.0,0.0006,0.0,0.0,0.0,0.0,0.0,0.0006,0.0,0.0006,0.0006,0.0,0.0006,0.0006,0.0,0.0006,0.0006,0.0006,0.0,0.0006,0.0,0.0,28.0,0.0
AC-BC-BH-BP-CC-DF-EL-ER-FP-PJ-RI,16.0,0.0,0.03816385,0.0,0.0,0.0,0.0,0.835887445,0.0,0.0,0.0,0.0,0.0,0.155629207,0.0,0.003469441,0.000495634,0.0,0.321914554,0.001486903,0.0,0.435414836,0.002725989,0.083018765,0.0,0.464657267,36.42101336,32.9392862,23.6212902,8.04930049
AC-BC-BH-BP-CC-DF-EL-ER-FP-PJ-RI,32.0,0.0,0.031598928,0.0,0.0,0.0,0.0,0.377524032,0.0,0.0,0.0,0.0,0.0,0.070908599,0.0,0.003628585,0.000755955,0.0,0.786949374,0.000907146,0.0,0.197001928,0.001058337,0.066524059,0.0,0.371022817,37.68227232,24.35392376,20.18353371,7.34536986
AC-BC-BH-BP-CC-DF-EL-ER-FP-PJ-RI,48.0,0.0,0.0700437762982036,0.0,0.0,0.0,0.0,0.2834175077314846,0.0,0.0,0.0,0.0,0.0,0.15734270213163704,0.0,0.01612414352781565,0.00224187900764635,0.0,0.6481029654977147,0.0008613209196982,0.0,0.10835164444534355,0.0007785004520127,0.11704706291113805,0.0,0.27690533311377974,46.8315948925,20.8678204725,9.913136764999999,7.8494602449999995
AC-BC-BH-BT-BY-CC-DP-ER-FP-PJ-RI,0.0,0.0,0.0006,0.0,0.0,0.0,0.0006,0.0006,0.0006,0.0,0.0006,0.0,0.0,0.0,0.0,0.0,0.0006,0.0,0.0006,0.0006,0.0,0.0006,0.0006,0.0006,0.0,0.0,0.0,0.0,28.0,0.0
AC-BC-BH-BT-BY-CC-DP-ER-FP-PJ-RI,48.0,0.0,0.0776225866744175,0.0,0.0,0.0,0.3578112134108461,0.2308568427490377,0.0655743320390858,0.0,0.0100335042477934,0.0,0.0,0.0,0.0,0.0,0.0123067150795146,0.0,0.8466601740870042,0.0007279543630744,0.0,0.2930513242581677,0.0017732954797755,0.5340413009697702,0.0,0.0,27.11,17.675,31.49,11.215
AC-BC-BH-BU-BV-CC-CG-CH-ER-FP-PJ-RI,0.0,0.0,0.0005499999999999,0.0005499999999999,0.0,0.0,0.0,0.0005499999999999,0.0,0.0005499999999999,0.0,0.0,0.0,0.0,0.0,0.0,0.0005499999999999,0.0005499999999999,0.0005499999999999,0.0005499999999999,0.0005499999999999,0.0005499999999999,0.0005499999999999,0.0005499999999999,0.0,0.0,0.0,0.0,28.0,0.0
AC-BC-BH-BU-BV-CC-CG-CH-ER-FP-PJ-RI,48.0,0.0,0.0054743881774629,0.071163111752334,0.0,0.0,0.0,0.5783426413744173,0.0,0.0679752926012836,0.0,0.0,0.0,0.0,0.0,0.0,0.0039388319003683,0.0880527939345742,1.268454552641606,0.0023743641798249,0.0930820828390053,0.0490382020495828,0.0092472444837723,0.2436404005324137,0.0,0.0,33.17985,26.4805,3.2012,31.974850000000004
AC-BC-BH-BU-BY-CA-EL-ER-PC-PJ-RI,0.0,0.0006,0.0006,0.0,0.0,0.0,0.0,0.0006,0.0006,0.0006,0.0,0.0,0.0,0.0,0.0006,0.0006,0.0,0.0,0.0006,0.0006,0.0,0.0006,0.0006,0.0,0.0,0.0,0.0,0.0,28.0,0.0
AC-BC-BH-BU-BY-CA-EL-ER-PC-PJ-RI,16.0,0.928893238,0.032993476,0.0,0.0,0.0,0.0,0.564580664,0.147893832,0.09021293,0.0,0.0,0.0,0.0,0.131743179,0.007613879,0.0,0.0,0.408150059,0.000692171,0.0,0.27640688,0.001845789,0.0,0.0,0.0,39.88575104,6.5165036,7.46695592,24.87882554
AC-BC-BH-BU-BY-CA-EL-ER-PC-PJ-RI,32.0,0.711425737,0.027108727,0.0,0.0,0.0,0.0,0.327979927,0.112536886,0.066166696,0.0,0.0,0.0,0.0,0.169251197,0.019261464,0.0,0.0,0.453179443,0.001248428,0.0,0.170856319,0.001248428,0.0,0.0,0.0,47.40061632,7.45156804,1.59716087,28.46613511
AC-BC-BH-BU-BY-CA-EL-ER-PC-PJ-RI,48.0,0.5962723300603492,0.05900568086117095,0.0,0.0,0.0,0.0,0.2824893904889983,0.10320323300134085,0.06267536808082524,0.0,0.0,0.0,0.0,0.1730860499974665,0.04697790816888065,0.0,0.0,0.47853255335110745,0.00266770846559195,0.0,0.1330974448649455,0.0005890004883036,0.0,0.0,0.0,50.276403105,8.5014412875,1.400386125,25.9964536025
AC-BC-BH-BV-CC-CH-DF-DP-EL-ER-FP-RI,0.0,0.0,0.0,0.0005499999999999,0.0,0.0,0.0,0.0005499999999999,0.0,0.0,0.0005499999999999,0.0,0.0,0.0,0.0,0.0005499999999999,0.0005499999999999,0.0005499999999999,0.0005499999999999,0.0005499999999999,0.0,0.0005499999999999,0.0005499999999999,0.0005499999999999,0.0,0.0005499999999999,0.0,0.0,28.0,0.0
AC-BC-BH-BV-CC-CH-DF-DP-EL-ER-FP-RI,48.0,0.0,0.0,0.093313733485566,0.0,0.0,0.0,0.6450364133094122,0.0,0.0,0.0073228266188217,0.0,0.0,0.0,0.0,0.0033475778828914,0.0010461180884042,0.106076374164085,0.8958955309084968,0.0004184472353601,0.0,0.2736644919262753,0.0008368944707228,0.3305733159354113,0.0,0.2069221578861515,23.69,0.0,25.75,17.55
AC-BC-BH-CC-DF-DP-ER-FP-PC-PJ-RI,0.0,0.0006,0.0006,0.0,0.0,0.0,0.0,0.0006,0.0,0.0,0.0006,0.0,0.0,0.0,0.0,0.0,0.0006,0.0,0.0006,0.0006,0.0,0.0006,0.0006,0.0006,0.0,0.0006,0.0,0.0,28.0,0.0
AC-BC-BH-CC-DF-DP-ER-FP-PC-PJ-RI,48.0,0.0779850355272057,0.1095162298170664,0.0,0.0,0.0,0.0,0.2179817808768653,0.0,0.0,0.0116763481789872,0.0,0.0,0.0,0.0,0.0,0.0021690964219524,0.0,0.9349053769203794,0.0012316332165431,0.0,0.3412741117101296,0.0004420823186581,0.4318795271108047,0.0,0.1570483770557463,24.855,17.380000000000003,35.93,8.465
AC-BC-BL-BO-BP-BV-BY-CC-CH-DL-DP-ER-FP-PC-PJ-RI,0.0,0.0004125,0.0004125,0.0004125,0.0,0.0004125,0.0,0.0004125,0.0004125,0.0,0.0004125,0.0004125,0.0,0.0004125,0.0,0.0,0.0004125,0.0004125,0.0004125,0.0,0.0,0.0004125,0.0004125,0.0004125,0.0004125,0.0,0.0,0.0,28.0,0.0
AC-BC-BL-BO-BP-BV-BY-CC-CH-DL-DP-ER-FP-PC-PJ-RI,48.0,0.0142908507713866,0.0471107082449399,0.0396923153053847,0.0,0.2260491077934319,0.0,0.4284071115661615,0.0820249140924974,0.0,0.0066027856748962,0.0365352848550533,0.0,0.3753769644651861,0.0,0.0,0.0028581701542781,0.0722448269236226,0.5935134191446486,0.0,0.0,0.0794697581754242,0.0002512287528159,0.1826960861057315,0.4742503220988483,0.0,16.875,36.73,44.185,12.185
AC-BC-BL-BO-BP-BV-BY-CC-CH-DL-DP-ER-FP-PC-RI,0.0,0.00044,0.0,0.00044,0.0,0.00044,0.0,0.00044,0.00044,0.0,0.00044,0.00044,0.0,0.00044,0.0,0.0,0.00044,0.00044,0.00044,0.0,0.0,0.00044,0.00044,0.00044,0.00044,0.0,0.0,0.0,28.0,0.0
AC-BC-BL-BO-BP-BV-BY-CC-CH-DL-DP-ER-FP-PC-RI,48.0,0.024921560412016,0.0,0.031401653754516,0.0,0.2056377371303133,0.0,0.4847463088343252,0.0901436421478844,0.0,0.00680437934282,0.0258671021449393,0.0,0.3343049222781452,0.0,0.0,0.0025286140158888,0.0979419943788982,0.7390631253687989,0.0,0.0,0.1074472041744055,0.0003554743241912,0.2238517805100533,0.3563381289971958,0.0,17.66,34.665,41.33,12.49
AC-BC-BL-BO-BT-BV-CC-CH-DP-EL-ER-FP-PC-PJ-RI,0.0,0.00044,0.00044,0.00044,0.0,0.00044,0.00044,0.00044,0.0,0.0,0.00044,0.00044,0.0,0.0,0.0,0.00044,0.00044,0.00044,0.00044,0.0,0.0,0.00044,0.00044,0.00044,0.0,0.0,0.0,0.0,28.0,0.0
AC-BC-BL-BO-BT-BV-CC-CH-DP-EL-ER-FP-PC-PJ-RI,48.0,0.2671945356439263,0.0033118856802466,0.0425195393413865,0.0,0.1431920062542235,0.3110191273094831,0.3833423468291321,0.0,0.0,0.0036589995775509,0.010985986012569,0.0,0.0,0.0,0.0114283452618983,0.0013149118778778,0.0570174375088356,0.7533739161947131,0.0,0.0,0.1655656767006072,0.0085223212206448,0.3243555582021101,0.0,0.0,27.5929,23.37035,18.8018,27.9032
AC-BC-BL-BO-BV-CC-DL-DP-ER-FP-PC-PJ-RI,0.0,0.0005076923076923,0.0005076923076923,0.0005076923076923,0.0,0.0005076923076923,0.0,0.0005076923076923,0.0,0.0,0.0005076923076923,0.0005076923076923,0.0,0.0,0.0,0.0,0.0005076923076923,0.0,0.0005076923076923,0.0,0.0,0.0005076923076923,0.0005076923076923,0.0005076923076923,0.0005076923076923,0.0,0.0,0.0,28.0,0.0
AC-BC-BL-BO-BV-CC-DL-DP-ER-FP-PC-PJ-RI,48.0,0.0432136704449738,0.0652180310848101,0.0485341861989445,0.0,0.1015374999180403,0.0,0.2602964259003217,0.0,0.0,0.0116087537794366,0.0655133131770694,0.0,0.0,0.0,0.0,0.0036691722483068,0.0,0.833821235841184,0.0,0.0,0.1402956888419815,0.0,0.198141781362927,0.4938373717767431,0.0,21.49,26.005,29.12,2.99
AC-BC-BL-BP-BT-BV-BY-CA-DL-ER-PJ,0.0,0.0,0.0006,0.0006,0.0,0.0,0.0006,0.0006,0.0006,0.0,0.0,0.0006,0.0,0.0006,0.0006,0.0,0.0,0.0,0.0006,0.0,0.0,0.0006,0.0,0.0,0.0006,0.0,0.0,0.0,28.0,0.0
AC-BC-BL-BP-BT-BV-BY-CA-DL-ER-PJ,48.0,0.0,0.0593173318437915,0.0315198117902095,0.0,0.0,0.2179231062927591,0.3548253189196537,0.1575550421094745,0.0,0.0,0.0216478515985049,0.0,0.3007906957585375,0.0043011763019542,0.0,0.0,0.0,0.6268595129878645,0.0,0.0,0.0398676666766411,0.0,0.0,0.069622489492488,0.0,27.234877515,40.014842685000005,24.571495535,12.09816916
AC-BC-BL-BP-BU-BY-CC-DL-DP-ER-FP-PC-RI,0.0,0.0005076923076923,0.0,0.0,0.0,0.0,0.0,0.0005076923076923,0.0005076923076923,0.0005076923076923,0.0005076923076923,0.0005076923076923,0.0,0.0005076923076923,0.0,0.0,0.0005076923076923,0.0,0.0005076923076923,0.0,0.0,0.0005076923076923,0.0005076923076923,0.0005076923076923,0.0005076923076923,0.0,0.0,0.0,28.0,0.0
AC-BC-BL-BP-BU-BY-CC-DL-DP-ER-FP-PC-RI,48.0,0.0089028369701602,0.0,0.0,0.0,0.0,0.0,0.3207752900798073,0.0899156943740541,0.0556847369244181,0.0070636467329467,0.0688115879827365,0.0,0.4930689529336879,0.0,0.0,0.0034904019688968,0.0,0.691996549697811,0.0,0.0,0.1034710702986207,0.0004062319510219,0.2280382649638226,0.324103029006187,0.0,20.51,36.260000000000005,46.69,6.145
AC-BC-BL-BP-BU-CA-CG-DL-EL-FP-PC-PJ,0.0,0.00054999999999995,0.00054999999999995,0.0,0.0,0.0,0.0,0.00054999999999995,0.0,0.00054999999999995,0.0,0.00054999999999995,0.0,0.00054999999999995,0.00054999999999995,0.00054999999999995,0.00054999999999995,0.0,0.00054999999999995,0.0,0.00054999999999995,0.0,0.0,0.0,0.00054999999999995,0.0,0.0,0.0,28.0,0.0
AC-BC-BL-BP-BU-CA-CG-DL-EL-FP-PC-PJ,16.0,0.313967956,0.030688597,0.0,0.0,0.0,0.0,0.682427845,0.0,0.132000312,0.0,0.029114823,0.0,0.251016988,0.072393614,0.00668854,0.000393444,0.0,0.129442929,0.0,0.069246066,0.0,0.0,0.0,0.588394836,0.0,30.82193088,37.27491736,20.19225963,10.20525416
AC-BC-BL-BP-BU-CA-CG-DL-EL-FP-PC-PJ,32.0,0.081992897,0.029838394,0.0,0.0,0.0,0.0,0.439552136,0.0,0.100547864,0.0,0.007271541,0.0,0.154206825,0.201095729,0.007773027,0.001002971,0.0,0.396925859,0.0,0.027581708,0.0,0.0,0.0,0.352544383,0.0,36.6179732,38.15057448,15.55068605,10.75713692
AC-BC-BL-BP-BU-CA-CG-DL-EL-FP-PC-PJ,48.0,0.0936716569225142,0.0696104688548436,0.0,0.0,0.0,0.0,0.25766284494086583,0.0,0.0577212876432271,0.0,0.00479325654189105,0.0,0.15086591991850096,0.09495247930563866,0.0186133639183125,0.0010089978350983,0.0,0.5538145039485709,0.0,0.0795630708211768,0.0,0.0,0.0,0.2215138728788449,0.0,47.6204492025,29.650920675000002,1.8563071100000001,10.595186045
AC-BC-BL-BT-BU-BV-BY-CC-CG-CH-ER-FP-RI,0.0,0.0,0.0,0.0005076923076923,0.0,0.0,0.0005076923076923,0.0005076923076923,0.0005076923076923,0.0005076923076923,0.0,0.0005076923076923,0.0,0.0,0.0,0.0,0.0005076923076923,0.0005076923076923,0.0005076923076923,0.0,0.0005076923076923,0.0005076923076923,0.0005076923076923,0.0005076923076923,0.0,0.0,0.0,0.0,28.0,0.0
AC-BC-BL-BT-BU-BV-BY-CC-CG-CH-ER-FP-RI,48.0,0.0,0.0,0.0399369601904112,0.0,0.0,0.2883069903464587,0.3848003995039577,0.1265219395014263,0.0361899512970155,0.0,0.0091517005882708,0.0,0.0,0.0,0.0,0.0034000777623133,0.0794103288099958,1.1496718787862013,0.0,0.103812283943575,0.0406439372517648,0.0098734698839899,0.1313087507293821,0.0,0.0,30.04925,25.72875,11.68835,29.4612
AC-BC-BL-BU-CA-CC-DL-EL-ER-FP-RI,0.0,0.0,0.0,0.0,0.0,0.0,0.0,0.0006,0.0,0.0006,0.0,0.0006,0.0,0.0,0.0006,0.0006,0.0006,0.0,0.0006,0.0,0.0,0.0006,0.0006,0.0006,0.0006,0.0,0.0,0.0,28.0,0.0
AC-BC-BL-BU-CA-CC-DL-EL-ER-FP-RI,16.0,0.0,0.0,0.0,0.0,0.0,0.0,0.341841121,0.0,0.072999529,0.0,0.008330701,0.0,0.0,0.032475612,0.002117975,0.000423595,0.0,0.120865758,0.0,0.0,0.497159267,0.00084719,0.016379005,0.603763995,0.0,37.06220448,31.8131948,14.47690446,6.76492558
AC-BC-BL-BU-CA-CC-DL-EL-ER-FP-RI,32.0,0.0,0.0,0.0,0.0,0.0,0.0,0.223361386,0.0,0.067694509,0.0,0.009300372,0.0,0.0,0.088277299,0.011129953,0.001372186,0.0,0.580129743,0.0,0.0,0.246841013,0.001372186,0.012197209,0.207047619,0.0,44.18220984,29.59939548,6.48711895,8.74292394
AC-BC-BL-BU-CA-CC-DL-EL-ER-FP-RI,48.0,0.0,0.0,0.0,0.0,0.0,0.0,0.2287625760813575,0.0,0.04841102892350125,0.0,0.02010700796047675,0.0,0.0,0.09331166823631384,0.02340660659549395,0.00102656482189205,0.0,0.48095414396573366,0.0,0.0,0.18266223435654036,0.00027016418132174997,0.16318330406760778,0.24028093885051205,0.0,55.3031482075,18.1372032375,1.90298342,8.6034848675
AC-BC-BL-CC-CH-DF-DL-EL-ER-FP-RI,0.0,0.0,0.0,0.0,0.0,0.0,0.0,0.0006,0.0,0.0,0.0,0.0006,0.0,0.0,0.0,0.0006,0.0006,0.0006,0.0006,0.0,0.0,0.0006,0.0006,0.0006,0.0006,0.0006,0.0,0.0,28.0,0.0
AC-BC-BL-CC-CH-DF-DL-EL-ER-FP-RI,48.0,0.0,0.0,0.0,0.0,0.0,0.0,0.3889736029129625,0.0,0.0,0.0,0.0121399901523216,0.0,0.0,0.0,0.0673572027067533,0.0004728045826776,0.0066358961864858,0.35310932243419,0.0,0.0,0.0137760264716907,0.0020452019737292,0.0236076681730187,0.9401725892570438,0.1363773011174225,45.54905,12.7914,0.0,8.95585
AC-BC-BO-BP-BU-BV-DF-DL-DP-EL-FP-RI,0.0,0.0,0.0,0.00054999999999995,0.0,0.00054999999999995,0.0,0.00054999999999995,0.0,0.00054999999999995,0.00054999999999995,0.0,0.0,0.00054999999999995,0.0,0.00054999999999995,0.00054999999999995,0.0,0.00054999999999995,0.0,0.0,0.0,0.00054999999999995,0.0,0.00054999999999995,0.00054999999999995,0.0,0.0,28.0,0.0
AC-BC-BO-BP-BU-BV-DF-DL-DP-EL-FP-RI,16.0,0.0,0.0,0.026314899,0.0,0.161782924,0.0,0.445742165,0.0,0.043768658,0.004699089,0.0,0.0,0.181653358,0.0,0.003893531,0.00013426,0.0,0.032356585,0.0,0.0,0.0,0.001611116,0.0,0.258584159,0.286778694,16.23735432,41.22649308,42.43175075,13.71224011
AC-BC-BO-BP-BU-BV-DF-DL-DP-EL-FP-RI,32.0,0.0,0.0,0.076665507,0.0,0.128527467,0.0,0.416740575,0.0,0.052271936,0.010044411,0.0,0.0,0.136317011,0.0,0.00409976,0.000204988,0.0,0.306252051,0.0,0.0,0.0,0.001434916,0.0,0.250905295,0.265254454,15.86196496,42.51488096,45.65597819,13.72554444
AC-BC-BO-BP-BU-BV-DF-DL-DP-EL-FP-RI,48.0,0.0,0.0,0.04777935930652135,0.0,0.11795740364756174,0.0,0.36268575298382366,0.0,0.01473274871012755,0.0055256739438747,0.0,0.0,0.20026603646235913,0.0,0.0076289749612819,0.000953181508256,0.0,0.5885906349877226,0.0,0.0,0.0,0.0007422572999548,0.0,0.07530761458476375,0.11986355110382735,17.462731140000002,39.7346477375,43.0792014425,14.3167997925
AC-BC-BO-BP-CC-CG-DF-DL-DP-ER-FP-RI,0.0,0.0,0.0,0.0,0.0,0.0005499999999999,0.0,0.0005499999999999,0.0,0.0,0.0005499999999999,0.0,0.0,0.0005499999999999,0.0,0.0,0.0005499999999999,0.0,0.0005499999999999,0.0,0.0005499999999999,0.0005499999999999,0.0005499999999999,0.0005499999999999,0.0005499999999999,0.0005499999999999,0.0,0.0,28.0,0.0
AC-BC-BO-BP-CC-CG-DF-DL-DP-ER-FP-RI,48.0,0.0,0.0,0.0,0.0,0.1252394801065326,0.0,0.3177497412955979,0.0,0.0,0.0074598805080683,0.0,0.0,0.3217064622891606,0.0,0.0,0.0012550746539524,0.0,0.9878257394133348,0.0,0.1333167651664305,0.138340421262267,0.0003948357461029,0.1222807150370194,0.3887496685134577,0.1319214101349601,20.855,33.44,41.55,2.155
AC-BC-BO-BT-BY-CH-DF-DL-ER-FP-PC-PJ-RI,0.0,0.00050769215384615,0.00050769215384615,0.0,0.0,0.00050769215384615,0.00050769215384615,0.00050769215384615,0.00050769215384615,0.0,0.0,0.0,0.0,0.0,0.0,0.0,0.00050769215384615,0.00050769215384615,0.00050769215384615,0.0,0.0,0.00050769215384615,0.00050769215384615,0.0,0.00050769215384615,0.00050769215384615,0.0,0.0,28.0,0.0
AC-BC-BO-BT-BY-CH-DF-DL-ER-FP-PC-PJ-RI,16.0,0.142757394,0.011432952,0.0,0.0,0.157589332,0.195287172,0.2828883,0.095017097,0.0,0.0,0.0,0.0,0.0,0.0,0.0,0.001699493,0.017921924,0.064426227,0.0,0.0,0.284278794,0.001853992,0.0,0.458708554,0.092854106,25.8909152,53.29104888,19.7572139,20.45407456
AC-BC-BO-BT-BY-CH-DF-DL-ER-FP-PC-PJ-RI,32.0,0.137903386,0.007540041,0.0,0.0,0.119846971,0.136316009,0.211517999,0.080162544,0.0,0.0,0.0,0.0,0.0,0.0,0.0,0.000595266,0.028572788,0.289497899,0.0,0.0,0.219256462,0.000992111,0.0,0.329579171,0.106155844,24.638498,40.8244082,19.71871152,23.03363297
AC-BC-BO-BT-BY-CH-DF-DL-ER-FP-PC-PJ-RI,48.0,0.15192221811744827,0.0056966325,0.0,0.0,0.14563230041380834,0.22310435801675332,0.283000372353882,0.0860485799239433,0.0,0.0,0.0,0.0,0.0,0.0,0.0,0.0021506634538914,0.0610095333745531,0.6866997689075863,0.0,0.0,0.18945568757660308,0.0008739702956994,0.0,0.1565306937085321,0.1382566165138519,26.46992418,31.6312073825,14.209006375000001,30.411779224999997
AC-BC-BO-BU-BV-BY-CC-DL-EL-ER-FP-RI,0.0,0.0,0.0,0.0005499999999999,0.0,0.0005499999999999,0.0,0.0005499999999999,0.0005499999999999,0.0005499999999999,0.0,0.0,0.0,0.0,0.0,0.0005499999999999,0.0005499999999999,0.0,0.0005499999999999,0.0,0.0,0.0005499999999999,0.0005499999999999,0.0005499999999999,0.0005499999999999,0.0,0.0,0.0,28.0,0.0
AC-BC-BO-BU-BV-BY-CC-DL-EL-ER-FP-RI,48.0,0.0,0.0,0.0267665420213775,0.0,0.0332689506452546,0.0,0.1423703302362079,0.0689416003906172,0.0151233028533151,0.0,0.0,0.0,0.0,0.0,0.1089638125506196,0.0004666505310449,0.0,0.2972985330344413,0.0,0.0,0.0176630778341267,0.003085116680818,0.0478219435484265,0.6203541451960309,0.0,52.92655,8.5686,0.0,8.358
AC-BC-BP-BT-CC-DF-DL-DP-EL-ER-FP-PC-PJ-RI,0.0,0.0004714285714285,0.0004714285714285,0.0,0.0,0.0,0.0004714285714285,0.0004714285714285,0.0,0.0,0.0004714285714285,0.0,0.0,0.0004714285714285,0.0,0.0004714285714285,0.0004714285714285,0.0,0.0004714285714285,0.0,0.0,0.0004714285714285,0.0004714285714285,0.0004714285714285,0.0004714285714285,0.0004714285714285,0.0,0.0,28.0,0.0
AC-BC-BP-BT-CC-DF-DL-DP-EL-ER-FP-PC-PJ-RI,48.0,0.0628327564717991,0.004156277519319,0.0,0.0,0.0,0.2527845211385848,0.1626313309732062,0.0,0.0,0.0025959507964833,0.0,0.0,0.2273414369979811,0.0,0.0086211911245524,0.0003309638283562,0.0,0.6875832307209946,0.0,0.0,0.0140590720927953,0.0030902599095893,0.0366059028373994,0.4607314567724548,0.0945383007667149,26.70605,30.2263,39.32525,7.329499999999999
AC-BC-BP-BV-CC-DL-ER-FP-PC-PJ-RI,0.0,0.0006,0.0006,0.0006,0.0,0.0,0.0,0.0006,0.0,0.0,0.0,0.0,0.0,0.0006,0.0,0.0,0.0006,0.0,0.0006,0.0,0.0,0.0006,0.0006,0.0006,0.0006,0.0,0.0,0.0,28.0,0.0
AC-BC-BP-BV-CC-DL-ER-FP-PC-PJ-RI,48.0,0.1455564409724371,0.0052729665050615,0.054807527358188,0.0,0.0,0.0,0.2700461219715677,0.0,0.0,0.0,0.0,0.0,0.2327080508532205,0.0,0.0,0.0007127012776398,0.0,0.9910964605230438,0.0,0.0,0.0127771403338672,0.0024722734567451,0.0943196406677409,0.5153456414302587,0.0,34.2605,27.0924,16.113149999999997,8.285350000000001
AC-BC-BP-CC-CG-DL-DP-EL-ER-FP-PC-RI,0.0,0.0005499999999999,0.0,0.0,0.0,0.0,0.0,0.0005499999999999,0.0,0.0,0.0005499999999999,0.0,0.0,0.0005499999999999,0.0,0.0005499999999999,0.0005499999999999,0.0,0.0005499999999999,0.0,0.0005499999999999,0.0005499999999999,0.0005499999999999,0.0005499999999999,0.0005499999999999,0.0,0.0,0.0,28.0,0.0
AC-BC-BP-CC-CG-DL-DP-EL-ER-FP-PC-RI,48.0,0.0127092593114443,0.0,0.0,0.0,0.0,0.0,0.4712684779576216,0.0,0.0,0.0073315277459103,0.0,0.0,0.3042575176013151,0.0,0.0092739720792971,0.0004417424636331,0.0,0.7267046892324667,0.0,0.0937803426001147,0.1516957378920142,0.0003535686147059,0.1475978475994232,0.3552884307349588,0.0,19.995,30.98,49.855,2.635
AC-BC-BV-BY-CA-CC-DF-EL-ER-FP-PC-RI,0.0,0.0005499999999999,0.0,0.0005499999999999,0.0,0.0,0.0,0.0005499999999999,0.0005499999999999,0.0,0.0,0.0,0.0,0.0,0.0005499999999999,0.0005499999999999,0.0005499999999999,0.0,0.0005499999999999,0.0,0.0,0.0005499999999999,0.0005499999999999,0.0005499999999999,0.0,0.0005499999999999,0.0,0.0,28.0,0.0
AC-BC-BV-BY-CA-CC-DF-EL-ER-FP-PC-RI,48.0,0.2985703384397259,0.0,0.0421920951346746,0.0,0.0,0.0,0.1666739573146831,0.0864386531413439,0.0,0.0,0.0,0.0,0.0,0.0972335775450164,0.080588113836598,0.0005325672169833,0.0,0.3887612580705318,0.0,0.0,0.015268011096411,0.0033969995480643,0.175265329062521,0.0,0.2748917086866231,50.21335,5.98795,0.0,19.14455
AC-BC-BV-CC-CH-DF-DP-EL-ER-FP-RI,0.0,0.0,0.0,0.0006,0.0,0.0,0.0,0.0006,0.0,0.0,0.0006,0.0,0.0,0.0,0.0,0.0006,0.0006,0.0006,0.0006,0.0,0.0,0.0006,0.0006,0.0006,0.0,0.0006,0.0,0.0,28.0,0.0
AC-BC-BV-CC-CH-DF-DP-EL-ER-FP-RI,48.0,0.0,0.0,0.0533786508237757,0.0,0.0,0.0,0.5800267031272821,0.0,0.0,0.0068664279947308,0.0,0.0,0.0,0.0,0.0065125673865992,0.0020881127560644,0.1178647900127188,0.5454537556143713,0.0,0.0,0.2200725160229178,0.0004246806109135,0.3289532207250357,0.0,0.1888192506269429,24.745,23.47,25.855,17.965
AC-BC-BV-CC-CH-DF-DP-ER-FP-PC-PJ-RI,0.0,0.0005499999999999,0.0005499999999999,0.0005499999999999,0.0,0.0,0.0,0.0005499999999999,0.0,0.0,0.0005499999999999,0.0,0.0,0.0,0.0,0.0,0.0005499999999999,0.0005499999999999,0.0005499999999999,0.0,0.0,0.0005499999999999,0.0005499999999999,0.0005499999999999,0.0,0.0005499999999999,0.0,0.0,28.0,0.0
AC-BC-BV-CC-CH-DF-DP-ER-FP-PC-PJ-RI,48.0,0.1100814159404353,0.0510054744577666,0.1180900641590077,0.0,0.0,0.0,0.5834307656244795,0.0,0.0,0.0079499860385944,0.0,0.0,0.0,0.0,0.0,0.0040064093167007,0.1101395712261766,0.7465328074008142,0.0,0.0,0.269636768553202,0.0,0.3035624835596507,0.0,0.1435487625117202,23.425,26.235,23.02,19.54
AC-BC-BV-CC-CH-DF-DP-ER-FP-PJ-RI,0.0,0.0,0.0006,0.0006,0.0,0.0,0.0,0.0006,0.0,0.0,0.0006,0.0,0.0,0.0,0.0,0.0,0.0006,0.0006,0.0006,0.0,0.0,0.0006,0.0006,0.0006,0.0,0.0006,0.0,0.0,28.0,0.0
AC-BC-BV-CC-CH-DF-DP-ER-FP-PJ-RI,48.0,0.0,0.0599096730170108,0.0462742709149786,0.0,0.0,0.0,0.682766310296761,0.0,0.0,0.0047210285650612,0.0,0.0,0.0,0.0,0.0,0.0046707547745745,0.151183879519386,0.7068574170004642,0.0,0.0,0.2849655985005727,0.0003975308720994,0.5062536665951157,0.0,0.2175389672862741,24.215,23.25,26.185,17.490000000000002
AC-BC-BV-FP,0.0,0.0,0.0,0.00165,0.0,0.0,0.0,0.00165,0.0,0.0,0.0,0.0,0.0,0.0,0.0,0.0,0.00165,0.0,0.00165,0.0,0.0,0.0,0.0,0.0,0.0,0.0,0.0,0.0,28.0,0.0
AC-BC-BV-FP,48.0,0.0,0.0,0.2078470955602598,0.0,0.0,0.0,0.7792386960474977,0.0,0.0,0.0,0.0,0.0,0.0,0.0,0.0,0.0062934092587781,0.0,1.1908558853207207,0.0,0.0,0.0,0.0,0.0,0.0,0.0,29.37754345,8.32125,8.3669,18.59275
AC-BC-CA-CC-CH-DF-DL-DP-ER-FP-PJ-RI,0.0,0.0,0.0005499999999999,0.0,0.0,0.0,0.0,0.0005499999999999,0.0,0.0,0.0005499999999999,0.0,0.0,0.0,0.0005499999999999,0.0,0.0005499999999999,0.0005499999999999,0.0005499999999999,0.0,0.0,0.0005499999999999,0.0005499999999999,0.0005499999999999,0.0005499999999999,0.0005499999999999,0.0,0.0,28.0,0.0
AC-BC-CA-CC-CH-DF-DL-DP-ER-FP-PJ-RI,48.0,0.0,0.0641961246040962,0.0,0.0,0.0,0.0,0.6770590090867695,0.0,0.0,0.0059462103791735,0.0,0.0,0.0,0.1387026704431655,0.0,0.001554180428851,0.0982181208970548,0.7359114923306902,0.0,0.0,0.1676007606168735,0.0,0.1631237440956654,0.3816914611462851,0.0768285998453354,23.42,25.79,34.82,10.28
AC-BF,0.0,0.0,0.0,0.0,0.0033,0.0,0.0,0.0,0.0,0.0,0.0,0.0,0.0,0.0,0.0,0.0,0.0,0.0,0.0033,0.0,0.0,0.0,0.0,0.0,0.0,0.0,0.0,0.0,28.0,0.0
AC-BF,48.0,0.0,0.0,0.0,1.0282753502809137,0.0,0.0,0.0,0.0,0.0,0.0,0.0,0.0,0.0,0.0,0.0,0.0,0.0,0.5359114482081562,0.0,0.0,0.0,0.0,0.0,0.0,0.0,37.293,4.904066666666666,3.4943666666666666,14.041866666666666
AC-BF-BH-BL-BO-BT-BU-CH-EL-ER-FP-PC-PJ,0.0,0.0005076923076923,0.0005076923076923,0.0,0.0005076923076923,0.0005076923076923,0.0005076923076923,0.0,0.0,0.0005076923076923,0.0,0.0005076923076923,0.0,0.0,0.0,0.0005076923076923,0.0005076923076923,0.0005076923076923,0.0005076923076923,0.0005076923076923,0.0,0.0005076923076923,0.0,0.0,0.0,0.0,0.0,0.0,28.0,0.0
AC-BF-BH-BL-BO-BT-BU-CH-EL-ER-FP-PC-PJ,48.0,0.4354216450265273,0.0714951319421449,0.0,0.2212224315476358,0.242208220648052,0.278863049485924,0.0,0.0,0.070065236620964,0.0,0.0102818696263855,0.0,0.0,0.0,0.0074799361792457,0.0011776628971979,0.3610103831581523,0.4844282865096953,0.0011776628971979,0.0,0.1461349358073206,0.0,0.0,0.0,0.0,36.149249995000005,18.603729475,1.39932015,32.882513215
AC-BF-BH-BL-BP-CA-CC-EL-ER-PJ-RI,0.0,0.0,0.0006,0.0,0.0006,0.0,0.0,0.0,0.0,0.0,0.0,0.0006,0.0,0.0006,0.0006,0.0006,0.0,0.0,0.0006,0.0006,0.0,0.0006,0.0006,0.0006,0.0,0.0,0.0,0.0,28.0,0.0
AC-BF-BH-BL-BP-CA-CC-EL-ER-PJ-RI,48.0,0.0,0.0712886543890452,0.0,0.4967582798496506,0.0,0.0,0.0,0.0,0.0,0.0,0.0065834957230554,0.0,0.2664429093606652,0.0685684777577492,0.010449236084617,0.0,0.0,0.9522979560696831,0.0157624793600235,0.0,0.097570976780634,0.0007002718577241,0.096738274860044,0.0,0.0,53.957200400000005,28.23052635,0.784990035,8.61012558
AC-BF-BH-BL-BT-BU-BV-CA-CH-EL-PC-RI,0.0,0.0005499999999999,0.0,0.0005499999999999,0.0005499999999999,0.0,0.0005499999999999,0.0,0.0,0.0005499999999999,0.0,0.0005499999999999,0.0,0.0,0.0005499999999999,0.0005499999999999,0.0,0.0005499999999999,0.0005499999999999,0.0005499999999999,0.0,0.0,0.0005499999999999,0.0,0.0,0.0,0.0,0.0,28.0,0.0
AC-BF-BH-BL-BT-BU-BV-CA-CH-EL-PC-RI,48.0,0.3796438162970147,0.0,0.1180596770875504,0.201118429629113,0.0,0.2678866598619914,0.0,0.0,0.0642475106042266,0.0,0.0145992283380459,0.0,0.0,0.1111656772741889,0.0062204441980213,0.0,0.4813242429690517,0.5378711059843329,0.0008966309919907,0.0,0.0,0.0007117075190011,0.0,0.0,0.0,37.96197177,20.746996685,2.121168465,31.385674845
AC-BF-BH-BL-BV-CA-CH-DF-ER-FP-RI,0.0,0.0,0.0,0.0006,0.0006,0.0,0.0,0.0,0.0,0.0,0.0,0.0006,0.0,0.0,0.0006,0.0,0.0006,0.0006,0.0006,0.0006,0.0,0.0006,0.0006,0.0,0.0,0.0006,0.0,0.0,28.0,0.0
AC-BF-BH-BL-BV-CA-CH-DF-ER-FP-RI,16.0,0.0,0.0,0.088653422,0.430435692,0.0,0.0,0.0,0.0,0.0,0.0,0.018897177,0.0,0.0,0.199703497,0.0,0.006532357,0.30958708,0.595611014,0.002332985,0.0,0.600043685,0.008632044,0.0,0.0,0.414571395,31.85940104,32.35661536,7.68118245,18.07217348
AC-BF-BH-BL-BV-CA-CH-DF-ER-FP-RI,32.0,0.0,0.0,0.011252305,0.252373129,0.0,0.0,0.0,0.0,0.0,0.0,0.006697801,0.0,0.0,0.131544805,0.0,0.005358241,0.721487087,0.662010617,0.001607472,0.0,0.191289187,0.00133956,0.0,0.0,0.249426097,34.5199824,39.41342328,1.02817301,24.08999451
AC-BF-BH-BL-BV-CA-CH-DF-ER-FP-RI,48.0,0.0,0.0,0.04919319077814835,0.24299737969295915,0.0,0.0,0.0,0.0,0.0,0.0,0.00798240138161235,0.0,0.0,0.21149236094494364,0.0,0.0024965015170539,0.33672783633851533,0.522076027048999,0.0016304460443118999,0.0,0.12081980653348703,0.0006545585573506,0.0,0.0,0.4599575732247403,34.7641229925,39.956972642500006,4.9353802825,26.97554466
AC-BF-BH-BO-BU-BV-CA-CG-CH-PC-PJ,0.0,0.0006,0.0006,0.0006,0.0006,0.0006,0.0,0.0,0.0,0.0006,0.0,0.0,0.0,0.0,0.0006,0.0,0.0,0.0006,0.0006,0.0006,0.0006,0.0,0.0,0.0,0.0,0.0,0.0,0.0,28.0,0.0
AC-BF-BH-BO-BU-BV-CA-CG-CH-PC-PJ,16.0,0.909258878,0.026494452,0.119033046,0.416807649,0.534304784,0.0,0.0,0.0,0.108473663,0.0,0.0,0.0,0.0,0.077755457,0.0,0.0,0.063548287,0.309485919,0.000767955,0.077179491,0.0,0.0,0.0,0.0,0.0,31.1674136,54.32102792,5.92075406,29.06237192
AC-BF-BH-BO-BU-BV-CA-CG-CH-PC-PJ,32.0,0.565465167,0.014106826,0.016888454,0.243591108,0.314721302,0.0,0.0,0.0,0.065964313,0.0,0.0,0.0,0.0,0.044108667,0.0,0.0,0.101132034,0.564670416,0.000993438,0.044506043,0.0,0.0,0.0,0.0,0.0,30.28419536,36.38981212,4.80755001,33.79176906
AC-BF-BH-BO-BU-BV-CA-CG-CH-PC-PJ,48.0,0.46217797280631834,0.029660880241652747,0.023051245760084698,0.2057155404480516,0.2888363273708281,0.0,0.0,0.0,0.06536508733166894,0.0,0.0,0.0,0.0,0.1061315792346459,0.0,0.0,0.16252866261180476,0.9259338328302631,0.0018684844911184498,0.07995086830300399,0.0,0.0,0.0,0.0,0.0,33.4060610275,33.198439775,2.401522205,34.758275097500004
AC-BF-BH-BO-BU-BY-DF-DL-PC-PJ-RI,0.0,0.0006,0.0006,0.0,0.0006,0.0006,0.0,0.0,0.0006,0.0006,0.0,0.0,0.0,0.0,0.0,0.0,0.0,0.0,0.0006,0.0006,0.0,0.0,0.0006,0.0,0.0006,0.0006,0.0,0.0,28.0,0.0
AC-BF-BH-BO-BU-BY-DF-DL-PC-PJ-RI,16.0,0.211014983,0.020814916,0.0,0.348876094,0.12066618,0.0,0.0,0.124286166,0.054601447,0.0,0.0,0.0,0.0,0.0,0.0,0.0,0.0,0.152491885,0.001206662,0.0,0.0,0.002262491,0.0,0.359585218,0.256113968,29.75742152,37.50445388,17.41829634,11.86131714
AC-BF-BH-BO-BU-BY-DF-DL-PC-PJ-RI,32.0,0.254934197,0.013342683,0.0,0.24852971,0.05906361,0.0,0.0,0.094644098,0.02988761,0.0,0.0,0.0,0.0,0.0,0.0,0.0,0.0,0.468950833,0.001245317,0.0,0.0,0.001245317,0.0,0.492611858,0.172565367,32.05792016,39.26244248,17.93265074,15.13697212
AC-BF-BH-BO-BU-BY-DF-DL-PC-PJ-RI,48.0,0.2215987141018566,0.027195315498970397,0.0,0.2652409936306662,0.08227859277811239,0.0,0.0,0.08236328371959364,0.022086030748485752,0.0,0.0,0.0,0.0,0.0,0.0,0.0,0.0,0.6474636530181732,0.00031316903831435003,0.0,0.0,0.0009122487563857396,0.0,0.40542980361613273,0.31661178472012663,35.3672283175,30.5037919275,8.9773412025,19.255657395
AC-BF-BH-BO-BV-CA-CC-CH-DL-DP-ER-FP-RI,0.0,0.0,0.0,0.0005076923076923,0.0005076923076923,0.0005076923076923,0.0,0.0,0.0,0.0,0.0005076923076923,0.0,0.0,0.0,0.0005076923076923,0.0,0.0005076923076923,0.0005076923076923,0.0005076923076923,0.0005076923076923,0.0,0.0005076923076923,0.0005076923076923,0.0005076923076923,0.0005076923076923,0.0,0.0,0.0,28.0,0.0
AC-BF-BH-BO-BV-CA-CC-CH-DL-DP-ER-FP-RI,48.0,0.0,0.0,0.0580213232208294,0.3094364433567059,0.2585609772427423,0.0,0.0,0.0,0.0,0.0041903461392083,0.0,0.0,0.0,0.1020875676291019,0.0,0.0027294000938843,0.0370328472301798,0.8867612443638446,0.0007814224077749,0.0,0.0842984207358032,0.0060703416861558,0.0711244665769646,0.5363134263167723,0.0,26.1184,29.9217,30.43655,14.4752
AC-BF-BH-BO-BV-CA-CH-EL-ER-FP-PC,0.0,0.0006,0.0,0.0006,0.0006,0.0006,0.0,0.0,0.0,0.0,0.0,0.0,0.0,0.0,0.0006,0.0006,0.0006,0.0006,0.0006,0.0006,0.0,0.0006,0.0,0.0,0.0,0.0,0.0,0.0,28.0,0.0
AC-BF-BH-BO-BV-CA-CH-EL-ER-FP-PC,16.0,1.067542525,0.0,0.04997435,0.465590177,0.425158667,0.0,0.0,0.0,0.0,0.0,0.0,0.0,0.0,0.051983369,0.00100451,0.001757892,0.185080885,0.280760419,0.000753382,0.0,0.382467011,0.0,0.0,0.0,0.0,30.25104168,25.53095936,6.55218864,32.70966973
AC-BF-BH-BO-BV-CA-CH-EL-ER-FP-PC,32.0,0.508427358,0.0,0.019241183,0.314551521,0.364327626,0.0,0.0,0.0,0.0,0.0,0.0,0.0,0.0,0.130923705,0.002300576,0.002718863,0.296565197,0.583300659,0.000836573,0.0,0.303676069,0.0,0.0,0.0,0.0,35.23263176,35.93382804,2.35295465,37.36627571
AC-BF-BH-BO-BV-CA-CH-EL-ER-FP-PC,48.0,0.34869015704096945,0.0,0.0613957105520311,0.2981467019801579,0.3140606486393726,0.0,0.0,0.0,0.0,0.0,0.0,0.0,0.0,0.10915481651291664,0.0040336532778313,0.001101340687259,0.2589463774376626,0.6249047634647893,0.0010724643247495501,0.0,0.16748149646374605,0.0,0.0,0.0,0.0,34.98206949,23.554009775,3.0407805075,37.57914454
AC-BF-BH-BP-BV-CC-DF-DL-ER-FP-PC-PJ-RI,0.0,0.0005076923076923,0.0005076923076923,0.0005076923076923,0.0005076923076923,0.0,0.0,0.0,0.0,0.0,0.0,0.0,0.0,0.0005076923076923,0.0,0.0,0.0005076923076923,0.0,0.0005076923076923,0.0005076923076923,0.0,0.0005076923076923,0.0005076923076923,0.0005076923076923,0.0005076923076923,0.0005076923076923,0.0,0.0,28.0,0.0
AC-BF-BH-BP-BV-CC-DF-DL-ER-FP-PC-PJ-RI,48.0,0.0879018796665332,0.0048162884515777,0.0270002991264157,0.3078995306259789,0.0,0.0,0.0,0.0,0.0,0.0,0.0,0.0,0.1889888758270311,0.0,0.0,0.0008492464016225,0.0,0.9120018192079884,0.0006225865608958,0.0,0.0063226561583136,0.0019334223294749,0.0256928701994856,0.6638598260467989,0.1091218580171812,32.19995,30.28435,20.93775,8.0774
AC-BF-BH-BY-CA-CC-ER-FP-PC-PJ-RI,0.0,0.0006,0.0006,0.0,0.0006,0.0,0.0,0.0,0.0006,0.0,0.0,0.0,0.0,0.0,0.0006,0.0,0.0006,0.0,0.0006,0.0006,0.0,0.0006,0.0006,0.0006,0.0,0.0,0.0,0.0,28.0,0.0
AC-BF-BH-BY-CA-CC-ER-FP-PC-PJ-RI,48.0,0.5578741530569544,0.0031946136999808,0.0,0.4318207686637137,0.0,0.0,0.0,0.0573218270635974,0.0,0.0,0.0,0.0,0.0,0.1869147524058309,0.0,0.0012942801596605,0.0,0.940451372076422,0.0006667439298884,0.0,0.0088993723190488,0.0020429844599823,0.1527739728347978,0.0,0.0,42.5852,16.39905,0.0,26.46115
AC-BF-BH-CA-CC-CG-EL-ER-FP-PC-RI,0.0,0.0006,0.0,0.0,0.0006,0.0,0.0,0.0,0.0,0.0,0.0,0.0,0.0,0.0,0.0006,0.0006,0.0006,0.0,0.0006,0.0006,0.0006,0.0006,0.0006,0.0006,0.0,0.0,0.0,0.0,28.0,0.0
AC-BF-BH-CA-CC-CG-EL-ER-FP-PC-RI,48.0,0.2672510901575685,0.0,0.0,0.5687015146346638,0.0,0.0,0.0,0.0,0.0,0.0,0.0,0.0,0.0,0.0340013018620132,0.0644073753144749,0.0002279955621299,0.0,0.4974997675183522,0.0008321007384473,0.2536485858237023,0.0083248903738394,0.0015073506987713,0.0696618214012713,0.0,0.0,44.13225,18.57415,0.0,17.1343
AC-BF-BL-BO-BU-BV-CA-CH-DP-EL-FP-PJ,0.0,0.0,0.00054999999999995,0.00054999999999995,0.00054999999999995,0.00054999999999995,0.0,0.0,0.0,0.00054999999999995,0.00054999999999995,0.00054999999999995,0.0,0.0,0.00054999999999995,0.00054999999999995,0.00054999999999995,0.00054999999999995,0.00054999999999995,0.0,0.0,0.0,0.0,0.0,0.0,0.0,0.0,0.0,28.0,0.0
AC-BF-BL-BO-BU-BV-CA-CH-DP-EL-FP-PJ,16.0,0.0,0.036177855,0.085081589,0.413045661,0.548667167,0.0,0.0,0.0,0.201796075,0.03036031,0.041631803,0.0,0.0,0.128349576,0.000908991,0.003999562,0.24433687,0.198523707,0.0,0.0,0.0,0.0,0.0,0.0,0.0,16.26853992,32.2801242,24.43264494,18.76508063
AC-BF-BL-BO-BU-BV-CA-CH-DP-EL-FP-PJ,32.0,0.0,0.024794691,0.033324065,0.294759286,0.32570306,0.0,0.0,0.0,0.10989007,0.010909664,0.01924068,0.0,0.0,0.179513562,0.000595073,0.003570435,0.401277278,0.535763682,0.0,0.0,0.0,0.0,0.0,0.0,0.0,16.6114472,38.97706828,21.85873969,30.2689755
AC-BF-BL-BO-BU-BV-CA-CH-DP-EL-FP-PJ,48.0,0.0,0.05042253985843009,0.0675918075388129,0.3449260494744001,0.4288218076593232,0.0,0.0,0.0,0.07820868044770671,0.01169173647703085,0.01267689629434655,0.0,0.0,0.0494719735631782,0.0011333813101673,0.0036502116507626,0.17605473769513447,0.7777246431263337,0.0,0.0,0.0,0.0,0.0,0.0,0.0,21.1911598075,37.32373380999999,16.95926393,34.2654486875
AC-BF-BL-BT-BU-BV-CC-CG-DP-ER-FP-PC-RI,0.0,0.0005076923076923,0.0,0.0005076923076923,0.0005076923076923,0.0,0.0005076923076923,0.0,0.0,0.0005076923076923,0.0005076923076923,0.0005076923076923,0.0,0.0,0.0,0.0,0.0005076923076923,0.0,0.0005076923076923,0.0,0.0005076923076923,0.0005076923076923,0.0005076923076923,0.0005076923076923,0.0,0.0,0.0,0.0,28.0,0.0
AC-BF-BL-BT-BU-BV-CC-CG-DP-ER-FP-PC-RI,48.0,0.7328569111550769,0.0,0.0225810895448633,0.3216910549188234,0.0,0.3260143209982478,0.0,0.0,0.0054668279286136,0.0047317494321636,0.0151712856330418,0.0,0.0,0.0,0.0,0.0021715103765911,0.0,0.8071655097574547,0.0,0.2347818319505839,0.0473130562119794,0.004964054523507,0.2040445366018825,0.0,0.0,32.7714,27.19095,15.5109,26.01055
AC-BF-BL-BT-CA-CG-CH-DF-DP-ER-PC,0.0,0.0006,0.0,0.0,0.0006,0.0,0.0006,0.0,0.0,0.0,0.0006,0.0006,0.0,0.0,0.0006,0.0,0.0,0.0006,0.0006,0.0,0.0006,0.0006,0.0,0.0,0.0,0.0006,0.0,0.0,28.0,0.0
AC-BF-BL-BT-CA-CG-CH-DF-DP-ER-PC,16.0,0.444591302,0.0,0.0,0.368801913,0.0,0.33374186,0.0,0.0,0.0,0.006266052,0.00701201,0.0,0.0,0.019842498,0.0,0.0,0.072059597,0.07757969,0.0,0.036850353,0.230501195,0.0,0.0,0.0,0.148744137,20.77778496,28.55026804,24.6828325,15.63046135
AC-BF-BL-BT-CA-CG-CH-DF-DP-ER-PC,32.0,0.54820563,0.0,0.0,0.214774122,0.0,0.190957586,0.0,0.0,0.0,0.002551772,0.002551772,0.0,0.0,0.013396802,0.0,0.0,0.192871414,0.311954096,0.0,0.026793603,0.166928402,0.0,0.0,0.0,0.17607225,21.11050728,47.81343236,26.0900355,28.98548277
AC-BF-BL-BT-CA-CG-CH-DF-DP-ER-PC,48.0,0.3800739436993602,0.0,0.0,0.19241678467884954,0.0,0.2293623200282178,0.0,0.0,0.0,0.0043280242696024,0.00238779841258435,0.0,0.0,0.0201106126369704,0.0,0.0,0.15324836532016756,0.5542965201299748,0.0,0.048432689063217696,0.1315210786015209,0.0,0.0,0.0,0.14331287151591054,22.192346282499997,37.688352225,24.0529285725,29.6644016725
AC-BF-BL-BT-CC,0.0,0.0,0.0,0.0,0.00132,0.0,0.00132,0.0,0.0,0.0,0.0,0.00132,0.0,0.0,0.0,0.0,0.0,0.0,0.00132,0.0,0.0,0.0,0.0,0.00132,0.0,0.0,0.0,0.0,28.0,0.0
AC-BF-BL-BT-CC,48.0,0.0,0.0,0.0,0.6242995529022792,0.0,0.6084109544599821,0.0,0.0,0.0,0.0,0.0314393188035167,0.0,0.0,0.0,0.0,0.0,0.0,0.7483304605298629,0.0,0.0,0.0,0.0,0.5124592558540678,0.0,0.0,25.4342714,17.7787,18.23875,15.9125
AC-BF-BL-CC,0.0,0.0,0.0,0.0,0.00165,0.0,0.0,0.0,0.0,0.0,0.0,0.00165,0.0,0.0,0.0,0.0,0.0,0.0,0.00165,0.0,0.0,0.0,0.0,0.00165,0.0,0.0,0.0,0.0,28.0,0.0
AC-BF-BL-CC,48.0,0.0,0.0,0.0,1.1766656636402604,0.0,0.0,0.0,0.0,0.0,0.0,0.0429877694552653,0.0,0.0,0.0,0.0,0.0,0.0,0.6756274492708971,0.0,0.0,0.0,0.0,0.6011102142041855,0.0,0.0,26.5554864,14.25215,15.07145,10.0203
AC-BF-BL-CC-FP,0.0,0.0,0.0,0.0,0.00132,0.0,0.0,0.0,0.0,0.0,0.0,0.00132,0.0,0.0,0.0,0.0,0.00132,0.0,0.00132,0.0,0.0,0.0,0.0,0.00132,0.0,0.0,0.0,0.0,28.0,0.0
AC-BF-BL-CC-FP,48.0,0.0,0.0,0.0,1.2331849119973384,0.0,0.0,0.0,0.0,0.0,0.0,0.0356859525882323,0.0,0.0,0.0,0.0,0.0178683783078062,0.0,0.5969553495421263,0.0,0.0,0.0,0.0,0.6444191629531164,0.0,0.0,28.220974,15.45175,16.3151,11.23485
AC-BF-BO-BP-BU-BY-CA-CC-CG-EL-PJ,0.0,0.0,0.0006,0.0,0.0006,0.0006,0.0,0.0,0.0006,0.0006,0.0,0.0,0.0,0.0006,0.0006,0.0006,0.0,0.0,0.0006,0.0,0.0006,0.0,0.0,0.0006,0.0,0.0,0.0,0.0,28.0,0.0
AC-BF-BO-BP-BU-BY-CA-CC-CG-EL-PJ,48.0,0.0,0.0926714655892211,0.0,0.350530811253002,0.0651207774982686,0.0,0.0,0.076658006423369,0.0522877081853447,0.0,0.0,0.0,0.3451821738155132,0.0791369165691944,0.0139069767793782,0.0,0.0,0.5163469397310658,0.0,0.1621068600798648,0.0,0.0,0.1166941486454488,0.0,0.0,49.597239945,28.13292236,0.761981445,10.01741829
AC-BF-BO-CC-CG-DF-DL-EL-ER-FP-RI,0.0,0.0,0.0,0.0,0.0006,0.0006,0.0,0.0,0.0,0.0,0.0,0.0,0.0,0.0,0.0,0.0006,0.0006,0.0,0.0006,0.0,0.0006,0.0006,0.0006,0.0006,0.0006,0.0006,0.0,0.0,28.0,0.0
AC-BF-BO-CC-CG-DF-DL-EL-ER-FP-RI,48.0,0.0,0.0,0.0,0.248697254811394,0.0671031396542257,0.0,0.0,0.0,0.0,0.0,0.0,0.0,0.0,0.0,0.0518205001184963,0.0003696724988783,0.0,0.4071038008393988,0.0,0.0525877859968772,0.0048341571852817,0.0017196449158214,0.0387200476958956,0.651321645658424,0.1626539892112109,44.28665,21.5157,0.0,8.25595
AC-BF-BP-BT-BV-CC-EL-ER-FP-PC-PJ-RI,0.0,0.0005499999999999,0.0005499999999999,0.0005499999999999,0.0005499999999999,0.0,0.0005499999999999,0.0,0.0,0.0,0.0,0.0,0.0,0.0005499999999999,0.0,0.0005499999999999,0.0005499999999999,0.0,0.0005499999999999,0.0,0.0,0.0005499999999999,0.0005499999999999,0.0005499999999999,0.0,0.0,0.0,0.0,28.0,0.0
AC-BF-BP-BT-BV-CC-EL-ER-FP-PC-PJ-RI,48.0,0.1511918777383281,0.0054036218024363,0.0612395273465276,0.2743634716980621,0.0,0.2731303391760574,0.0,0.0,0.0,0.0,0.0,0.0,0.2579425925174591,0.0,0.0562914763780753,0.0011003450590008,0.0,0.7103752715335632,0.0,0.0,0.0190172869367021,0.007350696090265,0.1394177354543622,0.0,0.0,48.2541,7.27805,0.0,18.94965
AC-BF-BP-BT-CA-CC-CG-DF-ER-FP-PC-RI,0.0,0.0005499999999999,0.0,0.0,0.0005499999999999,0.0,0.0005499999999999,0.0,0.0,0.0,0.0,0.0,0.0,0.0005499999999999,0.0005499999999999,0.0,0.0005499999999999,0.0,0.0005499999999999,0.0,0.0005499999999999,0.0005499999999999,0.0005499999999999,0.0005499999999999,0.0,0.0005499999999999,0.0,0.0,28.0,0.0
AC-BF-BP-BT-CA-CC-CG-DF-ER-FP-PC-RI,48.0,0.1200036869577599,0.0,0.0,0.2733069129519557,0.0,0.1577923766584015,0.0,0.0,0.0,0.0,0.0,0.0,0.2034939378925829,0.1511955723224555,0.0,0.0010946464314229,0.0,0.8994260706858805,0.0,0.0934729072228453,0.0083494843661668,0.0029295109770376,0.0271382568845302,0.0,0.1767857985544853,44.7652,23.77575,0.0,13.71965
AC-BF-BP-BU-BV-CC-CG-DL-DP-EL-ER-FP-PJ,0.0,0.0,0.0005076923076923,0.0005076923076923,0.0005076923076923,0.0,0.0,0.0,0.0,0.0005076923076923,0.0005076923076923,0.0,0.0,0.0005076923076923,0.0,0.0005076923076923,0.0005076923076923,0.0,0.0005076923076923,0.0,0.0005076923076923,0.0005076923076923,0.0,0.0005076923076923,0.0005076923076923,0.0,0.0,0.0,28.0,0.0
AC-BF-BP-BU-BV-CC-CG-DL-DP-EL-ER-FP-PJ,48.0,0.0,0.1073923035837782,0.0411467186752285,0.4892095346128342,0.0,0.0,0.0,0.0,0.0129928492618406,0.010092643534109,0.0,0.0,0.2909660486402671,0.0,0.0092078527484606,0.0035361268790755,0.0,0.6502718202360425,0.0,0.1362946036581898,0.0341082513218814,0.0,0.1533671985394939,0.0342652580384306,0.0,24.6281482,42.20942088,30.765489805,11.079980415
AC-BF-BP-BU-BV-CC-CH-ER-FP-PC-RI,0.0,0.0006,0.0,0.0006,0.0006,0.0,0.0,0.0,0.0,0.0006,0.0,0.0,0.0,0.0006,0.0,0.0,0.0006,0.0006,0.0006,0.0,0.0,0.0006,0.0006,0.0006,0.0,0.0,0.0,0.0,28.0,0.0
AC-BF-BP-BU-BV-CC-CH-ER-FP-PC-RI,48.0,0.289987590848527,0.0,0.089758202451401,0.4474629235060852,0.0,0.0,0.0,0.0,0.0415171683174986,0.0,0.0,0.0,0.3542929206947559,0.0,0.0,0.000965689498495,0.0433190851694426,1.215253352214121,0.0,0.0,0.0181384202898835,0.0074063206420918,0.1331109481507579,0.0,0.0,26.9602,27.622,18.228250000000003,20.0388
AC-BF-BP-BV-BY-CA-CC-CH-EL-ER-FP-RI,0.0,0.0,0.0,0.0005499999999999,0.0005499999999999,0.0,0.0,0.0,0.0005499999999999,0.0,0.0,0.0,0.0,0.0005499999999999,0.0005499999999999,0.0005499999999999,0.0005499999999999,0.0005499999999999,0.0005499999999999,0.0,0.0,0.0005499999999999,0.0005499999999999,0.0005499999999999,0.0,0.0,0.0,0.0,28.0,0.0
AC-BF-BP-BV-BY-CA-CC-CH-EL-ER-FP-RI,48.0,0.0,0.0,0.0639868328318051,0.5029874590146546,0.0,0.0,0.0,0.1060903529731452,0.0,0.0,0.0,0.0,0.3307890570694167,0.0415308288739286,0.0749869255888655,0.0006373427203092,0.0023535788005483,0.5147524348046799,0.0,0.0,0.0068518321364,0.0034756551789726,0.0945505955597531,0.0,0.0,50.18715,14.69855,0.0,13.7785
AC-BF-BT-BV-BY-CC-EL-ER-FP-PC-RI,0.0,0.0006,0.0,0.0006,0.0006,0.0,0.0006,0.0,0.0006,0.0,0.0,0.0,0.0,0.0,0.0,0.0006,0.0006,0.0,0.0006,0.0,0.0,0.0006,0.0006,0.0006,0.0,0.0,0.0,0.0,28.0,0.0
AC-BF-BT-BV-BY-CC-EL-ER-FP-PC-RI,48.0,0.492616120331248,0.0,0.0261805231987906,0.3168812916093875,0.0,0.3061513003107373,0.0,0.0529307579818654,0.0,0.0,0.0,0.0,0.0,0.0,0.1154609585804166,0.0003069086204592,0.0,0.4349513137426651,0.0,0.0,0.0173747474714437,0.005014411076895,0.2015207791566293,0.0,0.0,44.80285000000001,7.9977,0.0,25.77595
AC-BF-BU-BV-BY-CH-DF-EL-ER-FP-PC,0.0,0.0006,0.0,0.0006,0.0006,0.0,0.0,0.0,0.0006,0.0006,0.0,0.0,0.0,0.0,0.0,0.0006,0.0006,0.0006,0.0006,0.0,0.0,0.0006,0.0,0.0,0.0,0.0006,0.0,0.0,28.0,0.0
AC-BF-BU-BV-BY-CH-DF-EL-ER-FP-PC,16.0,0.787667417,0.0,0.041749156,0.399293213,0.0,0.0,0.0,0.166568429,0.095701912,0.0,0.0,0.0,0.0,0.0,0.000642295,0.000642295,0.091848144,0.231440195,0.0,0.0,0.223090364,0.0,0.0,0.0,0.434833521,28.76135112,35.59840008,12.28203507,30.72382223
AC-BF-BU-BV-BY-CH-DF-EL-ER-FP-PC,32.0,0.304693046,0.0,0.011196695,0.237751102,0.0,0.0,0.0,0.146748175,0.0838561,0.0,0.0,0.0,0.0,0.0,0.000238228,0.000714683,0.160327146,0.578416509,0.0,0.0,0.157706643,0.0,0.0,0.0,0.461446779,27.62634128,32.68439184,11.42920624,32.95573009
AC-BF-BU-BV-BY-CH-DF-EL-ER-FP-PC,48.0,0.32204411026736485,0.0,0.046633309815666504,0.2431107045179652,0.0,0.0,0.0,0.11478854873298784,0.05831484262885265,0.0,0.0,0.0,0.0,0.0,0.0053628883689862995,0.0012068850443204,0.3595098043876567,0.44529334307794094,0.0,0.0,0.1363488842398372,0.0,0.0,0.0,0.3523922991294737,32.850784165,25.214170162499997,5.94889713,33.3291830425
AC-BF-BV-BY-CA-CC-CH-DP-ER-FP-RI,0.0,0.0,0.0,0.0006,0.0006,0.0,0.0,0.0,0.0006,0.0,0.0006,0.0,0.0,0.0,0.0006,0.0,0.0006,0.0006,0.0006,0.0,0.0,0.0006,0.0006,0.0006,0.0,0.0,0.0,0.0,28.0,0.0
AC-BF-BV-BY-CA-CC-CH-DP-ER-FP-RI,48.0,0.0,0.0,0.0948872723609175,0.2981036913734808,0.0,0.0,0.0,0.2197450314918917,0.0,0.0045697842264299,0.0,0.0,0.0,0.2238899897398736,0.0,0.0049304468655794,0.0627236913256493,0.6931814984089621,0.0,0.0,0.2080052247123165,0.0086011390773306,0.6726087924979103,0.0,0.0,32.4601,26.0341,20.90525,20.2846
AC-BF-BV-CC-CH-DF-DP-EL-ER-FP-PC-PJ,0.0,0.00054999999999995,0.00054999999999995,0.00054999999999995,0.00054999999999995,0.0,0.0,0.0,0.0,0.0,0.00054999999999995,0.0,0.0,0.0,0.0,0.00054999999999995,0.00054999999999995,0.00054999999999995,0.00054999999999995,0.0,0.0,0.00054999999999995,0.0,0.00054999999999995,0.0,0.00054999999999995,0.0,0.0,28.0,0.0
AC-BF-BV-CC-CH-DF-DP-EL-ER-FP-PC-PJ,16.0,0.615415124,0.023284994,0.040384912,0.482981719,0.0,0.0,0.0,0.0,0.0,0.014553121,0.0,0.0,0.0,0.0,0.003092538,0.001273398,0.17791191,0.270506145,0.0,0.0,0.264502983,0.0,0.060941196,0.0,0.401848066,22.19800872,44.67109324,21.63353527,20.11522319
AC-BF-BV-CC-CH-DF-DP-EL-ER-FP-PC-PJ,32.0,0.320120432,0.0189701,0.015544943,0.300359911,0.0,0.0,0.0,0.0,0.0,0.007640735,0.0,0.0,0.0,0.0,0.003425157,0.000790421,0.212359727,0.43394103,0.0,0.0,0.188383629,0.0,0.037149779,0.0,0.363857051,23.09581528,41.6460558,20.58756013,27.06987791
AC-BF-BV-CC-CH-DF-DP-EL-ER-FP-PC-PJ,48.0,0.179389191,0.05184184639619785,0.03319970945239965,0.39385971108533124,0.0,0.0,0.0,0.0,0.0,0.00787220868159385,0.0,0.0,0.0,0.0,0.00657550595518485,0.0024363663608306,0.1497381473788744,0.4614118268819998,0.0,0.0,0.14264136776091085,0.0,0.13222062652358205,0.0,0.29579160524376347,30.452758370000005,30.070529245,13.958299085,28.453337205
AC-BF-BV-DL-FP,0.0,0.0,0.0,0.00132,0.00132,0.0,0.0,0.0,0.0,0.0,0.0,0.0,0.0,0.0,0.0,0.0,0.00132,0.0,0.00132,0.0,0.0,0.0,0.0,0.0,0.00132,0.0,0.0,0.0,28.0,0.0
AC-BF-BV-DL-FP,48.0,0.0,0.0,0.1623620918915916,0.8259719571070601,0.0,0.0,0.0,0.0,0.0,0.0,0.0,0.0,0.0,0.0,0.0,0.0040423197433208,0.0,0.5974797629082822,0.0,0.0,0.0,0.0,0.0,0.6160361178086353,0.0,21.5078486,19.892200000000003,15.03395,13.1872
AC-BF-CC-FP,0.0,0.0,0.0,0.0,0.00165,0.0,0.0,0.0,0.0,0.0,0.0,0.0,0.0,0.0,0.0,0.0,0.00165,0.0,0.00165,0.0,0.0,0.0,0.0,0.00165,0.0,0.0,0.0,0.0,28.0,0.0
AC-BF-CC-FP,48.0,0.0,0.0,0.0,1.344732787088855,0.0,0.0,0.0,0.0,0.0,0.0,0.0,0.0,0.0,0.0,0.0,0.0352657648047574,0.0,0.7501211451137892,0.0,0.0,0.0,0.0,0.7271071036445538,0.0,0.0,29.718239,12.9007,14.50695,13.03395
AC-BH,0.0,0.0,0.0,0.0,0.0,0.0,0.0,0.0,0.0,0.0,0.0,0.0,0.0,0.0,0.0,0.0,0.0,0.0,0.0033,0.0033,0.0,0.0,0.0,0.0,0.0,0.0,0.0,0.0,28.0,0.0
AC-BH,48.0,0.0,0.0,0.0,0.0,0.0,0.0,0.0,0.0,0.0,0.0,0.0,0.0,0.0,0.0,0.0,0.0,0.0,1.420657173533927,0.0155520223197621,0.0,0.0,0.0,0.0,0.0,0.0,34.00846666666667,12.582166666666666,21.27763333333333,6.510366666666667
AC-BH-BL-BO-BP-BT-CC-CG-CH-DF-PC-PJ,0.0,0.00054999999999995,0.00054999999999995,0.0,0.0,0.00054999999999995,0.00054999999999995,0.0,0.0,0.0,0.0,0.00054999999999995,0.0,0.00054999999999995,0.0,0.0,0.0,0.00054999999999995,0.00054999999999995,0.00054999999999995,0.00054999999999995,0.0,0.0,0.00054999999999995,0.0,0.00054999999999995,0.0,0.0,28.0,0.0
AC-BH-BL-BO-BP-BT-CC-CG-CH-DF-PC-PJ,16.0,0.669887734,0.033146112,0.0,0.0,0.439065894,0.403517889,0.0,0.0,0.0,0.0,0.012970218,0.0,0.049959358,0.0,0.0,0.0,0.05236125,0.275256846,0.000480378,0.036748951,0.0,0.0,0.03074422,0.0,0.395351456,22.07985384,55.7077976,19.63488407,20.31873156
AC-BH-BL-BO-BP-BT-CC-CG-CH-DF-PC-PJ,32.0,0.19501642,0.016343392,0.0,0.0,0.268340827,0.261715128,0.0,0.0,0.0,0.0,0.007067413,0.0,0.024515088,0.0,0.0,0.0,0.085471523,0.852727518,0.00066257,0.027827938,0.0,0.0,0.035337064,0.0,0.433983313,24.87976008,41.31161284,17.94437063,21.61295748
AC-BH-BL-BO-BP-BT-CC-CG-CH-DF-PC-PJ,48.0,0.1518001214952189,0.00640078429604193,0.0,0.0,0.25563641746566584,0.31823077907729064,0.0,0.0,0.0,0.0,0.00680036053740045,0.0,0.07757881940272295,0.0,0.0,0.0,0.20210754294863165,0.7822331597719251,0.00102743806128635,0.0581140912021378,0.0,0.0,0.02625228787545725,0.0,0.21508346506075696,29.012044969999998,37.617183247499995,16.6174742225,22.1147695
AC-BH-BL-BO-BV-CA-CC-DP-EL-ER-FP-RI,0.0,0.0,0.0,0.0005499999999999,0.0,0.0005499999999999,0.0,0.0,0.0,0.0,0.0005499999999999,0.0005499999999999,0.0,0.0,0.0005499999999999,0.0005499999999999,0.0005499999999999,0.0,0.0005499999999999,0.0005499999999999,0.0,0.0005499999999999,0.0005499999999999,0.0005499999999999,0.0,0.0,0.0,0.0,28.0,0.0
AC-BH-BL-BO-BV-CA-CC-DP-EL-ER-FP-RI,48.0,0.0,0.0,0.066812274365329,0.0,0.0787426312613573,0.0,0.0,0.0,0.0,0.0105590387075643,0.0408277657687757,0.0,0.0,0.1814399186609081,0.023466637385035,0.0011485955842524,0.0,1.1349196333604057,0.0007657303895019,0.0,0.051906947819732,0.001977881519395,0.261715009107551,0.0,0.0,46.65615,14.2459,11.42455,10.34505
AC-BH-BL-BO-BV-CA-CC-EL-ER-FP-RI,0.0,0.0,0.0,0.0006,0.0,0.0006,0.0,0.0,0.0,0.0,0.0,0.0006,0.0,0.0,0.0006,0.0006,0.0006,0.0,0.0006,0.0006,0.0,0.0006,0.0006,0.0006,0.0,0.0,0.0,0.0,28.0,0.0
AC-BH-BL-BO-BV-CA-CC-EL-ER-FP-RI,48.0,0.0,0.0,0.1315568240501461,0.0,0.0945725749725484,0.0,0.0,0.0,0.0,0.0,0.0387882750405254,0.0,0.0,0.1663955859293118,0.0660805821784032,0.0009805412556006,0.0,0.5041867997433911,0.0021730941924921,0.0,0.079176110321849,0.0013320631230997,0.6566551386647935,0.0,0.0,58.164075,5.718325,1.317875,9.1406
AC-BH-BL-BO-BV-CC-ER-FP-PC-PJ-RI,0.0,0.0006,0.0006,0.0006,0.0,0.0006,0.0,0.0,0.0,0.0,0.0,0.0006,0.0,0.0,0.0,0.0,0.0006,0.0,0.0006,0.0006,0.0,0.0006,0.0006,0.0006,0.0,0.0,0.0,0.0,28.0,0.0
AC-BH-BL-BO-BV-CC-ER-FP-PC-PJ-RI,48.0,0.1799752976766129,0.0997713783152331,0.0328959925593253,0.0,0.1337064847231878,0.0,0.0,0.0,0.0,0.0,0.040623142289074,0.0,0.0,0.0,0.0,0.004298444375679,0.0,1.0213142444528454,0.0014121174841387,0.0,0.2152285228402438,0.000275301442973,0.994532281209648,0.0,0.0,47.545,14.035,5.605,9.66
AC-BH-BL-BO-CA-CC-CH-ER-FP-PJ-RI,0.0,0.0,0.0006,0.0,0.0,0.0006,0.0,0.0,0.0,0.0,0.0,0.0006,0.0,0.0,0.0006,0.0,0.0006,0.0006,0.0006,0.0006,0.0,0.0006,0.0006,0.0006,0.0,0.0,0.0,0.0,28.0,0.0
AC-BH-BL-BO-CA-CC-CH-ER-FP-PJ-RI,48.0,0.0,0.003327781594006,0.0,0.0,0.3697377630717713,0.0,0.0,0.0,0.0,0.0,0.0151860250445516,0.0,0.0,0.1603136874231745,0.0,0.0007719207707669,0.0346749768188135,1.14953674130662,0.0010423388203902,0.0,0.0141436862241615,0.0025255412845531,0.1809252780500347,0.0,0.0,42.9994,17.4473,0.0,17.819049999999997
AC-BH-BL-BO-CC-DL-EL-ER-FP-PJ-RI,0.0,0.0,0.0006,0.0,0.0,0.0006,0.0,0.0,0.0,0.0,0.0,0.0006,0.0,0.0,0.0,0.0006,0.0006,0.0,0.0006,0.0006,0.0,0.0006,0.0006,0.0006,0.0006,0.0,0.0,0.0,28.0,0.0
AC-BH-BL-BO-CC-DL-EL-ER-FP-PJ-RI,48.0,0.0,0.0047625714635188,0.0,0.0,0.0789476643655906,0.0,0.0,0.0,0.0,0.0,0.0106591706587535,0.0,0.0,0.0,0.0566512709691183,0.0003139086430212,0.0,0.6742526980553671,0.0002503130321557,0.0,0.0115103300678533,0.0016356932672267,0.0150183064304868,0.9853661863495572,0.0,49.468500000000006,13.282,1.2156,5.17185
AC-BH-BL-BO-CC-EL-ER-FP-PC-PJ-RI,0.0,0.0006,0.0006,0.0,0.0,0.0006,0.0,0.0,0.0,0.0,0.0,0.0006,0.0,0.0,0.0,0.0006,0.0006,0.0,0.0006,0.0006,0.0,0.0006,0.0006,0.0006,0.0,0.0,0.0,0.0,28.0,0.0
AC-BH-BL-BO-CC-EL-ER-FP-PC-PJ-RI,48.0,0.1871125166612799,0.0815998881372739,0.0,0.0,0.1266922419652244,0.0,0.0,0.0,0.0,0.0,0.0258427075380024,0.0,0.0,0.0,0.073826458378707,0.0002721770885894,0.0,0.6933455434485303,0.0018879451951171,0.0,0.2122903237903955,0.0005443541771786,0.5233186248761041,0.0,0.0,47.925,13.830000000000002,7.18,10.855
AC-BH-BL-BP-BU-BV-BY-CC-CG-CH-DL-DP-EL-FP-PJ-RI,0.0,0.0,0.0004125,0.0004125,0.0,0.0,0.0,0.0,0.0004125,0.0004125,0.0004125,0.0004125,0.0,0.0004125,0.0,0.0004125,0.0004125,0.0004125,0.0004125,0.0004125,0.0004125,0.0,0.0004125,0.0004125,0.0004125,0.0,0.0,0.0,28.0,0.0
AC-BH-BL-BP-BU-BV-BY-CC-CG-CH-DL-DP-EL-FP-PJ-RI,48.0,0.0,0.106805445400909,0.084790831450531,0.0,0.0,0.0,0.0,0.2658669609597926,0.0416828330458866,0.0094745317265304,0.0037626385023361,0.0,0.2408828337341645,0.0,0.0077716290414136,0.0047147472227081,0.0409331941200783,0.8594210532607527,0.0006662087807591,0.14100435335751,0.0,0.0008593609231326,0.1646220818376873,0.0548569796628379,0.0,28.36326568,38.9520915,26.06487547,11.696035505
AC-BH-BL-BP-BU-BV-CA-CC-CG-DL-ER-FP-PC-PJ,0.0,0.0004714285714285,0.0004714285714285,0.0004714285714285,0.0,0.0,0.0,0.0,0.0,0.0004714285714285,0.0,0.0004714285714285,0.0,0.0004714285714285,0.0004714285714285,0.0,0.0004714285714285,0.0,0.0004714285714285,0.0004714285714285,0.0004714285714285,0.0004714285714285,0.0,0.0004714285714285,0.0004714285714285,0.0,0.0,0.0,28.0,0.0
AC-BH-BL-BP-BU-BV-CA-CC-CG-DL-ER-FP-PC-PJ,48.0,0.2131355214566041,0.1392948716464001,0.0584585208775654,0.0,0.0,0.0,0.0,0.0,0.0138890844753264,0.0,0.0048383854468249,0.0,0.299913906903429,0.1315604346007847,0.0,0.0031157450299169,0.0,1.2725859235668788,0.000749117609213,0.170139281670205,0.0279229009843657,0.0,0.1007942781316347,0.1616774133050246,0.0,48.64132884,34.5954977,1.11960519,9.127106315
AC-BH-BL-BP-CA-CC-CH-DF-ER-FP-RI,0.0,0.0,0.0,0.0,0.0,0.0,0.0,0.0,0.0,0.0,0.0,0.0006,0.0,0.0006,0.0006,0.0,0.0006,0.0006,0.0006,0.0006,0.0,0.0006,0.0006,0.0006,0.0,0.0006,0.0,0.0,28.0,0.0
AC-BH-BL-BP-CA-CC-CH-DF-ER-FP-RI,48.0,0.0,0.0,0.0,0.0,0.0,0.0,0.0,0.0,0.0,0.0,0.0101441882008868,0.0,0.1073343272074006,0.0857944774357901,0.0,0.0003739512941272,0.0216646867266109,0.8197998744374008,0.0014608218439762,0.0,0.0253798924921917,0.0024456892084195,0.0777247847544927,0.0,0.626128960998142,49.52445,25.293100000000003,0.52185,1.55265
AC-BH-BL-BT-BU-CC-DF-ER-FP-PC-RI,0.0,0.0006,0.0,0.0,0.0,0.0,0.0006,0.0,0.0,0.0006,0.0,0.0006,0.0,0.0,0.0,0.0,0.0006,0.0,0.0006,0.0006,0.0,0.0006,0.0006,0.0006,0.0,0.0006,0.0,0.0,28.0,0.0
AC-BH-BL-BT-BU-CC-DF-ER-FP-PC-RI,48.0,0.5523971953547331,0.0,0.0,0.0,0.0,0.2058789333113883,0.0,0.0,0.0060962148724642,0.0,0.0193965334169824,0.0,0.0,0.0,0.0,0.0013448100382402,0.0,1.1607408048526078,0.0008779623945394,0.0,0.0135141295681571,0.0017427189519292,0.14666459843405,0.0,0.4077972443574709,41.0914,15.95855,4.9714,17.45625
AC-BH-BL-BU-BV-CC-CG-DF-ER-FP-PJ-RI,0.0,0.0,0.0005499999999999,0.0005499999999999,0.0,0.0,0.0,0.0,0.0,0.0005499999999999,0.0,0.0005499999999999,0.0,0.0,0.0,0.0,0.0005499999999999,0.0,0.0005499999999999,0.0005499999999999,0.0005499999999999,0.0005499999999999,0.0005499999999999,0.0005499999999999,0.0,0.0005499999999999,0.0,0.0,28.0,0.0
AC-BH-BL-BU-BV-CC-CG-DF-ER-FP-PJ-RI,48.0,0.0,0.0621109137556748,0.0126673574106964,0.0,0.0,0.0,0.0,0.0,0.0363675745016773,0.0,0.0220657193605687,0.0,0.0,0.0,0.0,0.0020431221630146,0.0,0.940653443852378,0.0012258732978096,0.1144148411288728,0.1654928952042633,0.000817248865207,0.2316900532859674,0.0,0.4715525952239975,50.49,23.23,2.54,5.81
AC-BH-BL-BU-BY-CH-DL-EL-FP-PJ-RI,0.0,0.0,0.0006,0.0,0.0,0.0,0.0,0.0,0.0006,0.0006,0.0,0.0006,0.0,0.0,0.0,0.0006,0.0006,0.0006,0.0006,0.0006,0.0,0.0,0.0006,0.0,0.0006,0.0,0.0,0.0,28.0,0.0
AC-BH-BL-BU-BY-CH-DL-EL-FP-PJ-RI,48.0,0.0,0.1512931022674444,0.0,0.0,0.0,0.0,0.0,0.2994975067791553,0.2482213655949013,0.0,0.015329630947525,0.0,0.0,0.0,0.0229865826483654,0.0014232990311232,0.1335388945142731,0.7235035672045622,0.0069082720494076,0.0,0.0,0.0008915710786752,0.0,0.3514164663234703,0.0,43.024579505,29.53364008,0.764579865,11.056654905
AC-BH-BL-CA-CC-CH-DP-EL-ER-FP-PC-RI,0.0,0.0005499999999999,0.0,0.0,0.0,0.0,0.0,0.0,0.0,0.0,0.0005499999999999,0.0005499999999999,0.0,0.0,0.0005499999999999,0.0005499999999999,0.0005499999999999,0.0005499999999999,0.0005499999999999,0.0005499999999999,0.0,0.0005499999999999,0.0005499999999999,0.0005499999999999,0.0,0.0,0.0,0.0,28.0,0.0
AC-BH-BL-CA-CC-CH-DP-EL-ER-FP-PC-RI,48.0,0.6502312363183108,0.0,0.0,0.0,0.0,0.0,0.0,0.0,0.0,0.0091884069394005,0.0294272501158481,0.0,0.0,0.0916062402959792,0.0317259617766027,0.001079506372046,0.0229027292538244,0.8279631279527692,0.0007475459483633,0.0,0.1205690625143855,0.0014773120346045,0.2286719042881166,0.0,0.0,34.05305,20.5737,22.2637,14.2617
AC-BH-BL-CA-CC-CH-EL-ER-FP-PC-RI,0.0,0.0006,0.0,0.0,0.0,0.0,0.0,0.0,0.0,0.0,0.0,0.0006,0.0,0.0,0.0006,0.0006,0.0006,0.0006,0.0006,0.0006,0.0,0.0006,0.0006,0.0006,0.0,0.0,0.0,0.0,28.0,0.0
AC-BH-BL-CA-CC-CH-EL-ER-FP-PC-RI,48.0,0.3951125310207715,0.0,0.0,0.0,0.0,0.0,0.0,0.0,0.0,0.0,0.034897263353008,0.0,0.0,0.0555655891482619,0.0932543616664142,0.0003606593093247,0.075215802145023,0.5465834021366293,0.0028803869539117,0.0,0.0901786261758483,0.0010695405285728,0.3976709371547934,0.0,0.0,54.8797,9.199625,0.1925,14.043875
AC-BH-BL-CC-DF-EL-ER-FP-PC-PJ-RI,0.0,0.0006,0.0006,0.0,0.0,0.0,0.0,0.0,0.0,0.0,0.0,0.0006,0.0,0.0,0.0,0.0006,0.0006,0.0,0.0006,0.0006,0.0,0.0006,0.0006,0.0006,0.0,0.0006,0.0,0.0,28.0,0.0
AC-BH-BL-CC-DF-EL-ER-FP-PC-PJ-RI,48.0,0.1410384852854715,0.0937868359197571,0.0,0.0,0.0,0.0,0.0,0.0,0.0,0.0,0.0270280593225942,0.0,0.0,0.0,0.0065265372059732,0.0004247130561167,0.0,0.9113916338311698,0.000753384333497,0.0,0.2886343133411202,0.0003286712773822,0.3681940540976369,0.0,0.347762978381707,46.17,11.13,6.75,5.475
AC-BH-BO-BP-BT-BU-CA-CH-EL-PJ-RI,0.0,0.0,0.0006,0.0,0.0,0.0006,0.0006,0.0,0.0,0.0006,0.0,0.0,0.0,0.0006,0.0006,0.0006,0.0,0.0006,0.0006,0.0006,0.0,0.0,0.0006,0.0,0.0,0.0,0.0,0.0,28.0,0.0
AC-BH-BO-BP-BT-BU-CA-CH-EL-PJ-RI,16.0,0.0,0.038265579,0.0,0.0,0.767437447,0.685237314,0.0,0.0,0.240459009,0.0,0.0,0.0,0.227940023,0.118576054,0.001181036,0.0,0.116213981,0.274945272,0.001889658,0.0,0.0,0.003779316,0.0,0.0,0.0,30.08325264,56.47411972,17.66679214,27.04950106
AC-BH-BO-BP-BT-BU-CA-CH-EL-PJ-RI,32.0,0.0,0.026654293,0.0,0.0,0.471054045,0.437372712,0.0,0.0,0.158956509,0.0,0.0,0.0,0.095955454,0.197968701,0.005330859,0.0,0.376794774,0.439068894,0.000484624,0.0,0.0,0.001696182,0.0,0.0,0.0,40.28632248,21.75963864,2.62496443,28.49397279
AC-BH-BO-BP-BT-BU-CA-CH-EL-PJ-RI,48.0,0.0,0.06556244398390015,0.0,0.0,0.2691921125245472,0.4027721095115679,0.0,0.0,0.07316135516051975,0.0,0.0,0.0,0.09924485625447345,0.11492954124104979,0.003838302044256,0.0,0.26722361849694487,0.5799422686000433,0.0017320087096162,0.0,0.0,0.00138944883846525,0.0,0.0,0.0,37.0346090375,27.1746772075,10.215929517500001,27.288658695
AC-BH-BO-BP-BY-CA-CC-DL-DP-ER-FP-PC-RI,0.0,0.0005076923076923,0.0,0.0,0.0,0.0005076923076923,0.0,0.0,0.0005076923076923,0.0,0.0005076923076923,0.0,0.0,0.0005076923076923,0.0005076923076923,0.0,0.0005076923076923,0.0,0.0005076923076923,0.0005076923076923,0.0,0.0005076923076923,0.0005076923076923,0.0005076923076923,0.0005076923076923,0.0,0.0,0.0,28.0,0.0
AC-BH-BO-BP-BY-CA-CC-DL-DP-ER-FP-PC-RI,48.0,0.0800266253387965,0.0,0.0,0.0,0.1083005456963144,0.0,0.0,0.1314999260720047,0.0,0.0033148911544912,0.0,0.0,0.3001438007214594,0.0100118901674785,0.0,0.0013548715121655,0.0,0.8956410497187802,0.0008856338811504,0.0,0.0173389809099314,0.0028667900758269,0.0589339720189884,0.594041323790909,0.0,26.1721,36.01435,38.67195,6.957700000000001
AC-BH-BO-BP-BY-CC-DL-DP-EL-ER-FP-PC-PJ-RI,0.0,0.0004714285714285,0.0004714285714285,0.0,0.0,0.0004714285714285,0.0,0.0,0.0004714285714285,0.0,0.0004714285714285,0.0,0.0,0.0004714285714285,0.0,0.0004714285714285,0.0004714285714285,0.0,0.0004714285714285,0.0004714285714285,0.0,0.0004714285714285,0.0004714285714285,0.0004714285714285,0.0004714285714285,0.0,0.0,0.0,28.0,0.0
AC-BH-BO-BP-BY-CC-DL-DP-EL-ER-FP-PC-PJ-RI,48.0,0.0096645122426077,0.0739652824343312,0.0,0.0,0.2181443689693343,0.0,0.0,0.1239917608228879,0.0,0.0113765626039551,0.0,0.0,0.3839912616501103,0.0,0.0143538763866213,0.0012679816952357,0.0,0.75343957673359,0.0005815349135301,0.0,0.0924441605143985,0.0007560859967194,0.1729899389938087,0.4863812311770171,0.0,21.34,29.14,49.010000000000005,3.33
AC-BH-BO-BP-CC-CG-DL-DP-ER-FP-PC-RI,0.0,0.0005499999999999,0.0,0.0,0.0,0.0005499999999999,0.0,0.0,0.0,0.0,0.0005499999999999,0.0,0.0,0.0005499999999999,0.0,0.0,0.0005499999999999,0.0,0.0005499999999999,0.0005499999999999,0.0005499999999999,0.0005499999999999,0.0005499999999999,0.0005499999999999,0.0005499999999999,0.0,0.0,0.0,28.0,0.0
AC-BH-BO-BP-CC-CG-DL-DP-ER-FP-PC-RI,48.0,0.0165564520394674,0.0,0.0,0.0,0.2099279260702972,0.0,0.0,0.0,0.0,0.0118906414640109,0.0,0.0,0.3998785842422437,0.0,0.0,0.0023160813659449,0.0,0.8217993439199065,0.0006779174040446,0.0955814424468232,0.1007011202475322,0.0004095409904744,0.1669597699140012,0.6348697346543084,0.0,22.155,33.875,45.145,0.0
AC-BH-BO-BT-BU-BY-CC-CG-DL-DP-ER-FP-PJ-RI,0.0,0.0,0.0004714285714285,0.0,0.0,0.0004714285714285,0.0004714285714285,0.0,0.0004714285714285,0.0004714285714285,0.0004714285714285,0.0,0.0,0.0,0.0,0.0,0.0004714285714285,0.0,0.0004714285714285,0.0004714285714285,0.0004714285714285,0.0004714285714285,0.0004714285714285,0.0004714285714285,0.0004714285714285,0.0,0.0,0.0,28.0,0.0
AC-BH-BO-BT-BU-BY-CC-CG-DL-DP-ER-FP-PJ-RI,48.0,0.0,0.0065833973964767,0.0,0.0,0.0559174677345542,0.2715377887923099,0.0,0.0826761981003846,0.0068403886742006,0.0023947381864228,0.0,0.0,0.0,0.0,0.0,0.0089776337908559,0.0,0.7115376868247067,0.0007694684570408,0.126560237065872,0.0838060515799609,0.0036763074787475,0.0731013851390577,0.8525887656842883,0.0,41.5245,23.724,14.0461,8.750150000000001
AC-BH-BO-BU-BV-CA-CG-CH-DF-DL-PJ-RI,0.0,0.0,0.00054999999999995,0.00054999999999995,0.0,0.00054999999999995,0.0,0.0,0.0,0.00054999999999995,0.0,0.0,0.0,0.0,0.00054999999999995,0.0,0.0,0.00054999999999995,0.00054999999999995,0.00054999999999995,0.00054999999999995,0.0,0.00054999999999995,0.0,0.00054999999999995,0.00054999999999995,0.0,0.0,28.0,0.0
AC-BH-BO-BU-BV-CA-CG-CH-DF-DL-PJ-RI,16.0,0.0,0.023061503,0.060828892,0.0,0.575367789,0.0,0.0,0.0,0.126838266,0.0,0.0,0.0,0.0,0.020387706,0.0,0.0,0.084391732,0.259525465,0.000668449,0.031082895,0.0,0.00284091,0.0,0.374498755,0.250167174,24.48061944,63.8479558,16.80059618,15.47527684
AC-BH-BO-BU-BV-CA-CG-CH-DF-DL-PJ-RI,32.0,0.0,0.01758109,0.024207809,0.0,0.303882386,0.0,0.0,0.0,0.076410124,0.0,0.0,0.0,0.0,0.031645963,0.0,0.0,0.052608032,0.489700987,0.000811435,0.021232548,0.0,0.001487631,0.0,0.350539895,0.326737803,28.39006144,45.17825004,13.6192786,16.29883334
AC-BH-BO-BU-BV-CA-CG-CH-DF-DL-PJ-RI,48.0,0.0,0.0200333196442884,0.017761278512565752,0.0,0.2723776012085505,0.0,0.0,0.0,0.05179409404219365,0.0,0.0,0.0,0.0,0.08519950524239765,0.0,0.0,0.1727329803448751,0.6096585452010882,0.00067382326992365,0.02600590189090955,0.0,0.0012086821349618,0.0,0.46375048886588754,0.2557658339483334,33.0723530525,37.86195878,8.629281145,20.0055139675
AC-BH-BO-BU-CC-CG-DP-EL-ER-FP-PJ-RI,0.0,0.0,0.0005499999999999,0.0,0.0,0.0005499999999999,0.0,0.0,0.0,0.0005499999999999,0.0005499999999999,0.0,0.0,0.0,0.0,0.0005499999999999,0.0005499999999999,0.0,0.0005499999999999,0.0005499999999999,0.0005499999999999,0.0005499999999999,0.0005499999999999,0.0005499999999999,0.0,0.0,0.0,0.0,28.0,0.0
AC-BH-BO-BU-CC-CG-DP-EL-ER-FP-PJ-RI,48.0,0.0,0.1981072159713854,0.0,0.0,0.1002728439352347,0.0,0.0,0.0,0.0745801703247893,0.1605676486416092,0.0,0.0,0.0,0.0,0.0449567825927257,0.0005301798192449,0.0,0.3727884476452889,0.0009834726849379,0.2450910478588764,0.0964768943758475,0.0002253082902434,0.4291890559210072,0.0,0.0,54.7055803,31.315111100000003,0.95205663,6.704183974999999
AC-BH-BO-BV-CA-CC-ER-FP-PC-PJ-RI,0.0,0.0006,0.0006,0.0006,0.0,0.0006,0.0,0.0,0.0,0.0,0.0,0.0,0.0,0.0,0.0006,0.0,0.0006,0.0,0.0006,0.0006,0.0,0.0006,0.0006,0.0006,0.0,0.0,0.0,0.0,28.0,0.0
AC-BH-BO-BV-CA-CC-ER-FP-PC-PJ-RI,48.0,0.0944372687421213,0.0646975859088194,0.0236290980697144,0.0,0.0432703471333747,0.0,0.0,0.0,0.0,0.0,0.0,0.0,0.0,0.1763270630279821,0.0,0.0007949928015558,0.0,0.6619735574436465,0.001368211497891,0.0,0.1757161823807616,0.0003882860388453,0.6286762310227221,0.0,0.0,57.245000000000005,7.315,0.0,8.815
AC-BH-BO-CA-CC-CH-DF-ER-FP-PC-RI,0.0,0.0006,0.0,0.0,0.0,0.0006,0.0,0.0,0.0,0.0,0.0,0.0,0.0,0.0,0.0006,0.0,0.0006,0.0006,0.0006,0.0006,0.0,0.0006,0.0006,0.0006,0.0,0.0006,0.0,0.0,28.0,0.0
AC-BH-BO-CA-CC-CH-DF-ER-FP-PC-RI,48.0,0.064774690466154,0.0,0.0,0.0,0.2933196307562409,0.0,0.0,0.0,0.0,0.0,0.0,0.0,0.0,0.3162581724003546,0.0,0.0009049194931819,0.1395877981834234,0.5335349023449693,0.0247890994863823,0.0,0.2176525926086295,0.0,0.3960731907456952,0.0,0.1709717826882641,41.77,21.93,0.0,14.235
AC-BH-BP-BT-BU-BV-CA-CC-DF-FP-PJ-RI,0.0,0.0,0.0005499999999999,0.0005499999999999,0.0,0.0,0.0005499999999999,0.0,0.0,0.0005499999999999,0.0,0.0,0.0,0.0005499999999999,0.0005499999999999,0.0,0.0005499999999999,0.0,0.0005499999999999,0.0005499999999999,0.0,0.0,0.0005499999999999,0.0005499999999999,0.0,0.0005499999999999,0.0,0.0,28.0,0.0
AC-BH-BP-BT-BU-BV-CA-CC-DF-FP-PJ-RI,48.0,0.0,0.0,0.0718530607253121,0.0,0.0,0.4441293937234899,0.0,0.0,0.0063268539542811,0.0,0.0,0.0,0.2645788885707498,0.0048449117830499,0.0,0.0022957134708135,0.0,0.7556653034489953,0.000410160408579,0.0,0.0,0.000410160408579,0.0593779960358415,0.0,0.1457397766665112,36.13162235,31.91896801,15.46106333,11.57749974
AC-BH-BP-BU-BY-CA-CG-EL-ER-FP-RI,0.0,0.0,0.0,0.0,0.0,0.0,0.0,0.0,0.0006,0.0006,0.0,0.0,0.0,0.0006,0.0006,0.0006,0.0006,0.0,0.0006,0.0006,0.0006,0.0006,0.0006,0.0,0.0,0.0,0.0,0.0,28.0,0.0
AC-BH-BP-BU-BY-CA-CG-EL-ER-FP-RI,16.0,0.0,0.0,0.0,0.0,0.0,0.0,0.0,0.595770218,0.367039524,0.0,0.0,0.0,0.396053393,0.198026696,0.034365942,0.00281688,0.0,0.42675739,0.00281688,0.126196245,0.36619446,0.008450641,0.0,0.0,0.0,51.88226152,15.20061032,2.50057184,11.54228089
AC-BH-BP-BU-BY-CA-CG-EL-ER-FP-RI,32.0,0.0,0.0,0.0,0.0,0.0,0.0,0.0,0.332010905,0.169087237,0.0,0.0,0.0,0.385633953,0.263184387,0.01520347,0.001643618,0.0,0.4750057,0.001849071,0.07437373,0.213875836,0.001232714,0.0,0.0,0.0,55.39724656,18.90451764,1.54067983,13.29784925
AC-BH-BP-BU-BY-CA-CG-EL-ER-FP-RI,48.0,0.0,0.0,0.0,0.0,0.0,0.0,0.0,0.23222673468857186,0.0679267031589011,0.0,0.0,0.0,0.2674431693168159,0.10094478633487625,0.02335853877864615,0.0006329324484747,0.0,0.5399477434464259,0.03769467624920315,0.120142621407042,0.08881523573349515,0.0012050342617999001,0.0,0.0,0.0,53.805346105,26.0412437125,1.02294983,10.127290655
AC-BH-BP-BY-CA-CC-CG-DL-DP-ER-FP-RI,0.0,0.0,0.0,0.0,0.0,0.0,0.0,0.0,0.0005499999999999,0.0,0.0005499999999999,0.0,0.0,0.0005499999999999,0.0005499999999999,0.0,0.0005499999999999,0.0,0.0005499999999999,0.0005499999999999,0.0005499999999999,0.0005499999999999,0.0005499999999999,0.0005499999999999,0.0005499999999999,0.0,0.0,0.0,28.0,0.0
AC-BH-BP-BY-CA-CC-CG-DL-DP-ER-FP-RI,48.0,0.0,0.0,0.0,0.0,0.0,0.0,0.0,0.1889533840927656,0.0,0.0119723393226424,0.0,0.0,0.6072154441139265,0.0213667582363229,0.0,0.0020578578139322,0.0,0.8457109674555008,0.0007720076880885,0.0853566107919499,0.1050987882536761,0.000644169094377,0.3073507640937982,0.4635293625095343,0.0,22.19,17.805,39.45,3.815
AC-BH-BP-BY-CC-CG-DL-DP-ER-FP-RI,0.0,0.0,0.0,0.0,0.0,0.0,0.0,0.0,0.0006,0.0,0.0006,0.0,0.0,0.0006,0.0,0.0,0.0006,0.0,0.0006,0.0006,0.0006,0.0006,0.0006,0.0006,0.0006,0.0,0.0,0.0,28.0,0.0
AC-BH-BP-BY-CC-CG-DL-DP-ER-FP-RI,48.0,0.0,0.0,0.0,0.0,0.0,0.0,0.0,0.1721432906726461,0.0,0.0135842063910646,0.0,0.0,0.6127208777284026,0.0,0.0,0.0019828744580942,0.0,0.6756991525931332,0.0012862484893212,0.0905200133248371,0.1029470457811907,0.0010449389531587,0.1932362126365253,0.5429825856078849,0.0,21.65,33.85,41.95,0.0
AC-BH-BP-BY-CC-DL-DP-ER-FP-PJ-RI,0.0,0.0,0.0006,0.0,0.0,0.0,0.0,0.0,0.0006,0.0,0.0006,0.0,0.0,0.0006,0.0,0.0,0.0006,0.0,0.0006,0.0006,0.0,0.0006,0.0006,0.0006,0.0006,0.0,0.0,0.0,28.0,0.0
AC-BH-BP-BY-CC-DL-DP-ER-FP-PJ-RI,48.0,0.0,0.0911458987635649,0.0,0.0,0.0,0.0,0.0,0.1811293135584945,0.0,0.012674820339037,0.0,0.0,0.5518108606872094,0.0,0.0,0.0055083241416869,0.0,0.5603091570744427,0.0007630561611297,0.0,0.0814870395284039,0.0009955529548563,0.2973309672072612,0.5222612973984814,0.0,18.42,32.445,43.28,3.61
AC-BH-BU-BY-CC-CG-CH-DF-EL-FP-PJ,0.0,0.0,0.0006,0.0,0.0,0.0,0.0,0.0,0.0006,0.0006,0.0,0.0,0.0,0.0,0.0,0.0006,0.0006,0.0006,0.0006,0.0006,0.0006,0.0,0.0,0.0006,0.0,0.0006,0.0,0.0,28.0,0.0
AC-BH-BU-BY-CC-CG-CH-DF-EL-FP-PJ,16.0,0.0,0.043691266,0.0,0.0,0.0,0.0,0.0,0.504739823,0.387759983,0.0,0.0,0.0,0.0,0.0,0.002466442,0.004052013,0.188330496,0.686728038,0.002994966,0.031182879,0.0,0.0,0.104119105,0.0,0.608330404,38.002608,43.72336564,8.40138991,12.53650906
AC-BH-BU-BY-CC-CG-CH-DF-EL-FP-PJ,32.0,0.0,0.019615313,0.0,0.0,0.0,0.0,0.0,0.111669631,0.061943092,0.0,0.0,0.0,0.0,0.0,0.001892706,0.003097155,0.451668383,0.56695136,0.001720641,0.010495913,0.0,0.0,0.031831867,0.0,0.575038375,44.08083912,27.5001162,2.32491447,15.77692208
AC-BH-BU-BY-CC-CG-CH-DF-EL-FP-PJ,48.0,0.0,0.07125503333696484,0.0,0.0,0.0,0.0,0.0,0.2064831572992865,0.15799624480533644,0.0,0.0,0.0,0.0,0.0,0.042895175607706004,0.0015158636998083498,0.205832986351212,0.39882548238396637,0.0017394238854111,0.12464271261808835,0.0,0.0,0.17528361837055145,0.0,0.3840665755016031,48.3579083025,25.9787161,1.2271243699999999,13.977514509999999
AC-BH-BY-CA-CC-CH-DL-DP-ER-FP-RI,0.0,0.0,0.0,0.0,0.0,0.0,0.0,0.0,0.0006,0.0,0.0006,0.0,0.0,0.0,0.0006,0.0,0.0006,0.0006,0.0006,0.0006,0.0,0.0006,0.0006,0.0006,0.0006,0.0,0.0,0.0,28.0,0.0
AC-BH-BY-CA-CC-CH-DL-DP-ER-FP-RI,48.0,0.0,0.0,0.0,0.0,0.0,0.0,0.0,0.207113383378907,0.0,0.0160695279829622,0.0,0.0,0.0,0.0906576540839118,0.0,0.0049477167478503,0.1278372840533611,1.009484977339207,0.0015871764354174,0.0,0.1993108751126428,0.0005891919278064,0.2773702359927249,0.5222128930603596,0.0,24.505,23.22,41.725,2.45
AC-BH-CG-DF,0.0,0.0,0.0,0.0,0.0,0.0,0.0,0.0,0.0,0.0,0.0,0.0,0.0,0.0,0.0,0.0,0.0,0.0,0.00165,0.00165,0.00165,0.0,0.0,0.0,0.0,0.00165,0.0,0.0,28.0,0.0
AC-BH-CG-DF,48.0,0.0,0.0,0.0,0.0,0.0,0.0,0.0,0.0,0.0,0.0,0.0,0.0,0.0,0.0,0.0,0.0,0.0,1.2691975383755705,0.0,0.1622546359558866,0.0,0.0,0.0,0.0,0.7461922304450908,29.40312525,16.6002,0.0,0.0
AC-BH-CG-DF-DL,0.0,0.0,0.0,0.0,0.0,0.0,0.0,0.0,0.0,0.0,0.0,0.0,0.0,0.0,0.0,0.0,0.0,0.0,0.00132,0.00132,0.00132,0.0,0.0,0.0,0.00132,0.00132,0.0,0.0,28.0,0.0
AC-BH-CG-DF-DL,48.0,0.0,0.0,0.0,0.0,0.0,0.0,0.0,0.0,0.0,0.0,0.0,0.0,0.0,0.0,0.0,0.0,0.0,0.9372425449606664,0.000225000143332,0.1139220343235065,0.0,0.0,0.0,0.8299405129922087,0.3084436136165712,30.25581865,26.291,21.5839,0.0
AC-BH-CH-FP-RI,0.0,0.0,0.0,0.0,0.0,0.0,0.0,0.0,0.0,0.0,0.0,0.0,0.0,0.0,0.0,0.0,0.00132,0.00132,0.00132,0.00132,0.0,0.0,0.00132,0.0,0.0,0.0,0.0,0.0,28.0,0.0
AC-BH-CH-FP-RI,48.0,0.0,0.0,0.0,0.0,0.0,0.0,0.0,0.0,0.0,0.0,0.0,0.0,0.0,0.0,0.0,0.0481617738261053,0.0883257637592581,0.8567562314508075,0.0021932349270045,0.0,0.0,9.39881126378558e-05,0.0,0.0,0.0,33.598225799999994,1.1594,9.947,0.0
AC-BH-CH-PC-RI,0.0,0.00132,0.0,0.0,0.0,0.0,0.0,0.0,0.0,0.0,0.0,0.0,0.0,0.0,0.0,0.0,0.0,0.00132,0.00132,0.00132,0.0,0.0,0.00132,0.0,0.0,0.0,0.0,0.0,28.0,0.0
AC-BH-CH-PC-RI,48.0,1.2589630378724035,0.0,0.0,0.0,0.0,0.0,0.0,0.0,0.0,0.0,0.0,0.0,0.0,0.0,0.0,0.0,0.0549715201690475,1.2178672111041924,0.0,0.0,0.0,0.0,0.0,0.0,0.0,28.61605,13.62935,12.74305,27.9127
AC-BH-DF-DP-ER,0.0,0.0,0.0,0.0,0.0,0.0,0.0,0.0,0.0,0.0,0.00132,0.0,0.0,0.0,0.0,0.0,0.0,0.0,0.00132,0.00132,0.0,0.00132,0.0,0.0,0.0,0.00132,0.0,0.0,28.0,0.0
AC-BH-DF-DP-ER,48.0,0.0,0.0,0.0,0.0,0.0,0.0,0.0,0.0,0.0,0.0921286705332259,0.0,0.0,0.0,0.0,0.0,0.0,0.0,0.8007937983585979,0.0,0.0,0.030385387378526,0.0,0.0,0.0,0.3715947474170348,13.41215765,18.9733,45.10925,0.0
AC-BH-ER,0.0,0.0,0.0,0.0,0.0,0.0,0.0,0.0,0.0,0.0,0.0,0.0,0.0,0.0,0.0,0.0,0.0,0.0,0.0021999999999999,0.0021999999999999,0.0,0.0021999999999999,0.0,0.0,0.0,0.0,0.0,0.0,28.0,0.0
AC-BH-ER,48.0,0.0,0.0,0.0,0.0,0.0,0.0,0.0,0.0,0.0,0.0,0.0,0.0,0.0,0.0,0.0,0.0,0.0,1.13569508252645,0.000108007645738,0.0,0.0437314249184698,0.0,0.0,0.0,0.0,34.6216,1.8414333333333333,15.5188,5.777833333333334
AC-BH-ER-RI,0.0,0.0,0.0,0.0,0.0,0.0,0.0,0.0,0.0,0.0,0.0,0.0,0.0,0.0,0.0,0.0,0.0,0.0,0.00165,0.00165,0.0,0.00165,0.00165,0.0,0.0,0.0,0.0,0.0,28.0,0.0
AC-BH-ER-RI,48.0,0.0,0.0,0.0,0.0,0.0,0.0,0.0,0.0,0.0,0.0,0.0,0.0,0.0,0.0,0.0,0.0,0.0,1.2853896719313638,0.0001651157548718,0.0,0.0683485610001591,0.0,0.0,0.0,0.0,30.2231547,0.0,29.3117,0.0
AC-BH-FP-RI,0.0,0.0,0.0,0.0,0.0,0.0,0.0,0.0,0.0,0.0,0.0,0.0,0.0,0.0,0.0,0.0,0.00165,0.0,0.00165,0.00165,0.0,0.0,0.00165,0.0,0.0,0.0,0.0,0.0,28.0,0.0
AC-BH-FP-RI,48.0,0.0,0.0,0.0,0.0,0.0,0.0,0.0,0.0,0.0,0.0,0.0,0.0,0.0,0.0,0.0,0.0373756722961151,0.0,1.1673671517141702,0.0001628044533722,0.0,0.0,7.77803738320806e-05,0.0,0.0,0.0,29.170843,0.0,28.5772,0.0
AC-BL,0.0,0.0,0.0,0.0,0.0,0.0,0.0,0.0,0.0,0.0,0.0,0.0033,0.0,0.0,0.0,0.0,0.0,0.0,0.0033,0.0,0.0,0.0,0.0,0.0,0.0,0.0,0.0,0.0,28.0,0.0
AC-BL,48.0,0.0,0.0,0.0,0.0,0.0,0.0,0.0,0.0,0.0,0.0,0.6762132531651597,0.0,0.0,0.0,0.0,0.0,0.0,1.4779964813902873,0.0,0.0,0.0,0.0,0.0,0.0,0.0,23.0018,5.3484,6.3272,2.9668
AC-BL-BO-BP-BU-CC-DL-DP-ER-FP-RI,0.0,0.0,0.0,0.0,0.0,0.0006,0.0,0.0,0.0,0.0006,0.0006,0.0006,0.0,0.0006,0.0,0.0,0.0006,0.0,0.0006,0.0,0.0,0.0006,0.0006,0.0006,0.0006,0.0,0.0,0.0,28.0,0.0
AC-BL-BO-BP-BU-CC-DL-DP-ER-FP-RI,48.0,0.0,0.0,0.0,0.0,0.2048522714681712,0.0,0.0,0.0,0.0156432102631715,0.0058652005211643,0.0213373676970392,0.0,0.3370672178775609,0.0,0.0,0.0012350084422909,0.0,1.078383687814509,0.0,0.0,0.0227798840262894,0.0044426817406606,0.0789248555396656,0.5482336061671881,0.0,25.3061,37.3184,44.68515,1.85515
AC-BL-BO-BP-BY-CC-DF-EL-ER-FP-PC-RI,0.0,0.0005499999999999,0.0,0.0,0.0,0.0005499999999999,0.0,0.0,0.0005499999999999,0.0,0.0,0.0005499999999999,0.0,0.0005499999999999,0.0,0.0005499999999999,0.0005499999999999,0.0,0.0005499999999999,0.0,0.0,0.0005499999999999,0.0005499999999999,0.0005499999999999,0.0,0.0005499999999999,0.0,0.0,28.0,0.0
AC-BL-BO-BP-BY-CC-DF-EL-ER-FP-PC-RI,48.0,0.1874211156160452,0.0,0.0,0.0,0.1982506940090216,0.0,0.0,0.2017405181943483,0.0,0.0,0.0190048408510431,0.0,0.3486560818192431,0.0,0.0209462611239396,0.0015081773769798,0.0,1.0104383965525952,0.0,0.0,0.0189337907868472,0.0035920712794983,0.0569840725256165,0.0,0.2249794954112688,35.408550000000005,22.38695,19.27035,10.14835
AC-BL-BO-BP-CA-CC-DF-DP-ER-FP-RI,0.0,0.0,0.0,0.0,0.0,0.0006,0.0,0.0,0.0,0.0,0.0006,0.0006,0.0,0.0006,0.0006,0.0,0.0006,0.0,0.0006,0.0,0.0,0.0006,0.0006,0.0006,0.0,0.0006,0.0,0.0,28.0,0.0
AC-BL-BO-BP-CA-CC-DF-DP-ER-FP-RI,48.0,0.0,0.0,0.0,0.0,0.1646902775988119,0.0,0.0,0.0,0.0,0.0047252803825795,0.0298759697602558,0.0,0.4535892692426451,0.0131857155013333,0.0,0.0009795176665942,0.0,1.0581247122021424,0.0,0.0,0.0327926438016793,0.0044575364746559,0.1326576988813869,0.0,0.2134925269806691,23.9967,33.91465,41.56455,1.7137
AC-BL-BO-BV-CC-CH-DF-ER-FP-PC-RI,0.0,0.0006,0.0,0.0006,0.0,0.0006,0.0,0.0,0.0,0.0,0.0,0.0006,0.0,0.0,0.0,0.0,0.0006,0.0006,0.0006,0.0,0.0,0.0006,0.0006,0.0006,0.0,0.0006,0.0,0.0,28.0,0.0
AC-BL-BO-BV-CC-CH-DF-ER-FP-PC-RI,48.0,0.0817379410164026,0.0,0.0523835163864187,0.0,0.3341333605449835,0.0,0.0,0.0,0.0,0.0,0.0196251697600373,0.0,0.0,0.0,0.0,0.0030387632304918,0.0875676962522996,0.935041851127251,0.0,0.0,0.1500354829755163,0.0,0.431683753393637,0.0,0.2319703731593043,30.35,23.345,8.344999999999999,19.955
AC-BL-BO-BV-CC-CH-ER-FP-PC-PJ-RI,0.0,0.0006,0.0006,0.0006,0.0,0.0006,0.0,0.0,0.0,0.0,0.0,0.0006,0.0,0.0,0.0,0.0,0.0006,0.0006,0.0006,0.0,0.0,0.0006,0.0006,0.0006,0.0,0.0,0.0,0.0,28.0,0.0
AC-BL-BO-BV-CC-CH-ER-FP-PC-PJ-RI,48.0,0.1423084376500879,0.0576660564215301,0.0938761507050023,0.0,0.2991327319850258,0.0,0.0,0.0,0.0,0.0,0.0321094743987393,0.0,0.0,0.0,0.0,0.0046967331101034,0.1364385188485918,1.1410426008235015,0.0,0.0,0.243253201446639,0.0,0.6543751119674543,0.0,0.0,31.145000000000003,24.695,9.585,20.31
AC-BL-BO-BY-CA-CC-CG-CH-ER-FP-RI,0.0,0.0,0.0,0.0,0.0,0.0006,0.0,0.0,0.0006,0.0,0.0,0.0006,0.0,0.0,0.0006,0.0,0.0006,0.0006,0.0006,0.0,0.0006,0.0006,0.0006,0.0006,0.0,0.0,0.0,0.0,28.0,0.0
AC-BL-BO-BY-CA-CC-CG-CH-ER-FP-RI,48.0,0.0,0.0,0.0,0.0,0.3772612022293523,0.0,0.0,0.196938669584995,0.0,0.0,0.0145087772999317,0.0,0.0,0.1708329857035345,0.0,0.0012711142110567,0.0537140345835773,0.7814967735541382,0.0,0.1542389122937753,0.0130764575224691,0.0043649959475529,0.0651680248920118,0.0,0.0,40.7725,24.0333,0.0,20.02355
AC-BL-BO-CC-CH-DF-DL-DP-EL-ER-PJ-RI,0.0,0.0,0.0005499999999999,0.0,0.0,0.0005499999999999,0.0,0.0,0.0,0.0,0.0005499999999999,0.0005499999999999,0.0,0.0,0.0,0.0005499999999999,0.0,0.0005499999999999,0.0005499999999999,0.0,0.0,0.0005499999999999,0.0005499999999999,0.0005499999999999,0.0005499999999999,0.0005499999999999,0.0,0.0,28.0,0.0
AC-BL-BO-CC-CH-DF-DL-DP-EL-ER-PJ-RI,48.0,0.0,0.1123620878057369,0.0,0.0,0.4739414721567135,0.0,0.0,0.0,0.0,0.0083474639817894,0.0102509698614496,0.0,0.0,0.0,0.0037332102930071,0.0,0.0450556850981879,0.6681205608901082,0.0,0.0,0.1308985513235177,0.0001395366559974,0.1170240616988324,0.1060910045624755,0.0651214045356032,39.411908565000005,25.903253675,11.473917315,15.608380455
AC-BL-BO-CC-CH-DF-EL-ER-FP-PC-RI,0.0,0.0006,0.0,0.0,0.0,0.0006,0.0,0.0,0.0,0.0,0.0,0.0006,0.0,0.0,0.0,0.0006,0.0006,0.0006,0.0006,0.0,0.0,0.0006,0.0006,0.0006,0.0,0.0006,0.0,0.0,28.0,0.0
AC-BL-BO-CC-CH-DF-EL-ER-FP-PC-RI,48.0,0.1056065545799284,0.0,0.0,0.0,0.3051754897598322,0.0,0.0,0.0,0.0,0.0,0.0224719992645734,0.0,0.0,0.0,0.0899628425088151,0.0040139382937401,0.1284548432827837,0.6137013175683101,0.0,0.0,0.2205710657722949,0.0003878452032279,0.2617604362098863,0.0,0.3189966529321333,43.0,16.97,0.0,16.595
AC-BL-BT-BV-BY-CC-CG-DP-ER-FP-PC-RI,0.0,0.0005499999999999,0.0,0.0005499999999999,0.0,0.0,0.0005499999999999,0.0,0.0005499999999999,0.0,0.0005499999999999,0.0005499999999999,0.0,0.0,0.0,0.0,0.0005499999999999,0.0,0.0005499999999999,0.0,0.0005499999999999,0.0005499999999999,0.0005499999999999,0.0005499999999999,0.0,0.0,0.0,0.0,28.0,0.0
AC-BL-BT-BV-BY-CC-CG-DP-ER-FP-PC-RI,48.0,0.7477741554485902,0.0,0.0204065763155796,0.0,0.0,0.2559169104817591,0.0,0.077197089098477,0.0,0.0060037507647944,0.0193813004503341,0.0,0.0,0.0,0.0,0.0051867197475776,0.0,0.756910721715609,0.0,0.3810369372536564,0.051826157944197,0.0038583205612352,0.2032009887888139,0.0,0.0,35.7505,21.85975,14.16745,19.58995
AC-BL-BT-CC-RI,0.0,0.0,0.0,0.0,0.0,0.0,0.00132,0.0,0.0,0.0,0.0,0.00132,0.0,0.0,0.0,0.0,0.0,0.0,0.00132,0.0,0.0,0.0,0.00132,0.00132,0.0,0.0,0.0,0.0,28.0,0.0
AC-BL-BT-CC-RI,48.0,0.0,0.0,0.0,0.0,0.0,1.059283651445431,0.0,0.0,0.0,0.0,0.1053206176995348,0.0,0.0,0.0,0.0,0.0,0.0,0.7690173396843848,0.0,0.0,0.0,0.0,0.5018893000391911,0.0,0.0,26.33678765,20.97815,21.669,12.6401
AC-BL-BU-BV-CA-CC-CG-CH-DF-EL-ER-FP-PC-PJ-RI,0.0,0.00044,0.00044,0.00044,0.0,0.0,0.0,0.0,0.0,0.00044,0.0,0.00044,0.0,0.0,0.00044,0.00044,0.00044,0.00044,0.00044,0.0,0.00044,0.00044,0.00044,0.00044,0.0,0.00044,0.0,0.0,28.0,0.0
AC-BL-BU-BV-CA-CC-CG-CH-DF-EL-ER-FP-PC-PJ-RI,48.0,0.0509812277038838,0.0241722141175258,0.142657360130017,0.0,0.0,0.0,0.0,0.0,0.0832880348114722,0.0,0.0142932384690196,0.0,0.0,0.1335401733682988,0.0721123037646482,0.0001576522435893,0.2093437071796446,0.5575712897392585,0.0,0.0286424303455563,0.1120263175380365,0.0003941306089743,0.2068137299777931,0.0,0.3896228572595757,39.675,21.485,0.0,16.33
AC-BL-CC,0.0,0.0,0.0,0.0,0.0,0.0,0.0,0.0,0.0,0.0,0.0,0.0021999999999999,0.0,0.0,0.0,0.0,0.0,0.0,0.0021999999999999,0.0,0.0,0.0,0.0,0.0021999999999999,0.0,0.0,0.0,0.0,28.0,0.0
AC-BL-CC,48.0,0.0,0.0,0.0,0.0,0.0,0.0,0.0,0.0,0.0,0.0,0.0039654858577346,0.0,0.0,0.0,0.0,0.0,0.0,1.6635341206506435,0.0,0.0,0.0,0.0,1.047927256067341,0.0,0.0,40.6048,14.225166666666668,25.69926666666667,0.0
AC-BL-CC-DF-ER,0.0,0.0,0.0,0.0,0.0,0.0,0.0,0.0,0.0,0.0,0.0,0.00132,0.0,0.0,0.0,0.0,0.0,0.0,0.00132,0.0,0.0,0.00132,0.0,0.00132,0.0,0.00132,0.0,0.0,28.0,0.0
AC-BL-CC-DF-ER,48.0,0.0,0.0,0.0,0.0,0.0,0.0,0.0,0.0,0.0,0.0,0.0032788487167828,0.0,0.0,0.0,0.0,0.0,0.0,1.3363683120936225,0.0,0.0,0.0581391800620312,0.0,0.7996652509580389,0.0,0.3549913911193002,34.0155182,14.39485,20.32335,0.0
AC-BL-CC-ER,0.0,0.0,0.0,0.0,0.0,0.0,0.0,0.0,0.0,0.0,0.0,0.00165,0.0,0.0,0.0,0.0,0.0,0.0,0.00165,0.0,0.0,0.00165,0.0,0.00165,0.0,0.0,0.0,0.0,28.0,0.0
AC-BL-CC-ER,48.0,0.0,0.0,0.0,0.0,0.0,0.0,0.0,0.0,0.0,0.0,0.0082787791832639,0.0,0.0,0.0,0.0,0.0,0.0,1.3167569290831609,0.0,0.0,0.0624650612053264,0.0,1.2623635388194785,0.0,0.0,38.56169945,11.4091,25.08755,0.0
AC-BL-CC-RI,0.0,0.0,0.0,0.0,0.0,0.0,0.0,0.0,0.0,0.0,0.0,0.00165,0.0,0.0,0.0,0.0,0.0,0.0,0.00165,0.0,0.0,0.0,0.00165,0.00165,0.0,0.0,0.0,0.0,28.0,0.0
AC-BL-CC-RI,48.0,0.0,0.0,0.0,0.0,0.0,0.0,0.0,0.0,0.0,0.0,0.0301060451965427,0.0,0.0,0.0,0.0,0.0,0.0,1.3987061017668372,0.0,0.0,0.0,0.0001446132754483,1.315955973139336,0.0,0.0,34.9425466,15.0584,21.3019,0.0
AC-BO,0.0,0.0,0.0,0.0,0.0,0.0033,0.0,0.0,0.0,0.0,0.0,0.0,0.0,0.0,0.0,0.0,0.0,0.0,0.0033,0.0,0.0,0.0,0.0,0.0,0.0,0.0,0.0,0.0,28.0,0.0
AC-BO,48.0,0.0,0.0,0.0,0.0,0.7074511784076541,0.0,0.0,0.0,0.0,0.0,0.0,0.0,0.0,0.0,0.0,0.0,0.0,1.2218549207950131,0.0,0.0,0.0,0.0,0.0,0.0,0.0,41.888533333333335,7.621466666666667,9.1272,17.3248
AC-BO-BT-BU-BV-BY-CA-CG-DF-EL-PJ,0.0,0.0,0.0006,0.0006,0.0,0.0006,0.0006,0.0,0.0006,0.0006,0.0,0.0,0.0,0.0,0.0006,0.0006,0.0,0.0,0.0006,0.0,0.0006,0.0,0.0,0.0,0.0,0.0006,0.0,0.0,28.0,0.0
AC-BO-BT-BU-BV-BY-CA-CG-DF-EL-PJ,16.0,0.0,0.027877992,0.093352909,0.0,0.202051502,0.47469315,0.0,0.156525974,0.085168545,0.0,0.0,0.0,0.0,0.400010823,0.005882512,0.0,0.0,0.538121976,0.0,0.047060097,0.0,0.0,0.0,0.0,0.645541762,35.9369416,32.12392684,6.29535647,25.1074308
AC-BO-BT-BU-BV-BY-CA-CG-DF-EL-PJ,32.0,0.0,0.023454357,0.034399723,0.0,0.073266943,0.263805671,0.0,0.081978562,0.045121715,0.0,0.0,0.0,0.0,0.188304979,0.035069848,0.0,0.0,0.496562241,0.0,0.024124481,0.0,0.0,0.0,0.0,0.563127939,40.5963564,25.24189732,1.55627296,25.8638813
AC-BO-BT-BU-BV-BY-CA-CG-DF-EL-PJ,48.0,0.0,0.05357196061408595,0.07318721726576086,0.0,0.06557491207577551,0.36896274977507737,0.0,0.06539274579274054,0.036173332569505195,0.0,0.0,0.0,0.0,0.162266262454438,0.0280901274195808,0.0,0.0,0.38698693498383097,0.0,0.0795103125980883,0.0,0.0,0.0,0.0,0.43838971895257584,42.1127074675,25.145889775,1.2136978200000001,21.405883915
AC-BO-BT-CA-DF-DL-EL-ER-FP-PC-PJ,0.0,0.0006,0.0006,0.0,0.0,0.0006,0.0006,0.0,0.0,0.0,0.0,0.0,0.0,0.0,0.0006,0.0006,0.0006,0.0,0.0006,0.0,0.0,0.0006,0.0,0.0,0.0006,0.0006,0.0,0.0,28.0,0.0
AC-BO-BT-CA-DF-DL-EL-ER-FP-PC-PJ,48.0,0.2556262033581996,0.1113062041847537,0.0,0.0,0.0887056436715333,0.6754391310128075,0.0,0.0,0.0,0.0,0.0,0.0,0.0,0.0954233851572792,0.0174498289132605,0.0007549416482683,0.0,0.2800021159286933,0.0,0.0,0.0082302416226749,0.0,0.0,0.1707003666713471,0.0852268049501627,42.649060005,17.423910095,1.73247036,23.09778093
AC-BO-BU-BV-CA-CC-CH-DF-EL-ER-FP-PC-RI,0.0,0.0005076923076923,0.0,0.0005076923076923,0.0,0.0005076923076923,0.0,0.0,0.0,0.0005076923076923,0.0,0.0,0.0,0.0,0.0005076923076923,0.0005076923076923,0.0005076923076923,0.0005076923076923,0.0005076923076923,0.0,0.0,0.0005076923076923,0.0005076923076923,0.0005076923076923,0.0,0.0005076923076923,0.0,0.0,28.0,0.0
AC-BO-BU-BV-CA-CC-CH-DF-EL-ER-FP-PC-RI,48.0,0.0443906792712412,0.0,0.1100824881938522,0.0,0.1164638388461244,0.0,0.0,0.0,0.0672279234376342,0.0,0.0,0.0,0.0,0.2351156650265987,0.0480632646822513,0.0040939321839516,0.2009431048696203,0.7582080007896755,0.0,0.0,0.2493774564121661,0.0,0.3530492753923402,0.0,0.2370366042676301,40.015,18.375,0.0,22.535
AC-BO-BV-CC-CH-DF-EL-ER-FP-PC-RI,0.0,0.0006,0.0,0.0006,0.0,0.0006,0.0,0.0,0.0,0.0,0.0,0.0,0.0,0.0,0.0,0.0006,0.0006,0.0006,0.0006,0.0,0.0,0.0006,0.0006,0.0006,0.0,0.0006,0.0,0.0,28.0,0.0
AC-BO-BV-CC-CH-DF-EL-ER-FP-PC-RI,48.0,0.0811050607837761,0.0,0.079415263720852,0.0,0.4252782221242143,0.0,0.0,0.0,0.0,0.0,0.0,0.0,0.0,0.0,0.0101482202726485,0.0029474539274233,0.1002816373515481,0.7151738140250068,0.0,0.0,0.1760631086145441,0.0003535166740174,0.715609188839753,0.0,0.3308800911120909,34.39,22.55,7.3,31.41
AC-BP,0.0,0.0,0.0,0.0,0.0,0.0,0.0,0.0,0.0,0.0,0.0,0.0,0.0,0.0033,0.0,0.0,0.0,0.0,0.0033,0.0,0.0,0.0,0.0,0.0,0.0,0.0,0.0,0.0,28.0,0.0
AC-BP,48.0,0.0,0.0,0.0,0.0,0.0,0.0,0.0,0.0,0.0,0.0,0.0,0.0,1.1081967105857573,0.0,0.0,0.0,0.0,1.3869631467591303,0.0,0.0,0.0,0.0,0.0,0.0,0.0,35.159,29.2123,18.39105,3.12955
AC-BP-BU-BV-CA-CC-CH-DP-EL-ER-FP-PC-RI,0.0,0.0005076923076923,0.0,0.0005076923076923,0.0,0.0,0.0,0.0,0.0,0.0005076923076923,0.0005076923076923,0.0,0.0,0.0005076923076923,0.0005076923076923,0.0005076923076923,0.0005076923076923,0.0005076923076923,0.0005076923076923,0.0,0.0,0.0005076923076923,0.0005076923076923,0.0005076923076923,0.0,0.0,0.0,0.0,28.0,0.0
AC-BP-BU-BV-CA-CC-CH-DP-EL-ER-FP-PC-RI,48.0,0.217029660831309,0.0,0.1206135788309674,0.0,0.0,0.0,0.0,0.0,0.0578392209663023,0.04400476067349,0.0,0.0,0.2787730770564753,0.063489495217627,0.0536044277278405,0.000795374274874,0.0127613363662615,1.0268882894062676,0.0,0.0,0.0271992195024032,0.0063960340685579,0.1535794932690997,0.0,0.0,46.03925,19.06585,4.9628,14.44205
AC-BP-BV-BY-CA-CC-CG-CH-DF-ER-FP-PC-RI,0.0,0.0005076923076923,0.0,0.0005076923076923,0.0,0.0,0.0,0.0,0.0005076923076923,0.0,0.0,0.0,0.0,0.0005076923076923,0.0005076923076923,0.0,0.0005076923076923,0.0005076923076923,0.0005076923076923,0.0,0.0005076923076923,0.0005076923076923,0.0005076923076923,0.0005076923076923,0.0,0.0005076923076923,0.0,0.0,28.0,0.0
AC-BP-BV-BY-CA-CC-CG-CH-DF-ER-FP-PC-RI,48.0,0.1475213626610197,0.0,0.1147223692164851,0.0,0.0,0.0,0.0,0.2052539895091889,0.0,0.0,0.0,0.0,0.1738955385075541,0.365704723274683,0.0,0.002880739989854,0.0658787729846079,1.016615308068996,0.0,0.0539285689284807,0.0358622413302103,0.0079094241485461,0.0618124099350402,0.0,0.3722185479267795,31.3676,33.50075,14.55145,17.97985
AC-BP-BV-BY-CC-DF-DL-DP-ER-FP-PJ-RI,0.0,0.0,0.0005499999999999,0.0005499999999999,0.0,0.0,0.0,0.0,0.0005499999999999,0.0,0.0005499999999999,0.0,0.0,0.0005499999999999,0.0,0.0,0.0005499999999999,0.0,0.0005499999999999,0.0,0.0,0.0005499999999999,0.0005499999999999,0.0005499999999999,0.0005499999999999,0.0005499999999999,0.0,0.0,28.0,0.0
AC-BP-BV-BY-CC-DF-DL-DP-ER-FP-PJ-RI,48.0,0.0,0.0703757330584419,0.2222675701021693,0.0,0.0,0.0,0.0,0.102873602405882,0.0,0.0137893491915827,0.0,0.0,0.4850845263863191,0.0,0.0,0.0022599649671621,0.0,0.7247626571414882,0.0,0.0,0.095734825140173,0.00101742959671,0.1882364077457591,0.6607662574519519,0.0926500405433119,20.645,35.480000000000004,49.28,2.55
AC-BP-DP,0.0,0.0,0.0,0.0,0.0,0.0,0.0,0.0,0.0,0.0,0.0021999999999999,0.0,0.0,0.0021999999999999,0.0,0.0,0.0,0.0,0.0021999999999999,0.0,0.0,0.0,0.0,0.0,0.0,0.0,0.0,0.0,28.0,0.0
AC-BP-DP,48.0,0.0,0.0,0.0,0.0,0.0,0.0,0.0,0.0,0.0,0.0376927192555543,0.0,0.0,1.3532955901204315,0.0,0.0,0.0,0.0,1.0322704412422417,0.0,0.0,0.0,0.0,0.0,0.0,0.0,15.265,35.235,58.465,0.0
AC-BT,0.0,0.0,0.0,0.0,0.0,0.0,0.0033,0.0,0.0,0.0,0.0,0.0,0.0,0.0,0.0,0.0,0.0,0.0,0.0033,0.0,0.0,0.0,0.0,0.0,0.0,0.0,0.0,0.0,28.0,0.0
AC-BT,48.0,0.0,0.0,0.0,0.0,0.0,1.03691890432539,0.0,0.0,0.0,0.0,0.0,0.0,0.0,0.0,0.0,0.0,0.0,0.8902828042953866,0.0,0.0,0.0,0.0,0.0,0.0,0.0,34.848,12.949066666666669,2.6517,31.895
AC-BT-BV-BY-CA-CC-CH-DF-DP-ER-FP-PC-PJ-RI,0.0,0.0004714285714285,0.0004714285714285,0.0004714285714285,0.0,0.0,0.0004714285714285,0.0,0.0004714285714285,0.0,0.0004714285714285,0.0,0.0,0.0,0.0004714285714285,0.0,0.0004714285714285,0.0004714285714285,0.0004714285714285,0.0,0.0,0.0004714285714285,0.0004714285714285,0.0004714285714285,0.0,0.0004714285714285,0.0,0.0,28.0,0.0
AC-BT-BV-BY-CA-CC-CH-DF-DP-ER-FP-PC-PJ-RI,48.0,0.3092956742337491,0.0036467323866454,0.051882469384962,0.0,0.0,0.4798241323654847,0.0,0.1903694145470682,0.0,0.00357705583116,0.0,0.0,0.0,0.1081841380822138,0.0,0.0028115526601225,0.0364573477042028,0.8188891049067122,0.0,0.0,0.059406246268019,0.0049717214699174,0.2514518494936917,0.0,0.2857087325595775,28.1489,25.4833,21.55835,26.73105
AC-BT-CC-ER-FP,0.0,0.0,0.0,0.0,0.0,0.0,0.00132,0.0,0.0,0.0,0.0,0.0,0.0,0.0,0.0,0.0,0.00132,0.0,0.00132,0.0,0.0,0.00132,0.0,0.00132,0.0,0.0,0.0,0.0,28.0,0.0
AC-BT-CC-ER-FP,48.0,0.0,0.0,0.0,0.0,0.0,0.8555726734936153,0.0,0.0,0.0,0.0,0.0,0.0,0.0,0.0,0.0,0.0023140415566567,0.0,0.7479892834982371,0.0,0.0,0.0299591493710747,0.0,0.5653752108008614,0.0,0.0,35.45215,16.41895,17.347,8.99045
AC-BT-CC-ER-RI,0.0,0.0,0.0,0.0,0.0,0.0,0.00132,0.0,0.0,0.0,0.0,0.0,0.0,0.0,0.0,0.0,0.0,0.0,0.00132,0.0,0.0,0.00132,0.00132,0.00132,0.0,0.0,0.0,0.0,28.0,0.0
AC-BT-CC-ER-RI,48.0,0.0,0.0,0.0,0.0,0.0,0.8435662007545854,0.0,0.0,0.0,0.0,0.0,0.0,0.0,0.0,0.0,0.0,0.0,0.652558758751457,0.0,0.0,0.0420785827760222,0.0001814414141033,0.3961084174917068,0.0,0.0,31.35975,14.3122,15.63,15.330850000000002
AC-BT-CC-FP-RI,0.0,0.0,0.0,0.0,0.0,0.0,0.00132,0.0,0.0,0.0,0.0,0.0,0.0,0.0,0.0,0.0,0.00132,0.0,0.00132,0.0,0.0,0.0,0.00132,0.00132,0.0,0.0,0.0,0.0,28.0,0.0
AC-BT-CC-FP-RI,48.0,0.0,0.0,0.0,0.0,0.0,0.9363369839128364,0.0,0.0,0.0,0.0,0.0,0.0,0.0,0.0,0.0,0.003834178285509,0.0,0.6866129994068659,0.0,0.0,0.0,0.0003666712969533,0.512641850266865,0.0,0.0,33.18285,15.4791,15.59685,15.64135
AC-BU,0.0,0.0,0.0,0.0,0.0,0.0,0.0,0.0,0.0,0.0033,0.0,0.0,0.0,0.0,0.0,0.0,0.0,0.0,0.0033,0.0,0.0,0.0,0.0,0.0,0.0,0.0,0.0,0.0,28.0,0.0
AC-BU,48.0,0.0,0.0,0.0,0.0,0.0,0.0,0.0,0.0,0.5632752808110886,0.0,0.0,0.0,0.0,0.0,0.0,0.0,0.0,1.0830740044542495,0.0,0.0,0.0,0.0,0.0,0.0,0.0,32.67475,7.36385,30.43215,7.563
AC-BV,0.0,0.0,0.0,0.0033,0.0,0.0,0.0,0.0,0.0,0.0,0.0,0.0,0.0,0.0,0.0,0.0,0.0,0.0,0.0033,0.0,0.0,0.0,0.0,0.0,0.0,0.0,0.0,0.0,28.0,0.0
AC-BV,48.0,0.0,0.0,0.5088361496044996,0.0,0.0,0.0,0.0,0.0,0.0,0.0,0.0,0.0,0.0,0.0,0.0,0.0,0.0,1.8501233372106185,0.0,0.0,0.0,0.0,0.0,0.0,0.0,34.0507,8.524750000000001,6.9413,14.53135
AC-BY,0.0,0.0,0.0,0.0,0.0,0.0,0.0,0.0,0.0033,0.0,0.0,0.0,0.0,0.0,0.0,0.0,0.0,0.0,0.0033,0.0,0.0,0.0,0.0,0.0,0.0,0.0,0.0,0.0,28.0,0.0
AC-BY,48.0,0.0,0.0,0.0,0.0,0.0,0.0,0.0,0.431903175315168,0.0,0.0,0.0,0.0,0.0,0.0,0.0,0.0,0.0,1.5961414705654002,0.0,0.0,0.0,0.0,0.0,0.0,0.0,35.18593333333333,,25.7259,6.911833333333334
AC-BY-CC-CG,0.0,0.0,0.0,0.0,0.0,0.0,0.0,0.0,0.00165,0.0,0.0,0.0,0.0,0.0,0.0,0.0,0.0,0.0,0.00165,0.0,0.00165,0.0,0.0,0.00165,0.0,0.0,0.0,0.0,28.0,0.0
AC-BY-CC-CG,48.0,0.0,0.0,0.0,0.0,0.0,0.0,0.0,0.3095952111748163,0.0,0.0,0.0,0.0,0.0,0.0,0.0,0.0,0.0,1.2722830093963569,0.0,0.1267092967856898,0.0,0.0,0.9328770978889498,0.0,0.0,36.314154,21.1873,19.43395,0.0
AC-BY-CG-ER-FP,0.0,0.0,0.0,0.0,0.0,0.0,0.0,0.0,0.00132,0.0,0.0,0.0,0.0,0.0,0.0,0.0,0.00132,0.0,0.00132,0.0,0.00132,0.00132,0.0,0.0,0.0,0.0,0.0,0.0,28.0,0.0
AC-BY-CG-ER-FP,48.0,0.0,0.0,0.0,0.0,0.0,0.0,0.0,0.2824108853074454,0.0,0.0,0.0,0.0,0.0,0.0,0.0,0.0015708586177064,0.0,1.2327850748632518,0.0,0.2829111733219925,0.0460011461923136,0.0,0.0,0.0,0.0,41.5792167,14.4417,0.0,8.0877
AC-BY-CG-ER-RI,0.0,0.0,0.0,0.0,0.0,0.0,0.0,0.0,0.00132,0.0,0.0,0.0,0.0,0.0,0.0,0.0,0.0,0.0,0.00132,0.0,0.00132,0.00132,0.00132,0.0,0.0,0.0,0.0,0.0,28.0,0.0
AC-BY-CG-ER-RI,48.0,0.0,0.0,0.0,0.0,0.0,0.0,0.0,0.3220567337105048,0.0,0.0,0.0,0.0,0.0,0.0,0.0,0.0,0.0,1.36941015989522,0.0,0.2353263329782187,0.0522635983269168,0.0002307064490757,0.0,0.0,0.0,33.887244749999994,14.3683,3.6575,5.8207
AC-BY-DP,0.0,0.0,0.0,0.0,0.0,0.0,0.0,0.0,0.0021999999999999,0.0,0.0021999999999999,0.0,0.0,0.0,0.0,0.0,0.0,0.0,0.0021999999999999,0.0,0.0,0.0,0.0,0.0,0.0,0.0,0.0,0.0,28.0,0.0
AC-BY-DP,48.0,0.0,0.0,0.0,0.0,0.0,0.0,0.0,0.402903455517084,0.0,0.2316418224639862,0.0,0.0,0.0,0.0,0.0,0.0,0.0,1.078226396523663,0.0,0.0,0.0,0.0,0.0,0.0,0.0,16.312549999999998,19.001150000000003,39.12465,16.35735
AC-BY-ER,0.0,0.0,0.0,0.0,0.0,0.0,0.0,0.0,0.0021999999999999,0.0,0.0,0.0,0.0,0.0,0.0,0.0,0.0,0.0,0.0021999999999999,0.0,0.0,0.0021999999999999,0.0,0.0,0.0,0.0,0.0,0.0,28.0,0.0
AC-BY-ER,48.0,0.0,0.0,0.0,0.0,0.0,0.0,0.0,0.494686476157228,0.0,0.0,0.0,0.0,0.0,0.0,0.0,0.0,0.0,1.9185233658734653,0.0,0.0,0.0749714060162175,0.0,0.0,0.0,0.0,38.84226666666667,3.6565666666666665,16.47583333333333,11.9598
AC-CA,0.0,0.0,0.0,0.0,0.0,0.0,0.0,0.0,0.0,0.0,0.0,0.0,0.0,0.0,0.0033,0.0,0.0,0.0,0.0033,0.0,0.0,0.0,0.0,0.0,0.0,0.0,0.0,0.0,28.0,0.0
AC-CA,48.0,0.0,0.0,0.0,0.0,0.0,0.0,0.0,0.0,0.0,0.0,0.0,0.0,0.0,0.3970565620351785,0.0,0.0,0.0,0.5899398991625676,0.0,0.0,0.0,0.0,0.0,0.0,0.0,36.03666666666667,24.672966666666667,22.3866,4.723933333333333
AC-CA-DF-ER-RI,0.0,0.0,0.0,0.0,0.0,0.0,0.0,0.0,0.0,0.0,0.0,0.0,0.0,0.0,0.00132,0.0,0.0,0.0,0.00132,0.0,0.0,0.00132,0.00132,0.0,0.0,0.00132,0.0,0.0,28.0,0.0
AC-CA-DF-ER-RI,48.0,0.0,0.0,0.0,0.0,0.0,0.0,0.0,0.0,0.0,0.0,0.0,0.0,0.0,0.2586983270966323,0.0,0.0,0.0,0.7321751926040058,0.0,0.0,0.0192746863306185,0.0,0.0,0.0,0.5125102795509577,46.01473585,7.4605,0.0,0.0
AC-CC,0.0,0.0,0.0,0.0,0.0,0.0,0.0,0.0,0.0,0.0,0.0,0.0,0.0,0.0,0.0,0.0,0.0,0.0,0.0033,0.0,0.0,0.0,0.0,0.0033,0.0,0.0,0.0,0.0,28.0,0.0
AC-CC,48.0,0.0,0.0,0.0,0.0,0.0,0.0,0.0,0.0,0.0,0.0,0.0,0.0,0.0,0.0,0.0,0.0,0.0,1.2317259419197513,0.0,0.0,0.0,0.0,0.9910892870321044,0.0,0.0,48.019075,10.24295,19.8166125,4.8856375
AC-CC-CG-DL-ER,0.0,0.0,0.0,0.0,0.0,0.0,0.0,0.0,0.0,0.0,0.0,0.0,0.0,0.0,0.0,0.0,0.0,0.0,0.00132,0.0,0.00132,0.00132,0.0,0.00132,0.00132,0.0,0.0,0.0,28.0,0.0
AC-CC-CG-DL-ER,48.0,0.0,0.0,0.0,0.0,0.0,0.0,0.0,0.0,0.0,0.0,0.0,0.0,0.0,0.0,0.0,0.0,0.0,1.1121985504795866,0.0,0.116312113409986,0.1060891255226279,0.0,0.5393060970548444,0.7623638526807673,0.0,40.2211657,23.3955,20.96795,0.0
AC-CC-CG-ER,0.0,0.0,0.0,0.0,0.0,0.0,0.0,0.0,0.0,0.0,0.0,0.0,0.0,0.0,0.0,0.0,0.0,0.0,0.00165,0.0,0.00165,0.00165,0.0,0.00165,0.0,0.0,0.0,0.0,28.0,0.0
AC-CC-CG-ER,48.0,0.0,0.0,0.0,0.0,0.0,0.0,0.0,0.0,0.0,0.0,0.0,0.0,0.0,0.0,0.0,0.0,0.0,1.1999389626445154,0.0,0.1415236001332147,0.0551036328866314,0.0,0.9054223384305778,0.0,0.0,41.2675916,20.276200000000003,18.32665,0.0
AC-CC-CG-ER-FP,0.0,0.0,0.0,0.0,0.0,0.0,0.0,0.0,0.0,0.0,0.0,0.0,0.0,0.0,0.0,0.0,0.00132,0.0,0.00132,0.0,0.00132,0.00132,0.0,0.00132,0.0,0.0,0.0,0.0,28.0,0.0
AC-CC-CG-ER-FP,48.0,0.0,0.0,0.0,0.0,0.0,0.0,0.0,0.0,0.0,0.0,0.0,0.0,0.0,0.0,0.0,0.0042006390721723,0.0,0.7930020645427007,0.0,0.3946823515401387,0.0517934008998707,0.0,0.6203616733508619,0.0,0.0,52.53305,15.97865,2.3241,5.40055
AC-CC-CG-ER-RI,0.0,0.0,0.0,0.0,0.0,0.0,0.0,0.0,0.0,0.0,0.0,0.0,0.0,0.0,0.0,0.0,0.0,0.0,0.00132,0.0,0.00132,0.00132,0.00132,0.00132,0.0,0.0,0.0,0.0,28.0,0.0
AC-CC-CG-ER-RI,48.0,0.0,0.0,0.0,0.0,0.0,0.0,0.0,0.0,0.0,0.0,0.0,0.0,0.0,0.0,0.0,0.0,0.0,0.787974839897031,0.0,0.3845197643243747,0.0479389644479,0.0,0.4454096198462531,0.0,0.0,50.38725,17.80325,3.56525,10.23445
AC-CC-CG-PJ-RI,0.0,0.0,0.00132,0.0,0.0,0.0,0.0,0.0,0.0,0.0,0.0,0.0,0.0,0.0,0.0,0.0,0.0,0.0,0.00132,0.0,0.00132,0.0,0.00132,0.00132,0.0,0.0,0.0,0.0,28.0,0.0
AC-CC-CG-PJ-RI,48.0,0.0,0.0450532433850104,0.0,0.0,0.0,0.0,0.0,0.0,0.0,0.0,0.0,0.0,0.0,0.0,0.0,0.0,0.0,1.188306777110157,0.0,0.1674072240172982,0.0,0.0002922276197087,1.0588104350528218,0.0,0.0,33.8334422,11.79045,21.7902,0.0
AC-CC-DP-FP-RI,0.0,0.0,0.0,0.0,0.0,0.0,0.0,0.0,0.0,0.0,0.00132,0.0,0.0,0.0,0.0,0.0,0.00132,0.0,0.00132,0.0,0.0,0.0,0.00132,0.00132,0.0,0.0,0.0,0.0,28.0,0.0
AC-CC-DP-FP-RI,48.0,0.0,0.0,0.0,0.0,0.0,0.0,0.0,0.0,0.0,0.1093943510930331,0.0,0.0,0.0,0.0,0.0,0.0039336705466242,0.0,0.7975093771849918,0.0,0.0,0.0,0.0002414743743714,0.6351426689470947,0.0,0.0,15.37545,14.9261,43.36765,0.0
AC-CC-DP-RI,0.0,0.0,0.0,0.0,0.0,0.0,0.0,0.0,0.0,0.0,0.00165,0.0,0.0,0.0,0.0,0.0,0.0,0.0,0.00165,0.0,0.0,0.0,0.00165,0.00165,0.0,0.0,0.0,0.0,28.0,0.0
AC-CC-DP-RI,48.0,0.0,0.0,0.0,0.0,0.0,0.0,0.0,0.0,0.0,0.0939470800071885,0.0,0.0,0.0,0.0,0.0,0.0,0.0,0.6979907858238651,0.0,0.0,0.0,0.0008455766222636,0.9158100735609668,0.0,0.0,12.05588525,16.8855,37.21925,0.0
AC-CC-ER,0.0,0.0,0.0,0.0,0.0,0.0,0.0,0.0,0.0,0.0,0.0,0.0,0.0,0.0,0.0,0.0,0.0,0.0,0.0021999999999999,0.0,0.0,0.0021999999999999,0.0,0.0021999999999999,0.0,0.0,0.0,0.0,28.0,0.0
AC-CC-ER,48.0,0.0,0.0,0.0,0.0,0.0,0.0,0.0,0.0,0.0,0.0,0.0,0.0,0.0,0.0,0.0,0.0,0.0,1.4608293848940512,0.0,0.0,0.0602214554658097,0.0,1.332491394917578,0.0,0.0,43.709,10.37074,18.47336,0.68498
AC-CC-ER-FP,0.0,0.0,0.0,0.0,0.0,0.0,0.0,0.0,0.0,0.0,0.0,0.0,0.0,0.0,0.0,0.0,0.00165,0.0,0.00165,0.0,0.0,0.00165,0.0,0.00165,0.0,0.0,0.0,0.0,28.0,0.0
AC-CC-ER-FP,48.0,0.0,0.0,0.0,0.0,0.0,0.0,0.0,0.0,0.0,0.0,0.0,0.0,0.0,0.0,0.0,0.0044830171434617,0.0,1.1882421941498345,0.0,0.0,0.0683141108673956,0.0,0.9666363723461168,0.0,0.0,39.5829,7.623,14.6402,3.0099
AC-CC-ER-FP-RI,0.0,0.0,0.0,0.0,0.0,0.0,0.0,0.0,0.0,0.0,0.0,0.0,0.0,0.0,0.0,0.0,0.00132,0.0,0.00132,0.0,0.0,0.00132,0.00132,0.00132,0.0,0.0,0.0,0.0,28.0,0.0
AC-CC-ER-FP-RI,48.0,0.0,0.0,0.0,0.0,0.0,0.0,0.0,0.0,0.0,0.0,0.0,0.0,0.0,0.0,0.0,0.0016745529228471,0.0,1.927103658643827,0.0,0.0,0.0161438456457118,0.0001334986860728,0.4262176982911217,0.0,0.0,40.15524,4.92554,22.48128,1.227
AC-CC-ER-RI,0.0,0.0,0.0,0.0,0.0,0.0,0.0,0.0,0.0,0.0,0.0,0.0,0.0,0.0,0.0,0.0,0.0,0.0,0.00165,0.0,0.0,0.00165,0.00165,0.00165,0.0,0.0,0.0,0.0,28.0,0.0
AC-CC-ER-RI,48.0,0.0,0.0,0.0,0.0,0.0,0.0,0.0,0.0,0.0,0.0,0.0,0.0,0.0,0.0,0.0,0.0,0.0,1.4414046108374248,0.0,0.0,0.0529790780175922,0.0,1.1984245141376584,0.0,0.0,39.8149,15.36565,19.7158,1.66085
AC-CC-FP,0.0,0.0,0.0,0.0,0.0,0.0,0.0,0.0,0.0,0.0,0.0,0.0,0.0,0.0,0.0,0.0,0.0021999999999999,0.0,0.0021999999999999,0.0,0.0,0.0,0.0,0.0021999999999999,0.0,0.0,0.0,0.0,28.0,0.0
AC-CC-FP,48.0,0.0,0.0,0.0,0.0,0.0,0.0,0.0,0.0,0.0,0.0,0.0,0.0,0.0,0.0,0.0,0.0070615773129694,0.0,1.3573782188136352,0.0,0.0,0.0,0.0,1.1709884060562017,0.0,0.0,47.50192,11.0082,20.43684,3.5734000000000004
AC-CC-FP-RI,0.0,0.0,0.0,0.0,0.0,0.0,0.0,0.0,0.0,0.0,0.0,0.0,0.0,0.0,0.0,0.0,0.00165,0.0,0.00165,0.0,0.0,0.0,0.00165,0.00165,0.0,0.0,0.0,0.0,28.0,0.0
AC-CC-FP-RI,48.0,0.0,0.0,0.0,0.0,0.0,0.0,0.0,0.0,0.0,0.0,0.0,0.0,0.0,0.0,0.0,0.0043504297805963,0.0,1.1773647582740394,0.0,0.0,0.0,8.554443524719695e-05,1.0893545326212042,0.0,0.0,40.468,9.1635,24.15335,1.4532
AC-CC-PJ,0.0,0.0,0.0021999999999999,0.0,0.0,0.0,0.0,0.0,0.0,0.0,0.0,0.0,0.0,0.0,0.0,0.0,0.0,0.0,0.0021999999999999,0.0,0.0,0.0,0.0,0.0021999999999999,0.0,0.0,0.0,0.0,28.0,0.0
AC-CC-PJ,48.0,0.0,0.0717202953124369,0.0,0.0,0.0,0.0,0.0,0.0,0.0,0.0,0.0,0.0,0.0,0.0,0.0,0.0,0.0,1.6466169996451887,0.0,0.0,0.0,0.0,1.2769612726673112,0.0,0.0,42.2146,16.57443333333333,26.8071,0.0
AC-CC-RI,0.0,0.0,0.0,0.0,0.0,0.0,0.0,0.0,0.0,0.0,0.0,0.0,0.0,0.0,0.0,0.0,0.0,0.0,0.0021999999999999,0.0,0.0,0.0,0.0021999999999999,0.0021999999999999,0.0,0.0,0.0,0.0,28.0,0.0
AC-CC-RI,48.0,0.0,0.0,0.0,0.0,0.0,0.0,0.0,0.0,0.0,0.0,0.0,0.0,0.0,0.0,0.0,0.0,0.0,1.5730604031533215,0.0,0.0,0.0,0.0002928081957743,1.461555533901698,0.0,0.0,45.19206,11.90556,19.11454,0.93328
AC-CG,0.0,0.0,0.0,0.0,0.0,0.0,0.0,0.0,0.0,0.0,0.0,0.0,0.0,0.0,0.0,0.0,0.0,0.0,0.0033,0.0,0.0033,0.0,0.0,0.0,0.0,0.0,0.0,0.0,28.0,0.0
AC-CG,48.0,0.0,0.0,0.0,0.0,0.0,0.0,0.0,0.0,0.0,0.0,0.0,0.0,0.0,0.0,0.0,0.0,0.0,0.6066764155835539,0.0,0.7985573951035679,0.0,0.0,0.0,0.0,0.0,48.23603333333333,23.49676666666667,3.1902000000000004,7.1678
AC-CG-CH-RI,0.0,0.0,0.0,0.0,0.0,0.0,0.0,0.0,0.0,0.0,0.0,0.0,0.0,0.0,0.0,0.0,0.0,0.00165,0.00165,0.0,0.00165,0.0,0.00165,0.0,0.0,0.0,0.0,0.0,28.0,0.0
AC-CG-CH-RI,48.0,0.0,0.0,0.0,0.0,0.0,0.0,0.0,0.0,0.0,0.0,0.0,0.0,0.0,0.0,0.0,0.0,0.1161765274843394,0.9424196348572972,0.0,0.6469969385621508,0.0,0.000424925642466,0.0,0.0,0.0,38.6272996,15.676749999999998,0.0,0.0
AC-CG-DL-ER,0.0,0.0,0.0,0.0,0.0,0.0,0.0,0.0,0.0,0.0,0.0,0.0,0.0,0.0,0.0,0.0,0.0,0.0,0.00165,0.0,0.00165,0.00165,0.0,0.0,0.00165,0.0,0.0,0.0,28.0,0.0
AC-CG-DL-ER,48.0,0.0,0.0,0.0,0.0,0.0,0.0,0.0,0.0,0.0,0.0,0.0,0.0,0.0,0.0,0.0,0.0,0.0,0.9419571570192902,0.0,0.1143221935389482,0.1198934783207584,0.0,0.0,1.0970692599459246,0.0,31.1908833,23.8187,19.2055,0.0
AC-CG-ER-FP,0.0,0.0,0.0,0.0,0.0,0.0,0.0,0.0,0.0,0.0,0.0,0.0,0.0,0.0,0.0,0.0,0.00165,0.0,0.00165,0.0,0.00165,0.00165,0.0,0.0,0.0,0.0,0.0,0.0,28.0,0.0
AC-CG-ER-FP,48.0,0.0,0.0,0.0,0.0,0.0,0.0,0.0,0.0,0.0,0.0,0.0,0.0,0.0,0.0,0.0,0.0016074167635035,0.0,0.7128828966328337,0.0,0.8700755968952786,0.0502783738651933,0.0,0.0,0.0,0.0,41.237563050000006,11.8028,0.0,3.63835
AC-CG-ER-FP-RI,0.0,0.0,0.0,0.0,0.0,0.0,0.0,0.0,0.0,0.0,0.0,0.0,0.0,0.0,0.0,0.0,0.00132,0.0,0.00132,0.0,0.00132,0.00132,0.00132,0.0,0.0,0.0,0.0,0.0,28.0,0.0
AC-CG-ER-FP-RI,48.0,0.0,0.0,0.0,0.0,0.0,0.0,0.0,0.0,0.0,0.0,0.0,0.0,0.0,0.0,0.0,0.0030987399914544,0.0,0.6207726780717004,0.0,0.7792924175359307,0.0543594739684578,6.477898100479316e-05,0.0,0.0,0.0,46.5489,13.1213,0.0,8.2518
AC-CH,0.0,0.0,0.0,0.0,0.0,0.0,0.0,0.0,0.0,0.0,0.0,0.0,0.0,0.0,0.0,0.0,0.0,0.0033,0.0033,0.0,0.0,0.0,0.0,0.0,0.0,0.0,0.0,0.0,28.0,0.0
AC-CH,48.0,0.0,0.0,0.0,0.0,0.0,0.0,0.0,0.0,0.0,0.0,0.0,0.0,0.0,0.0,0.0,0.0,0.1704148599505134,0.7159523810042925,0.0,0.0,0.0,0.0,0.0,0.0,0.0,38.996,10.7004,7.802799999999999,3.60555
AC-DF,0.0,0.0,0.0,0.0,0.0,0.0,0.0,0.0,0.0,0.0,0.0,0.0,0.0,0.0,0.0,0.0,0.0,0.0,0.0033,0.0,0.0,0.0,0.0,0.0,0.0,0.0033,0.0,0.0,28.0,0.0
AC-DF,48.0,0.0,0.0,0.0,0.0,0.0,0.0,0.0,0.0,0.0,0.0,0.0,0.0,0.0,0.0,0.0,0.0,0.0,0.7995226793572583,0.0,0.0,0.0,0.0,0.0,0.0,0.6938703318109514,42.5277,10.65165,7.0021,4.79595
AC-DF-DP-ER,0.0,0.0,0.0,0.0,0.0,0.0,0.0,0.0,0.0,0.0,0.00165,0.0,0.0,0.0,0.0,0.0,0.0,0.0,0.00165,0.0,0.0,0.00165,0.0,0.0,0.0,0.00165,0.0,0.0,28.0,0.0
AC-DF-DP-ER,48.0,0.0,0.0,0.0,0.0,0.0,0.0,0.0,0.0,0.0,0.1171359632379107,0.0,0.0,0.0,0.0,0.0,0.0,0.0,0.6840905519822531,0.0,0.0,0.0937402127039089,0.0,0.0,0.0,0.3792862971894676,16.25574515,21.6491,38.4828,0.0
AC-DF-DP-ER-FP,0.0,0.0,0.0,0.0,0.0,0.0,0.0,0.0,0.0,0.0,0.00132,0.0,0.0,0.0,0.0,0.0,0.00132,0.0,0.00132,0.0,0.0,0.00132,0.0,0.0,0.0,0.00132,0.0,0.0,28.0,0.0
AC-DF-DP-ER-FP,48.0,0.0,0.0,0.0,0.0,0.0,0.0,0.0,0.0,0.0,0.0995386562301272,0.0,0.0,0.0,0.0,0.0,0.0020223851873794,0.0,0.7153254363246796,0.0,0.0,0.0411099146917467,0.0,0.0,0.0,0.4585128255563438,14.7833749,21.99035,44.5106,0.0
AC-DF-FP,0.0,0.0,0.0,0.0,0.0,0.0,0.0,0.0,0.0,0.0,0.0,0.0,0.0,0.0,0.0,0.0,0.0021999999999999,0.0,0.0021999999999999,0.0,0.0,0.0,0.0,0.0,0.0,0.0021999999999999,0.0,0.0,28.0,0.0
AC-DF-FP,48.0,0.0,0.0,0.0,0.0,0.0,0.0,0.0,0.0,0.0,0.0,0.0,0.0,0.0,0.0,0.0,0.0014589524010231,0.0,0.7387505175708338,0.0,0.0,0.0,0.0,0.0,0.0,1.0867891740359188,43.25379999999999,6.100233333333333,0.0,0.0
AC-DL,0.0,0.0,0.0,0.0,0.0,0.0,0.0,0.0,0.0,0.0,0.0,0.0,0.0,0.0,0.0,0.0,0.0,0.0,0.0033,0.0,0.0,0.0,0.0,0.0,0.0033,0.0,0.0,0.0,28.0,0.0
AC-DL,48.0,0.0,0.0,0.0,0.0,0.0,0.0,0.0,0.0,0.0,0.0,0.0,0.0,0.0,0.0,0.0,0.0,0.0,1.1469604004796687,0.0,0.0,0.0,0.0,0.0,1.08267637011617,0.0,42.6317,21.7568,10.613233333333334,5.648033333333333
AC-DL-ER,0.0,0.0,0.0,0.0,0.0,0.0,0.0,0.0,0.0,0.0,0.0,0.0,0.0,0.0,0.0,0.0,0.0,0.0,0.0021999999999999,0.0,0.0,0.0021999999999999,0.0,0.0,0.0021999999999999,0.0,0.0,0.0,28.0,0.0
AC-DL-ER,48.0,0.0,0.0,0.0,0.0,0.0,0.0,0.0,0.0,0.0,0.0,0.0,0.0,0.0,0.0,0.0,0.0,0.0,0.6712323641218653,0.0,0.0,0.0297586224542843,0.0,0.0,1.2225672952115867,0.0,30.0598,28.3271,21.358766666666668,0.7077666666666667
AC-DP,0.0,0.0,0.0,0.0,0.0,0.0,0.0,0.0,0.0,0.0,0.0033,0.0,0.0,0.0,0.0,0.0,0.0,0.0,0.0033,0.0,0.0,0.0,0.0,0.0,0.0,0.0,0.0,0.0,28.0,0.0
AC-DP,48.0,0.0,0.0,0.0,0.0,0.0,0.0,0.0,0.0,0.0,0.3745703909703726,0.0,0.0,0.0,0.0,0.0,0.0,0.0,0.4224381551884141,0.0,0.0,0.0,0.0,0.0,0.0,0.0,27.44505,22.1056,27.351,1.861375
AC-DP-ER-FP,0.0,0.0,0.0,0.0,0.0,0.0,0.0,0.0,0.0,0.0,0.00165,0.0,0.0,0.0,0.0,0.0,0.00165,0.0,0.00165,0.0,0.0,0.00165,0.0,0.0,0.0,0.0,0.0,0.0,28.0,0.0
AC-DP-ER-FP,48.0,0.0,0.0,0.0,0.0,0.0,0.0,0.0,0.0,0.0,0.2239681426190833,0.0,0.0,0.0,0.0,0.0,0.0139010678438662,0.0,0.5136036676978581,0.0,0.0,0.2313400915171143,0.0,0.0,0.0,0.0,26.05946545,12.8946,29.16935,0.0
AC-EL,0.0,0.0,0.0,0.0,0.0,0.0,0.0,0.0,0.0,0.0,0.0,0.0,0.0,0.0,0.0,0.0033,0.0,0.0,0.0033,0.0,0.0,0.0,0.0,0.0,0.0,0.0,0.0,0.0,28.0,0.0
AC-EL,48.0,0.0,0.0,0.0,0.0,0.0,0.0,0.0,0.0,0.0,0.0,0.0,0.0,0.0,0.0,0.2231759923325978,0.0,0.0,0.7075287928907799,0.0,0.0,0.0,0.0,0.0,0.0,0.0,33.216899999999995,12.93315,28.8386,4.68455
AC-ER,0.0,0.0,0.0,0.0,0.0,0.0,0.0,0.0,0.0,0.0,0.0,0.0,0.0,0.0,0.0,0.0,0.0,0.0,0.0033,0.0,0.0,0.0033,0.0,0.0,0.0,0.0,0.0,0.0,28.0,0.0
AC-ER,48.0,0.0,0.0,0.0,0.0,0.0,0.0,0.0,0.0,0.0,0.0,0.0,0.0,0.0,0.0,0.0,0.0,0.0,1.000594766309903,0.0,0.0,0.2891507133190604,0.0,0.0,0.0,0.0,33.0393,3.957883333333333,28.069166666666664,5.1944
AC-ER-FP,0.0,0.0,0.0,0.0,0.0,0.0,0.0,0.0,0.0,0.0,0.0,0.0,0.0,0.0,0.0,0.0,0.0021999999999999,0.0,0.0021999999999999,0.0,0.0,0.0021999999999999,0.0,0.0,0.0,0.0,0.0,0.0,28.0,0.0
AC-ER-FP,48.0,0.0,0.0,0.0,0.0,0.0,0.0,0.0,0.0,0.0,0.0,0.0,0.0,0.0,0.0,0.0,0.0162404745301432,0.0,1.272411664737903,0.0,0.0,0.0950186689440345,0.0,0.0,0.0,0.0,30.760625,1.1616,25.512225,0.0
AC-ER-FP-RI,0.0,0.0,0.0,0.0,0.0,0.0,0.0,0.0,0.0,0.0,0.0,0.0,0.0,0.0,0.0,0.0,0.00165,0.0,0.00165,0.0,0.0,0.00165,0.00165,0.0,0.0,0.0,0.0,0.0,28.0,0.0
AC-ER-FP-RI,48.0,0.0,0.0,0.0,0.0,0.0,0.0,0.0,0.0,0.0,0.0,0.0,0.0,0.0,0.0,0.0,0.0362719469644106,0.0,2.0318140614096296,0.0,0.0,0.1647838450802509,0.0003900209351018,0.0,0.0,0.0,28.6078,0.0,34.6992,0.0
AC-ER-RI,0.0,0.0,0.0,0.0,0.0,0.0,0.0,0.0,0.0,0.0,0.0,0.0,0.0,0.0,0.0,0.0,0.0,0.0,0.0021999999999999,0.0,0.0,0.0021999999999999,0.0021999999999999,0.0,0.0,0.0,0.0,0.0,28.0,0.0
AC-ER-RI,48.0,0.0,0.0,0.0,0.0,0.0,0.0,0.0,0.0,0.0,0.0,0.0,0.0,0.0,0.0,0.0,0.0,0.0,0.9528395802708376,0.0,0.0,0.0680595573502385,0.0002347352944525,0.0,0.0,0.0,31.96495,0.0,25.234500000000004,4.31165
AC-FP,0.0,0.0,0.0,0.0,0.0,0.0,0.0,0.0,0.0,0.0,0.0,0.0,0.0,0.0,0.0,0.0,0.0033,0.0,0.0033,0.0,0.0,0.0,0.0,0.0,0.0,0.0,0.0,0.0,28.0,0.0
AC-FP,48.0,0.0,0.0,0.0,0.0,0.0,0.0,0.0,0.0,0.0,0.0,0.0,0.0,0.0,0.0,0.0,0.0714692868095615,0.0,0.9853470215301574,0.0,0.0,0.0,0.0,0.0,0.0,0.0,33.25228,2.9793,24.27716,4.931520000000001
AC-FP-RI,0.0,0.0,0.0,0.0,0.0,0.0,0.0,0.0,0.0,0.0,0.0,0.0,0.0,0.0,0.0,0.0,0.0021999999999999,0.0,0.0021999999999999,0.0,0.0,0.0,0.0021999999999999,0.0,0.0,0.0,0.0,0.0,28.0,0.0
AC-FP-RI,48.0,0.0,0.0,0.0,0.0,0.0,0.0,0.0,0.0,0.0,0.0,0.0,0.0,0.0,0.0,0.0,0.0399430207453304,0.0,0.8015496479864823,0.0,0.0,0.0,7.909509058481179e-05,0.0,0.0,0.0,36.2363,1.5009,15.7727,8.7477
AC-PC,0.0,0.0033,0.0,0.0,0.0,0.0,0.0,0.0,0.0,0.0,0.0,0.0,0.0,0.0,0.0,0.0,0.0,0.0,0.0033,0.0,0.0,0.0,0.0,0.0,0.0,0.0,0.0,0.0,28.0,0.0
AC-PC,48.0,1.5898909232666092,0.0,0.0,0.0,0.0,0.0,0.0,0.0,0.0,0.0,0.0,0.0,0.0,0.0,0.0,0.0,0.0,1.0527974064061272,0.0,0.0,0.0,0.0,0.0,0.0,0.0,33.89116666666667,14.729233333333331,12.388333333333334,33.306133333333335
AC-PJ,0.0,0.0,0.0033,0.0,0.0,0.0,0.0,0.0,0.0,0.0,0.0,0.0,0.0,0.0,0.0,0.0,0.0,0.0,0.0033,0.0,0.0,0.0,0.0,0.0,0.0,0.0,0.0,0.0,28.0,0.0
AC-PJ,48.0,0.0,0.8190170209726946,0.0,0.0,0.0,0.0,0.0,0.0,0.0,0.0,0.0,0.0,0.0,0.0,0.0,0.0,0.0,1.1644728259575774,0.0,0.0,0.0,0.0,0.0,0.0,0.0,36.0931,15.1366,13.2417,7.1024
AC-RI,0.0,0.0,0.0,0.0,0.0,0.0,0.0,0.0,0.0,0.0,0.0,0.0,0.0,0.0,0.0,0.0,0.0,0.0,0.0033,0.0,0.0,0.0,0.0033,0.0,0.0,0.0,0.0,0.0,28.0,0.0
AC-RI,48.0,0.0,0.0,0.0,0.0,0.0,0.0,0.0,0.0,0.0,0.0,0.0,0.0,0.0,0.0,0.0,0.0,0.0,1.0634135591108045,0.0,0.0,0.0,0.0021755077523364,0.0,0.0,0.0,25.61015714285714,5.8102,26.282742857142857,5.2848
BA,0.0,0.0,0.0,0.0,0.0,0.0,0.0,0.0,0.0,0.0,0.0,0.0,0.0066,0.0,0.0,0.0,0.0,0.0,0.0,0.0,0.0,0.0,0.0,0.0,0.0,0.0,0.0,0.0,28.0,0.0
BA,48.0,0.0,0.0,0.0,0.0,0.0,0.0,0.0,0.0,0.0,0.0,0.0,0.8971578165669879,0.0,0.0,0.0,0.0,0.0,0.0,0.0,0.0,0.0,0.0,0.0,0.0,0.0,0.0,40.43535714285714,46.047357142857145,1.1436142857142857
BA-BC-BF-BH-BL-BO-BP-BT-BU-BV-BY-CA-CC-CG-CH-DF-DL-DP-EL-ER-FP-PC-PJ,0.0,0.0002869565217391,0.0002869565217391,0.0002869565217391,0.0002869565217391,0.0002869565217391,0.0002869565217391,0.0002869565217391,0.0002869565217391,0.0002869565217391,0.0002869565217391,0.0002869565217391,0.0002869565217391,0.0002869565217391,0.0002869565217391,0.0002869565217391,0.0002869565217391,0.0002869565217391,0.0,0.0002869565217391,0.0002869565217391,0.0002869565217391,0.0,0.0002869565217391,0.0002869565217391,0.0002869565217391,0.0,0.0,28.0,0.0
BA-BC-BF-BH-BL-BO-BP-BT-BU-BV-BY-CA-CC-CG-CH-DF-DL-DP-EL-ER-FP-PC-PJ,48.0,0.028329625880921,0.0254284899440502,0.0265385204073881,0.1842531002307718,0.1789577779393363,0.4024193648998488,0.3718745416234372,0.126251152573272,0.0609789246605478,0.0134159394535624,0.0050292706184163,0.0224402912932343,0.3634672027807596,0.0042125986548174,0.0073524794379866,0.000472347458812,0.0401097896416931,0.0,0.0011870874123096,0.0364453795118662,0.0081318388098947,0.0,0.2011954210951673,0.1040371685957736,0.0768312265915486,2.1647,40.31735,45.47315,19.9999
BA-BC-BF-BH-BL-BO-BP-BT-BU-BV-BY-CA-CC-CG-CH-DF-DL-DP-EL-ER-FP-PC-PJ-RI,0.0,0.0002749999999999,0.0002749999999999,0.0002749999999999,0.0002749999999999,0.0002749999999999,0.0002749999999999,0.0002749999999999,0.0002749999999999,0.0002749999999999,0.0002749999999999,0.0002749999999999,0.0002749999999999,0.0002749999999999,0.0002749999999999,0.0002749999999999,0.0002749999999999,0.0002749999999999,0.0,0.0002749999999999,0.0002749999999999,0.0002749999999999,0.0002749999999999,0.0002749999999999,0.0002749999999999,0.0002749999999999,0.0,0.0,28.0,0.0
BA-BC-BF-BH-BL-BO-BP-BT-BU-BV-BY-CA-CC-CG-CH-DF-DL-DP-EL-ER-FP-PC-PJ-RI,48.0,0.0175327629501457,0.0221436273004252,0.0231492388023503,0.2271759737741523,0.207202978840054,0.3416847274964451,0.3184964967050564,0.0769929301551668,0.0445363773271996,0.007531799221533,0.0048554038610216,0.0375631903361198,0.3719631149358974,0.005189363219033,0.0061426146520393,0.0004504459156302,0.0410955172300926,0.0,0.0011968963378106,0.0364253982749586,0.0108160972605949,0.0018534587416719,0.2113592563492736,0.0814016521418771,0.0761229426079797,1.9334375,45.7869125,51.3102375,17.054850000000002
BA-BC-BF-BH-BL-BO-BP-BT-BU-BV-BY-CA-CC-CG-CH-DF-DL-DP-EL-ER-PC-PJ-RI,0.0,0.0002869565217391,0.0002869565217391,0.0002869565217391,0.0002869565217391,0.0002869565217391,0.0002869565217391,0.0002869565217391,0.0002869565217391,0.0002869565217391,0.0002869565217391,0.0002869565217391,0.0002869565217391,0.0002869565217391,0.0002869565217391,0.0002869565217391,0.0,0.0002869565217391,0.0,0.0002869565217391,0.0002869565217391,0.0002869565217391,0.0002869565217391,0.0002869565217391,0.0002869565217391,0.0002869565217391,0.0,0.0,28.0,0.0
BA-BC-BF-BH-BL-BO-BP-BT-BU-BV-BY-CA-CC-CG-CH-DF-DL-DP-EL-ER-PC-PJ-RI,48.0,0.0289357107525801,0.0293387524491234,0.019491778455698,0.1893884931772919,0.1520634876803319,0.3754846697832454,0.397185448902954,0.127742993060701,0.0552345928870736,0.0112738496297775,0.0038915104438738,0.0245740035052755,0.3061543422353158,0.0048355614112001,0.0122350137152659,0.0,0.0326571526437578,0.0,0.000940628343692,0.029777083010927,0.0118137962716255,0.009358366706067,0.2290193954289106,0.095775319869691,0.0743280496356258,2.4829,45.7869,52.89625,21.5534
BA-BC-BF-BH-BL-BO-BP-BT-BU-BV-BY-CA-CC-CG-CH-DF-DL-DP-EL-FP-PC-PJ-RI,0.0,0.0002869565217391,0.0002869565217391,0.0002869565217391,0.0002869565217391,0.0002869565217391,0.0002869565217391,0.0002869565217391,0.0002869565217391,0.0002869565217391,0.0002869565217391,0.0002869565217391,0.0002869565217391,0.0002869565217391,0.0002869565217391,0.0002869565217391,0.0002869565217391,0.0002869565217391,0.0,0.0002869565217391,0.0002869565217391,0.0,0.0002869565217391,0.0002869565217391,0.0002869565217391,0.0002869565217391,0.0,0.0,28.0,0.0
BA-BC-BF-BH-BL-BO-BP-BT-BU-BV-BY-CA-CC-CG-CH-DF-DL-DP-EL-FP-PC-PJ-RI,48.0,0.0289368491022201,0.0295873500515851,0.0225222899786906,0.1910584619593506,0.1742018633710545,0.4108439014674747,0.3639946951273042,0.1198102484457456,0.0572191549929824,0.0110152280299201,0.0023318319972663,0.0262521432377593,0.3475261739912966,0.0059279467769359,0.0086899650256082,0.0,0.0393067977550321,0.0,0.0009573918658841,0.0309735807481774,0.0,0.0079345282995187,0.2298249161139979,0.0953298866260079,0.0731013495779287,2.3009,43.77915,52.78405,22.42515
BA-BC-BF-BH-BL-BO-BP-BT-BU-BV-BY-CA-CG-CH-DF-DL-DP-EL-ER-FP-PC-PJ-RI,0.0,0.0002869565217391,0.0002869565217391,0.0002869565217391,0.0002869565217391,0.0002869565217391,0.0002869565217391,0.0002869565217391,0.0002869565217391,0.0002869565217391,0.0002869565217391,0.0002869565217391,0.0002869565217391,0.0002869565217391,0.0002869565217391,0.0002869565217391,0.0002869565217391,0.0002869565217391,0.0,0.0002869565217391,0.0002869565217391,0.0002869565217391,0.0002869565217391,0.0,0.0002869565217391,0.0002869565217391,0.0,0.0,28.0,0.0
BA-BC-BF-BH-BL-BO-BP-BT-BU-BV-BY-CA-CG-CH-DF-DL-DP-EL-ER-FP-PC-PJ-RI,48.0,0.0250116716507384,0.0284438332876734,0.0136526909434603,0.194342090937474,0.1604437738983984,0.3884289494484668,0.3863593333793019,0.1185566219658253,0.0517215087282182,0.0135399921205092,0.0064812791123133,0.0320048494427896,0.3152545693105227,0.0066416629336263,0.0088235867820761,0.0001123077792849,0.0419040897151351,0.0,0.0005615388964269,0.0355667780331264,0.0077005089892222,0.0063849966803706,0.0,0.1088503376010312,0.0765873880782125,0.03335,47.9344,57.65955,24.6729
BA-BC-BF-BH-BL-BO-BP-BT-BU-BV-BY-CA-CG-CH-DF-DL-DP-EL-FP-PC-PJ-RI,0.0,0.0003,0.0003,0.0003,0.0003,0.0003,0.0003,0.0003,0.0003,0.0003,0.0003,0.0003,0.0003,0.0003,0.0003,0.0003,0.0003,0.0003,0.0,0.0003,0.0003,0.0,0.0003,0.0,0.0003,0.0003,0.0,0.0,28.0,0.0
BA-BC-BF-BH-BL-BO-BP-BT-BU-BV-BY-CA-CG-CH-DF-DL-DP-EL-FP-PC-PJ-RI,48.0,0.0278704889554494,0.0287017187272494,0.0151017552085641,0.1823666229228326,0.1732254736972556,0.3868387070608968,0.3837326781114361,0.1299621774198988,0.0537199681400104,0.014142471254637,0.0047940971054827,0.0317914556675981,0.3723004302857434,0.0060630552593622,0.0091714179929899,0.0006891951246998,0.0403155865707653,0.0,0.0007497326595269,0.041698633268485,0.0,0.0068011449447551,0.0,0.1250144101065228,0.1105715849619176,0.0,41.24915,48.2969,22.5523
BA-BC-BF-BH-BL-BO-BP-BU-BV-BY-CA-CC-CG-DF-DL-DP-EL-ER-FP-PC-PJ-RI,0.0,0.0003,0.0003,0.0003,0.0003,0.0003,0.0,0.0003,0.0003,0.0003,0.0003,0.0003,0.0003,0.0003,0.0003,0.0003,0.0003,0.0,0.0,0.0003,0.0003,0.0003,0.0003,0.0003,0.0003,0.0003,0.0,0.0,28.0,0.0
BA-BC-BF-BH-BL-BO-BP-BU-BV-BY-CA-CC-CG-DF-DL-DP-EL-ER-FP-PC-PJ-RI,48.0,0.0215131923385274,0.0410566005598503,0.021675094414369,0.3083695513658405,0.2324438650434239,0.0,0.5002151957866456,0.1530919366709839,0.0413084645481927,0.015199451880512,0.0074828048206636,0.064116579826898,0.3012455663622077,0.0059628302659562,0.0108734438722155,0.0005036545600426,0.0,0.0,0.0002338422391858,0.0500953500168911,0.0038223534482526,0.0110713160297304,0.3174437569880707,0.1248425940188817,0.0761590880617607,2.19745,40.44365,45.6913,16.5581
BA-BC-BF-BH-BL-BO-BT-BU-BY-DL-DP-FP-PJ,0.0,0.0,0.0005076923076923,0.0,0.0005076923076923,0.0005076923076923,0.0005076923076923,0.0005076923076923,0.0005076923076923,0.0005076923076923,0.0005076923076923,0.0005076923076923,0.0005076923076923,0.0,0.0,0.0,0.0005076923076923,0.0,0.0,0.0005076923076923,0.0,0.0,0.0,0.0,0.0005076923076923,0.0,0.0,0.0,28.0,0.0
BA-BC-BF-BH-BL-BO-BT-BU-BY-DL-DP-FP-PJ,48.0,0.0,0.0475476488384002,0.0,0.1815629519601097,0.1390796145123866,0.3272586974236987,0.2589747081618355,0.0999139177280555,0.0106377286687747,0.0053622700697677,0.0323133499116864,0.147096030659989,0.0,0.0,0.0,0.0024665984817098,0.0,0.0,0.0005523070182365,0.0,0.0,0.0,0.0,0.0070717838054713,0.0,1.68581807,41.26155717,41.410167985,12.731498955
BA-BC-BF-BH-BL-BP-BU-BV-BY-CA-CC-DF-DL-DP-ER-FP-PC-PJ-RI,0.0,0.0003473682105263,0.0003473682105263,0.0003473682105263,0.0003473682105263,0.0,0.0,0.0003473682105263,0.0003473682105263,0.0003473682105263,0.0003473682105263,0.0003473682105263,0.0003473682105263,0.0003473682105263,0.0003473682105263,0.0,0.0003473682105263,0.0,0.0,0.0003473682105263,0.0,0.0003473682105263,0.0003473682105263,0.0003473682105263,0.0003473682105263,0.0003473682105263,0.0,0.0,28.0,0.0
BA-BC-BF-BH-BL-BP-BU-BV-BY-CA-CC-DF-DL-DP-ER-FP-PC-PJ-RI,16.0,0.017562728,0.012169449,0.038997554,0.213241944,0.0,0.0,0.322905278,0.117822397,0.060985537,0.00525499,0.009818533,0.150735226,0.073293275,0.01382892,0.0,0.000691446,0.0,0.0,0.000829735,0.0,0.061676983,0.002074338,0.008159063,0.099706512,0.089887979,0.92889808,50.68101952,46.16085354,12.37388257
BA-BC-BF-BH-BL-BP-BU-BV-BY-CA-CC-DF-DL-DP-ER-FP-PC-PJ-RI,32.0,0.015809461,0.017734091,0.042204388,0.241541074,0.0,0.0,0.331173846,0.120151906,0.048390699,0.004399154,0.012235148,0.05265238,0.092519717,0.0072861,0.0,0.000687368,0.0,0.0,0.001512209,0.0,0.066949632,0.000549894,0.007423573,0.074510679,0.117402435,2.07398192,59.4970138,51.12721907,13.67614613
BA-BC-BF-BH-BL-BP-BU-BV-BY-CA-CC-DF-DL-DP-ER-FP-PC-PJ-RI,48.0,0.019751467209349602,0.03889764329128325,0.02159291300582685,0.2583101165564698,0.0,0.0,0.3893431084459863,0.1056001768180978,0.01826027163887285,0.00318731639749355,0.01800426641455925,0.0944353826813691,0.18377697783272556,0.00206741668422195,0.0,0.0008705531842219499,0.0,0.0,0.00069468338099715,0.0,0.043951668974148456,0.00048773293103446,0.041531468162728506,0.027242031318034148,0.10567397151579366,1.73805999,58.53389737,52.371043549999996,12.9413936
BA-BC-BF-BH-BO-BT-BU-BV-CA-CC-DF-ER-PJ,0.0,0.0,0.00050769215384615,0.00050769215384615,0.00050769215384615,0.00050769215384615,0.00050769215384615,0.00050769215384615,0.0,0.00050769215384615,0.0,0.0,0.00050769215384615,0.0,0.00050769215384615,0.0,0.0,0.0,0.0,0.00050769215384615,0.0,0.00050769215384615,0.0,0.00050769215384615,0.0,0.00050769215384615,0.0,0.0,28.0,0.0
BA-BC-BF-BH-BO-BT-BU-BV-CA-CC-DF-ER-PJ,16.0,0.0,0.010562173,0.039901541,0.173521407,0.160444432,0.221135011,0.289369999,0.0,0.04744595,0.0,0.0,0.127584339,0.0,0.009388598,0.0,0.0,0.0,0.0,0.001173575,0.0,0.290040613,0.0,0.00570022,0.0,0.094388939,5.05911544,46.6192814,42.27323729,21.10740802
BA-BC-BF-BH-BO-BT-BU-BV-CA-CC-DF-ER-PJ,32.0,0.0,0.010813004,0.041666107,0.125286668,0.105679088,0.194489891,0.230533236,0.0,0.033159878,0.0,0.0,0.063147941,0.0,0.007352842,0.0,0.0,0.0,0.0,0.000720867,0.0,0.309828596,0.0,0.014417338,0.0,0.151237877,6.53377384,39.69249348,36.8475515,20.60186987
BA-BC-BF-BH-BO-BT-BU-BV-CA-CC-DF-ER-PJ,48.0,0.0,0.03336760685338575,0.0263453987510039,0.16464712896213574,0.12006653682642421,0.2568258531357999,0.31423643739521434,0.0,0.0228576261943065,0.0,0.0,0.0719266916469706,0.0,0.00331477623001605,0.0,0.0,0.0,0.0,0.0015902473503703498,0.0,0.1473858467648619,0.0,0.0309094595571758,0.0,0.11793847056760175,4.2858308625,39.430530507499995,39.8997846125,20.1374843775
BA-BC-BF-BH-BO-BU-BV-BY-CA-CH-DP-ER-PC-PJ-RI,0.0,0.00044,0.00044,0.00044,0.00044,0.00044,0.0,0.00044,0.00044,0.00044,0.00044,0.0,0.00044,0.0,0.00044,0.0,0.0,0.00044,0.0,0.00044,0.0,0.00044,0.00044,0.0,0.0,0.0,0.0,0.0,28.0,0.0
BA-BC-BF-BH-BO-BU-BV-BY-CA-CH-DP-ER-PC-PJ-RI,48.0,0.0883388136446204,0.0448668428998858,0.0238591883720971,0.1595138304965202,0.1733122868257632,0.0,0.4082945661577117,0.0800653054739745,0.0197692079515252,0.0038150474149093,0.0,0.1290936635019992,0.0,0.0057206460109211,0.0,0.0,0.1754026699470473,0.0,0.0011119200329139,0.0,0.0448736405981092,0.0002703127381994,0.0,0.0,0.0,0.882825815,39.59065184,37.965165325,15.4429314
BA-BC-BF-BH-BP-BT-BU-BV-BY-CA-CC-CG-DF-DL-ER-FP-PC-RI,0.0,0.0003666666666666,0.0,0.0003666666666666,0.0003666666666666,0.0,0.0003666666666666,0.0003666666666666,0.0003666666666666,0.0003666666666666,0.0,0.0,0.0003666666666666,0.0003666666666666,0.0003666666666666,0.0,0.0003666666666666,0.0,0.0,0.0003666666666666,0.0003666666666666,0.0003666666666666,0.0003666666666666,0.0003666666666666,0.0003666666666666,0.0003666666666666,0.0,0.0,28.0,0.0
BA-BC-BF-BH-BP-BT-BU-BV-BY-CA-CC-CG-DF-DL-ER-FP-PC-RI,48.0,0.0228568468577246,0.0,0.0238626018030612,0.2949935669665054,0.0,0.4901874142956938,0.4616378987675824,0.1661010635239601,0.0358783972683863,0.0,0.0,0.2248789035885855,0.2157701888441378,0.0005783251114701,0.0,0.0018809701943064,0.0,0.0,0.0023151852219177,0.0416669257559947,0.0217032122764498,0.0098364273126862,0.1333459686994214,0.1646060580906304,0.0880977772938573,1.59855,45.9443,54.62835,17.9326
BA-BC-BF-BH-BP-BT-BU-BV-CA-CC-CG-DF-DL-DP-ER-FP-PC-PJ-RI,0.0,0.0003473684210526,0.0003473684210526,0.0003473684210526,0.0003473684210526,0.0,0.0003473684210526,0.0003473684210526,0.0,0.0003473684210526,0.0003473684210526,0.0,0.0003473684210526,0.0003473684210526,0.0003473684210526,0.0,0.0003473684210526,0.0,0.0,0.0003473684210526,0.0003473684210526,0.0003473684210526,0.0003473684210526,0.0003473684210526,0.0003473684210526,0.0003473684210526,0.0,0.0,28.0,0.0
BA-BC-BF-BH-BP-BT-BU-BV-CA-CC-CG-DF-DL-DP-ER-FP-PC-PJ-RI,48.0,0.0203906493365525,0.042583288165884,0.0145249451955358,0.2434539573883342,0.0,0.4268958951014228,0.4649690674648802,0.0,0.0496095307148195,0.0135876073647106,0.0,0.1534286505477139,0.1813709919737546,0.0007377559031811,0.0,0.00090099474639,0.0,0.0,0.0012395867942833,0.040430592263733,0.0085565740187049,0.0053575110324212,0.2479946641312086,0.0919320550721602,0.0911712905930351,1.439,45.1595,50.14875,15.2075
BA-BC-BF-BH-BP-BT-BU-BV-CA-CC-DL-DP-EL-ER-FP-PC-PJ-RI,0.0,0.0003666666666666,0.0003666666666666,0.0003666666666666,0.0003666666666666,0.0,0.0003666666666666,0.0003666666666666,0.0,0.0003666666666666,0.0003666666666666,0.0,0.0003666666666666,0.0003666666666666,0.0003666666666666,0.0003666666666666,0.0003666666666666,0.0,0.0,0.0003666666666666,0.0,0.0003666666666666,0.0003666666666666,0.0003666666666666,0.0003666666666666,0.0,0.0,0.0,28.0,0.0
BA-BC-BF-BH-BP-BT-BU-BV-CA-CC-DL-DP-EL-ER-FP-PC-PJ-RI,48.0,0.0179577304243698,0.0407719449758845,0.0270202704416046,0.2456421885316399,0.0,0.5171631864326148,0.4815093037372459,0.0,0.055451534317104,0.0167725212066919,0.0,0.0623226301829619,0.3194005323155151,0.004294778734925,0.011948467189581,0.0008110455947014,0.0,0.0,0.0007587299640286,0.0,0.0122623609736255,0.0126346893637897,0.2861972234150747,0.1133603746815879,0.0,2.45165,45.35655,52.15095,18.4662
BA-BC-BF-BH-BP-BT-BU-BV-CC-CG-DL-ER-FP-PC-RI,0.0,0.00044,0.0,0.00044,0.00044,0.0,0.00044,0.00044,0.0,0.00044,0.0,0.0,0.00044,0.00044,0.0,0.0,0.00044,0.0,0.0,0.00044,0.00044,0.00044,0.00044,0.00044,0.00044,0.0,0.0,0.0,28.0,0.0
BA-BC-BF-BH-BP-BT-BU-BV-CC-CG-DL-ER-FP-PC-RI,48.0,0.0240961350192647,0.0,0.0285361893040328,0.3008237386155082,0.0,0.4766055822241298,0.4755355725522436,0.0,0.0431833064493906,0.0,0.0,0.1557821743414481,0.2478501510087708,0.0,0.0,0.0015112783552213,0.0,0.0,0.0016905404250115,0.0464501081647604,0.0372948818715366,0.009607531213699,0.1954038141267399,0.1856128710972508,0.0,2.02405,42.90405,47.719,14.8196
BA-BC-BF-BH-BP-BT-BV-BY-CA-CC-DF-DL-DP-ER-FP-RI,0.0,0.0,0.0,0.0004125,0.0004125,0.0,0.0004125,0.0004125,0.0004125,0.0,0.0004125,0.0,0.0004125,0.0004125,0.0004125,0.0,0.0004125,0.0,0.0,0.0004125,0.0,0.0004125,0.0004125,0.0004125,0.0004125,0.0004125,0.0,0.0,28.0,0.0
BA-BC-BF-BH-BP-BT-BV-BY-CA-CC-DF-DL-DP-ER-FP-RI,48.0,0.0,0.0,0.0138750466797562,0.2208865720851719,0.0,0.4609377964995923,0.4260222332872564,0.1547246945128,0.0,0.0208256465611689,0.0,0.1996078621847275,0.182186291457703,0.0002277433877318,0.0,0.0006715614317855,0.0,0.0,0.0020657857765829,0.0,0.0091624479258481,0.0065667364297521,0.1921249131476115,0.0705739049298348,0.0640260794073217,0.9949,45.35850000000001,51.1926,14.73995
BA-BC-BF-BH-BP-BT-BV-CA-CC-DL-DP-ER-FP-PJ-RI,0.0,0.0,0.00044,0.00044,0.00044,0.0,0.00044,0.00044,0.0,0.0,0.00044,0.0,0.00044,0.00044,0.00044,0.0,0.00044,0.0,0.0,0.00044,0.0,0.00044,0.00044,0.00044,0.00044,0.0,0.0,0.0,28.0,0.0
BA-BC-BF-BH-BP-BT-BV-CA-CC-DL-DP-ER-FP-PJ-RI,48.0,0.0,0.0531538375247203,0.016596272841675,0.2654990391418315,0.0,0.4797198786730807,0.4401948169838839,0.0,0.0,0.0201874612177203,0.0,0.2487182374939834,0.2033808782337893,0.0003018064206056,0.0,0.0007603057565943,0.0,0.0,0.0017803498524101,0.0,0.010930258043517,0.0078396370848488,0.2192342710671143,0.0949957239818021,0.0,1.0099,44.85175,51.77695,14.7871
BA-BC-BF-BH-BT-BU-BV-CC-CG-DF-DL-DP-EL-ER-FP-RI,0.0,0.0,0.0,0.0004125,0.0004125,0.0,0.0004125,0.0004125,0.0,0.0004125,0.0004125,0.0,0.0004125,0.0,0.0,0.0004125,0.0004125,0.0,0.0,0.0004125,0.0004125,0.0004125,0.0004125,0.0004125,0.0004125,0.0004125,0.0,0.0,28.0,0.0
BA-BC-BF-BH-BT-BU-BV-CC-CG-DF-DL-DP-EL-ER-FP-RI,48.0,0.0,0.0,0.0200493679557781,0.2737682370985005,0.0,0.521019978076183,0.4919605257478003,0.0,0.0339893727700815,0.011265145008033,0.0,0.0887697635516173,0.0,0.0,0.0108133493505324,0.0003718408447484,0.0,0.0,0.0015273407853684,0.0460941889275841,0.0116869758126968,0.0021950581219722,0.326471615958939,0.1191747359145302,0.0763731341699029,3.1281,38.8044,50.28605,23.47785
BA-BC-BF-BH-BT-BV-BY-CA-CC-DL-DP-ER-FP-PJ-RI,0.0,0.0,0.00044,0.00044,0.00044,0.0,0.00044,0.00044,0.00044,0.0,0.00044,0.0,0.00044,0.0,0.00044,0.0,0.00044,0.0,0.0,0.00044,0.0,0.00044,0.00044,0.00044,0.00044,0.0,0.0,0.0,28.0,0.0
BA-BC-BF-BH-BT-BV-BY-CA-CC-DL-DP-ER-FP-PJ-RI,48.0,0.0,0.0482961738831198,0.0239007698443522,0.2079233470328328,0.0,0.397120205697989,0.3965478495123462,0.1295803852058137,0.0,0.0116177575501122,0.0,0.3308355980526258,0.0,0.0009954210512301,0.0,0.0025722221929581,0.0,0.0,0.0012863161852248,0.0,0.014315586634768,0.0016602656178644,0.2211555361878068,0.1013219308364356,0.0,1.3521999999999998,34.9049,42.46175,17.43505
BA-BC-BF-BH-BT-BV-BY-CC-CG-DF-DL-DP-EL-ER-FP-PC-RI,0.0,0.0003882352941176,0.0,0.0003882352941176,0.0003882352941176,0.0,0.0003882352941176,0.0003882352941176,0.0003882352941176,0.0,0.0003882352941176,0.0,0.0003882352941176,0.0,0.0,0.0003882352941176,0.0003882352941176,0.0,0.0,0.0003882352941176,0.0003882352941176,0.0003882352941176,0.0003882352941176,0.0003882352941176,0.0003882352941176,0.0003882352941176,0.0,0.0,28.0,0.0
BA-BC-BF-BH-BT-BV-BY-CC-CG-DF-DL-DP-EL-ER-FP-PC-RI,48.0,0.0251093060608366,0.0,0.028874013400846,0.2725505386231263,0.0,0.471785763179791,0.4706009691912246,0.1617261182093913,0.0,0.019544254012365,0.0,0.0861975213873658,0.0,0.0,0.0095333351726476,0.0010130555534326,0.0,0.0,0.00166334076701,0.0480159392122764,0.0099491703644004,0.0012475055752573,0.3315151967624177,0.1197653585921004,0.0693605379331025,2.9251,38.47545,49.2476,23.80315
BA-BC-BF-BH-BT-BV-CA-CC-DF-DL-DP-EL-ER-FP-PJ-RI,0.0,0.0,0.0004125,0.0004125,0.0004125,0.0,0.0004125,0.0004125,0.0,0.0,0.0004125,0.0,0.0004125,0.0,0.0004125,0.0004125,0.0004125,0.0,0.0,0.0004125,0.0,0.0004125,0.0004125,0.0004125,0.0004125,0.0004125,0.0,0.0,28.0,0.0
BA-BC-BF-BH-BT-BV-CA-CC-DF-DL-DP-EL-ER-FP-PJ-RI,48.0,0.0,0.0399754987359257,0.0186063842577667,0.2324365094291397,0.0,0.5897949742494412,0.5189632957227951,0.0,0.0,0.0155743428542812,0.0,0.0525033120238085,0.0,0.0047927730385602,0.0116966850038559,0.0004749337037501,0.0,0.0,0.0013031711922381,0.0,0.0080796602523717,0.0031681537878743,0.255948601467716,0.1146124512738002,0.0404996557293449,3.1206,36.3303,49.00255,23.36785
BA-BC-BF-BH-BU-BV-CH-EL-ER-PC-PJ,0.0,0.0006,0.0006,0.0006,0.0006,0.0,0.0,0.0006,0.0,0.0006,0.0,0.0,0.0006,0.0,0.0,0.0006,0.0,0.0006,0.0,0.0006,0.0,0.0006,0.0,0.0,0.0,0.0,0.0,0.0,28.0,0.0
BA-BC-BF-BH-BU-BV-CH-EL-ER-PC-PJ,48.0,0.2183626758559059,0.0582353777965086,0.0398133794400926,0.1998988054487661,0.0,0.0,0.3873059502452771,0.0,0.0539688470900625,0.0,0.0,0.1145231575838535,0.0,0.0,0.0079253405302249,0.0,0.2558696356231619,0.0,0.0010171280462879,0.0,0.3871768487134158,0.0,0.0,0.0,0.0,6.84528526,48.58668066,38.84340865,20.695847715
BA-BC-BF-BL-BP-BT-BU-CA-CH-PJ-RI,0.0,0.0,0.0006,0.0,0.0006,0.0,0.0006,0.0006,0.0,0.0006,0.0,0.0006,0.0006,0.0006,0.0006,0.0,0.0,0.0006,0.0,0.0,0.0,0.0,0.0006,0.0,0.0,0.0,0.0,0.0,28.0,0.0
BA-BC-BF-BL-BP-BT-BU-CA-CH-PJ-RI,48.0,0.0,0.0699246681737765,0.0,0.2570343287312865,0.0,0.2855335645608187,0.346711569684053,0.0,0.0666901797759822,0.0,0.0370118009164304,0.1981761673831895,0.2935596979335876,0.0069110988850575,0.0,0.0,0.1248071973678343,0.0,0.0,0.0,0.0,0.0005246702088248,0.0,0.0,0.0,0.5281086,63.025913810000006,56.863105425,8.11166306
BA-BC-BF-BL-BY-CC-CG-CH-EL-ER-PJ-RI,0.0,0.0,0.0005499999999999,0.0,0.0005499999999999,0.0,0.0,0.0005499999999999,0.0005499999999999,0.0,0.0,0.0005499999999999,0.0005499999999999,0.0,0.0,0.0005499999999999,0.0,0.0005499999999999,0.0,0.0,0.0005499999999999,0.0005499999999999,0.0005499999999999,0.0005499999999999,0.0,0.0,0.0,0.0,28.0,0.0
BA-BC-BF-BL-BY-CC-CG-CH-EL-ER-PJ-RI,48.0,0.0,0.061714665665871,0.0,0.279316639825856,0.0,0.0,0.4630926100839534,0.1151664796135784,0.0,0.0,0.006603477256917,0.0816403862846245,0.0,0.0,0.0088338835324558,0.0,0.080583448597492,0.0,0.0,0.1027639723446008,0.3377064778245756,0.0001930939915232,0.0621000558082732,0.0,0.0,8.047771745,48.815932955,43.166674095000005,15.788609665
BA-BC-BF-BO-BP-CH-DL-DP-EL-PC-PJ,0.0,0.0006,0.0006,0.0,0.0006,0.0006,0.0,0.0006,0.0,0.0,0.0006,0.0,0.0006,0.0006,0.0,0.0006,0.0,0.0006,0.0,0.0,0.0,0.0,0.0,0.0,0.0006,0.0,0.0,0.0,28.0,0.0
BA-BC-BF-BO-BP-CH-DL-DP-EL-PC-PJ,48.0,0.0787040105067964,0.0907033995117977,0.0,0.3390866948168932,0.2050465163007785,0.0,0.3889584305964665,0.0,0.0,0.0071173060715127,0.0,0.2350707078629447,0.3694004210310302,0.0,0.0185865912639385,0.0,0.1430353236146086,0.0,0.0,0.0,0.0,0.0,0.0,0.0451759938773717,0.0,1.56094746,67.37196834,55.53329552,9.085916285
BA-BC-BF-BO-BT-BV-BY-CA-CH-DL-EL-ER-RI,0.0,0.0,0.0,0.0005076923076923,0.0005076923076923,0.0005076923076923,0.0005076923076923,0.0005076923076923,0.0005076923076923,0.0,0.0,0.0,0.0005076923076923,0.0,0.0005076923076923,0.0005076923076923,0.0,0.0005076923076923,0.0,0.0,0.0,0.0005076923076923,0.0005076923076923,0.0,0.0005076923076923,0.0,0.0,0.0,28.0,0.0
BA-BC-BF-BO-BT-BV-BY-CA-CH-DL-EL-ER-RI,48.0,0.0,0.0,0.0197517847174879,0.145654562906272,0.1076612132935581,0.1911478719041421,0.2097693377396488,0.0787389114457876,0.0,0.0,0.0,0.2020123710283111,0.0,0.0072533403005239,0.0063877894705061,0.0,0.1013539326145203,0.0,0.0,0.0,0.3245451617503989,0.000630811253547,0.0,0.0490087925959392,0.0,5.60119237,43.654568755,41.06862337,20.524420575
BA-BC-BF-BP-BT-BU-BV-CA-CC-CG-CH-DF-DL-EL-ER-FP-PC-RI,0.0,0.0003666666666666,0.0,0.0003666666666666,0.0003666666666666,0.0,0.0003666666666666,0.0003666666666666,0.0,0.0003666666666666,0.0,0.0,0.0003666666666666,0.0003666666666666,0.0003666666666666,0.0003666666666666,0.0003666666666666,0.0003666666666666,0.0,0.0,0.0003666666666666,0.0003666666666666,0.0003666666666666,0.0003666666666666,0.0003666666666666,0.0003666666666666,0.0,0.0,28.0,0.0
BA-BC-BF-BP-BT-BU-BV-CA-CC-CG-CH-DF-DL-EL-ER-FP-PC-RI,48.0,0.0316378616521458,0.0,0.0446019070265018,0.3084625350863689,0.0,0.5098117935751275,0.5769030116072609,0.0,0.0817409753072095,0.0,0.0,0.0320307231381836,0.2148980102107251,0.0074243996934492,0.0157816542301253,0.0010573437631528,0.063015248788746,0.0,0.0,0.0430541552340403,0.0694647559615013,0.0145863503587139,0.2078253576380157,0.1933654707118718,0.1318040257974425,2.81985,39.0701,47.59615,21.07475
BA-BC-BF-BP-BT-BU-BV-CC-DF-DL-DP-EL-ER-FP-PC-RI,0.0,0.0004125,0.0,0.0004125,0.0004125,0.0,0.0004125,0.0004125,0.0,0.0004125,0.0004125,0.0,0.0004125,0.0004125,0.0,0.0004125,0.0004125,0.0,0.0,0.0,0.0,0.0004125,0.0004125,0.0004125,0.0004125,0.0004125,0.0,0.0,28.0,0.0
BA-BC-BF-BP-BT-BU-BV-CC-DF-DL-DP-EL-ER-FP-PC-RI,48.0,0.0254778259476276,0.0,0.0331371021423923,0.3061237368175187,0.0,0.5124946434957853,0.4431420539353579,0.0,0.0385834718765828,0.0147820885568039,0.0,0.046858853956451,0.3489068507667628,0.0,0.0103876981470999,0.0003143347050759,0.0,0.0,0.0,0.0,0.0107397508249713,0.0151970136552235,0.2816203648942192,0.1208992202906963,0.0630763970270583,2.4729,46.0872,55.45595,20.7998
BA-BC-BF-BP-BT-BU-BV-CG-DF-DP-ER-FP,0.0,0.0,0.0,0.0005499999999999,0.0005499999999999,0.0,0.0005499999999999,0.0005499999999999,0.0,0.0005499999999999,0.0005499999999999,0.0,0.0005499999999999,0.0005499999999999,0.0,0.0,0.0005499999999999,0.0,0.0,0.0,0.0005499999999999,0.0005499999999999,0.0,0.0,0.0,0.0005499999999999,0.0,0.0,28.0,0.0
BA-BC-BF-BP-BT-BU-BV-CG-DF-DP-ER-FP,48.0,0.0,0.0,0.0190296960711638,0.2763821889230116,0.0,0.2477688795933494,0.3158070666101873,0.0,0.0145333347453139,0.0054021433866355,0.0,0.1180943778460234,0.3495167595043946,0.0,0.0,0.0019497288997139,0.0,0.0,0.0,0.1323589950227681,0.0119797511384093,0.0,0.0,0.0,0.1051785025945143,0.94357738,59.098547115,54.161288265,10.96444859
BA-BC-BF-BP-BT-BU-BY-CC-CG-CH-DF-DL-EL-ER-FP-PC-RI,0.0,0.0003882352941176,0.0,0.0,0.0003882352941176,0.0,0.0003882352941176,0.0003882352941176,0.0003882352941176,0.0003882352941176,0.0,0.0,0.0003882352941176,0.0003882352941176,0.0,0.0003882352941176,0.0003882352941176,0.0003882352941176,0.0,0.0,0.0003882352941176,0.0003882352941176,0.0003882352941176,0.0003882352941176,0.0003882352941176,0.0003882352941176,0.0,0.0,28.0,0.0
BA-BC-BF-BP-BT-BU-BY-CC-CG-CH-DF-DL-EL-ER-FP-PC-RI,48.0,0.0307550776157565,0.0,0.0,0.2710243516054199,0.0,0.4972069504317074,0.4971831791222569,0.1634718148800681,0.0857160599226129,0.0,0.0,0.0497681761858949,0.2695453152528392,0.0,0.0210249003511141,0.001658670598477,0.0448832829361961,0.0,0.0,0.0371662712990374,0.0712112306481238,0.016469088436564,0.1867759850349665,0.1741687496095264,0.1206325666512567,3.75535,44.02605,51.709,20.08855
BA-BC-BF-BP-BT-BU-CA-CC-CG-DF-DL-EL-ER-FP-PC-RI,0.0,0.0004125,0.0,0.0,0.0004125,0.0,0.0004125,0.0004125,0.0,0.0004125,0.0,0.0,0.0004125,0.0004125,0.0004125,0.0004125,0.0004125,0.0,0.0,0.0,0.0004125,0.0004125,0.0004125,0.0004125,0.0004125,0.0004125,0.0,0.0,28.0,0.0
BA-BC-BF-BP-BT-BU-CA-CC-CG-DF-DL-EL-ER-FP-PC-RI,48.0,0.0194092797959774,0.0,0.0,0.3752836874560505,0.0,0.6234076301948265,0.5907045160351159,0.0,0.0463953640714139,0.0,0.0,0.0337388776532952,0.2478920020268621,0.0071068680853636,0.0152262838592471,0.0007617900496051,0.0,0.0,0.0,0.0565904883717969,0.0540269632396693,0.0179404943855619,0.1925819798172964,0.1881387091087853,0.0958125817665193,3.70375,44.17485,56.01115,19.0283
BA-BC-BF-BP-BT-BV-CA-CC-CH-DF-DL-ER-FP-RI,0.0,0.0,0.0,0.0004714285714285,0.0004714285714285,0.0,0.0004714285714285,0.0004714285714285,0.0,0.0,0.0,0.0,0.0004714285714285,0.0004714285714285,0.0004714285714285,0.0,0.0004714285714285,0.0004714285714285,0.0,0.0,0.0,0.0004714285714285,0.0004714285714285,0.0004714285714285,0.0004714285714285,0.0004714285714285,0.0,0.0,28.0,0.0
BA-BC-BF-BP-BT-BV-CA-CC-CH-DF-DL-ER-FP-RI,48.0,0.0,0.0,0.0363908094479264,0.2740270000454755,0.0,0.4499822540674888,0.4815097465741322,0.0,0.0,0.0,0.0,0.1429033633342095,0.243372509282521,0.0009961648947979,0.0,0.0009519172483331,0.0853981266317478,0.0,0.0,0.0,0.0275990317595291,0.0084204625875853,0.1345716689144785,0.139913043002334,0.0962922603765717,2.194,47.1747,54.04345,17.1862
BA-BC-BF-BT-BU-BV-BY-CC-CH-DF-DL-DP-ER-FP-PJ-RI,0.0,0.0,0.0004125,0.0004125,0.0004125,0.0,0.0004125,0.0004125,0.0004125,0.0004125,0.0004125,0.0,0.0004125,0.0,0.0,0.0,0.0004125,0.0004125,0.0,0.0,0.0,0.0004125,0.0004125,0.0004125,0.0004125,0.0004125,0.0,0.0,28.0,0.0
BA-BC-BF-BT-BU-BV-BY-CC-CH-DF-DL-DP-ER-FP-PJ-RI,48.0,0.0,0.0303945442110019,0.0177300888222086,0.1557284701129868,0.0,0.3212709097911269,0.3589415357668304,0.1229198484441584,0.0685401272222269,0.0130568721958987,0.0,0.3433054634900119,0.0,0.0,0.0,0.0013511544896439,0.0240724586840934,0.0,0.0,0.0,0.0037848570044525,0.0005602187084379,0.1929789320573618,0.0923798488333058,0.075155844993338,1.32445,35.45375,40.7196,15.12665
BA-BC-BF-BT-BU-BV-CA-CC-CH-DL-DP-EL-ER-FP-RI,0.0,0.0,0.0,0.00044,0.00044,0.0,0.00044,0.00044,0.0,0.00044,0.00044,0.0,0.00044,0.0,0.00044,0.00044,0.00044,0.00044,0.0,0.0,0.0,0.00044,0.00044,0.00044,0.00044,0.0,0.0,0.0,28.0,0.0
BA-BC-BF-BT-BU-BV-CA-CC-CH-DL-DP-EL-ER-FP-RI,48.0,0.0,0.0,0.019331514434833,0.2048917175877606,0.0,0.4756239285178952,0.4629151458872802,0.0,0.0868032613610238,0.0188487893127114,0.0,0.0778119644590099,0.0,0.0060360987337259,0.0163955785675565,0.0010429105310249,0.0517827900809518,0.0,0.0,0.0,0.0113031356292939,0.0021850757976114,0.2588559907860345,0.1815767035418191,0.0,2.2113,35.84055,43.1437,21.213
BA-BC-BF-BT-BU-BV-CA-CC-DF-DL-ER-FP-PC-RI,0.0,0.0004714285714285,0.0,0.0004714285714285,0.0004714285714285,0.0,0.0004714285714285,0.0004714285714285,0.0,0.0004714285714285,0.0,0.0,0.0004714285714285,0.0,0.0004714285714285,0.0,0.0004714285714285,0.0,0.0,0.0,0.0,0.0004714285714285,0.0004714285714285,0.0004714285714285,0.0004714285714285,0.0004714285714285,0.0,0.0,28.0,0.0
BA-BC-BF-BT-BU-BV-CA-CC-DF-DL-ER-FP-PC-RI,48.0,0.0209042203285203,0.0,0.02800390825284,0.2390456931429324,0.0,0.457956211942728,0.4590990473065282,0.0,0.0329681116946321,0.0,0.0,0.2634503996789001,0.0,0.0015361762744685,0.0,0.0010210185689619,0.0,0.0,0.0,0.0,0.0311760656824427,0.0090140296554213,0.1390821942737132,0.1837149778118021,0.1056737785340723,1.659,37.1571,43.90265,17.15045
BA-BC-BF-BT-BU-BV-CC-DF-DL-EL-ER-FP-RI,0.0,0.0,0.0,0.0005076923076923,0.0005076923076923,0.0,0.0005076923076923,0.0005076923076923,0.0,0.0005076923076923,0.0,0.0,0.0005076923076923,0.0,0.0,0.0005076923076923,0.0005076923076923,0.0,0.0,0.0,0.0,0.0005076923076923,0.0005076923076923,0.0005076923076923,0.0005076923076923,0.0005076923076923,0.0,0.0,28.0,0.0
BA-BC-BF-BT-BU-BV-CC-DF-DL-EL-ER-FP-RI,48.0,0.0,0.0,0.0272457853128184,0.2638254080810064,0.0,0.5833540252481898,0.5248538120790482,0.0,0.0492691105273379,0.0,0.0,0.0763808079972324,0.0,0.0,0.0166960236772876,0.0016805113129039,0.0,0.0,0.0,0.0,0.0793065072753311,0.0136367262419827,0.1621001737673253,0.1961675082107475,0.0755532963792283,3.3447,34.561350000000004,46.07885,24.7117
BA-BC-BF-BT-BU-CC-CG-DL-EL-ER-FP-PC-RI,0.0,0.0005076923076923,0.0,0.0,0.0005076923076923,0.0,0.0005076923076923,0.0005076923076923,0.0,0.0005076923076923,0.0,0.0,0.0005076923076923,0.0,0.0,0.0005076923076923,0.0005076923076923,0.0,0.0,0.0,0.0005076923076923,0.0005076923076923,0.0005076923076923,0.0005076923076923,0.0005076923076923,0.0,0.0,0.0,28.0,0.0
BA-BC-BF-BT-BU-CC-CG-DL-EL-ER-FP-PC-RI,48.0,0.0368041005927256,0.0,0.0,0.3241418370882977,0.0,0.6133434020450588,0.5821953700399289,0.0,0.0562642123624212,0.0,0.0,0.0631113120914025,0.0,0.0,0.0162321771040218,0.0016295047945635,0.0,0.0,0.0,0.0483204778788067,0.0558097506258278,0.0157620877813638,0.2687552029025984,0.2113314849439347,0.0,5.1561,39.8368,51.94155,23.1343
BA-BC-BF-BT-CC-CG-CH-DF-DL-ER-FP-PC-RI,0.0,0.0005076923076923,0.0,0.0,0.0005076923076923,0.0,0.0005076923076923,0.0005076923076923,0.0,0.0,0.0,0.0,0.0005076923076923,0.0,0.0,0.0,0.0005076923076923,0.0005076923076923,0.0,0.0,0.0005076923076923,0.0005076923076923,0.0005076923076923,0.0005076923076923,0.0005076923076923,0.0005076923076923,0.0,0.0,28.0,0.0
BA-BC-BF-BT-CC-CG-CH-DF-DL-ER-FP-PC-RI,48.0,0.0342553779079533,0.0,0.0,0.2774294572315192,0.0,0.4485631257753462,0.5369597627868543,0.0,0.0,0.0,0.0,0.1550647831155921,0.0,0.0,0.0,0.0004080973288636,0.0855195720847104,0.0,0.0,0.0463884502780734,0.0395864813227031,0.0036300278644112,0.1686241860965152,0.1349493383218009,0.1101965414112003,2.88575,40.3484,47.6096,15.68955
BA-BC-BH-BL-BO-BU-BV-CA-CC-CG-CH-FP-PC-PJ,0.0,0.00047142878571425,0.00047142878571425,0.00047142878571425,0.0,0.00047142878571425,0.0,0.00047142878571425,0.0,0.00047142878571425,0.0,0.00047142878571425,0.00047142878571425,0.0,0.00047142878571425,0.0,0.00047142878571425,0.00047142878571425,0.0,0.00047142878571425,0.00047142878571425,0.0,0.0,0.00047142878571425,0.0,0.0,0.0,0.0,28.0,0.0
BA-BC-BH-BL-BO-BU-BV-CA-CC-CG-CH-FP-PC-PJ,16.0,0.136739506,0.017487113,0.027930805,0.0,0.252713067,0.0,0.511255171,0.0,0.079420637,0.0,0.034974225,0.230611299,0.0,0.008257803,0.0,0.000485753,0.05586161,0.0,0.001700136,0.028052243,0.0,0.0,0.01275102,0.0,0.0,0.92661464,52.14866164,39.40872032,19.5083776
BA-BC-BH-BL-BO-BU-BV-CA-CC-CG-CH-FP-PC-PJ,32.0,0.239417324,0.026343074,0.069710583,0.0,0.313787226,0.0,0.707678901,0.0,0.099100135,0.0,0.0195333,0.15913367,0.0,0.015053185,0.0,0.000537614,0.067201719,0.0,0.005196933,0.033869666,0.0,0.0,0.014694776,0.0,0.0,1.18714288,52.10517192,35.44178056,21.84234313
BA-BC-BH-BL-BO-BU-BV-CA-CC-CG-CH-FP-PC-PJ,48.0,0.13589402919741486,0.046505746644689455,0.044047122177749504,0.0,0.26221433803979116,0.0,0.5147904560303838,0.0,0.0557866102625348,0.0,0.019217153767119452,0.0775598074480718,0.0,0.00611969739191035,0.0,0.00275747925483625,0.14234705714247553,0.0,0.00240844404968795,0.09179781989758834,0.0,0.0,0.04772766234122725,0.0,0.0,1.3790791425000002,50.9762612375,38.35646138,20.9909609975
BA-BC-BH-BL-BP-BU-CA-CG-DL-PJ-RI,0.0,0.0,0.0006,0.0,0.0,0.0,0.0,0.0006,0.0,0.0006,0.0,0.0006,0.0006,0.0006,0.0006,0.0,0.0,0.0,0.0,0.0006,0.0006,0.0,0.0006,0.0,0.0006,0.0,0.0,0.0,28.0,0.0
BA-BC-BH-BL-BP-BU-CA-CG-DL-PJ-RI,48.0,0.0,0.1227673832649847,0.0,0.0,0.0,0.0,0.6781807135205242,0.0,0.08867640368388,0.0,0.0377497420453433,0.3498080041356421,0.3396955130800277,0.0113733225000783,0.0,0.0,0.0,0.0,0.0033045798695888,0.2214119354588796,0.0,0.0003665299288211,0.0,0.0744041875550116,0.0,0.7469097899999999,66.465962815,59.32959884,3.41875696
BA-BC-BH-BL-BT-BY-CA-CG-CH-DP-ER-FP-PC-RI,0.0,0.00047142878571425,0.0,0.0,0.0,0.0,0.00047142878571425,0.00047142878571425,0.00047142878571425,0.0,0.00047142878571425,0.00047142878571425,0.00047142878571425,0.0,0.00047142878571425,0.0,0.00047142878571425,0.00047142878571425,0.0,0.00047142878571425,0.00047142878571425,0.00047142878571425,0.00047142878571425,0.0,0.0,0.0,0.0,0.0,28.0,0.0
BA-BC-BH-BL-BT-BY-CA-CG-CH-DP-ER-FP-PC-RI,16.0,0.091257463,0.0,0.0,0.0,0.0,0.278388525,0.443740893,0.144520574,0.0,0.002722337,0.034443478,0.125819304,0.0,0.009232273,0.0,0.000710175,0.039769789,0.0,0.000710175,0.030655879,0.115521769,0.002012162,0.0,0.0,0.0,2.27596416,48.74062468,44.43387822,15.03969481
BA-BC-BH-BL-BT-BY-CA-CG-CH-DP-ER-FP-PC-RI,32.0,0.077784347,0.0,0.0,0.0,0.0,0.278028437,0.368535874,0.120001873,0.0,0.004626578,0.01778341,0.08877247,0.0,0.013156832,0.0,0.000144581,0.120869357,0.0,0.001301225,0.026024503,0.167713461,0.001156645,0.0,0.0,0.0,5.6942096,46.20421816,46.09798759,18.09723267
BA-BC-BH-BL-BT-BY-CA-CG-CH-DP-ER-FP-PC-RI,48.0,0.079452937503096,0.0,0.0,0.0,0.0,0.40477527587002127,0.44026253113259084,0.1345759794310868,0.0,0.0029077406109258,0.008612524295274149,0.0446073737020541,0.0,0.0026245835400672,0.0,0.0013147337189008,0.18631515623160672,0.0,0.00101070613279455,0.07660134534569979,0.13368112497790416,0.00098976919155115,0.0,0.0,0.0,4.54570559,44.660585600000005,46.72126937,18.611527275
BA-BC-BH-BO-BP-BT-CA-CC-CG-CH-PC,0.0,0.0006,0.0,0.0,0.0,0.0006,0.0006,0.0006,0.0,0.0,0.0,0.0,0.0006,0.0006,0.0006,0.0,0.0,0.0006,0.0,0.0006,0.0006,0.0,0.0,0.0006,0.0,0.0,0.0,0.0,28.0,0.0
BA-BC-BH-BO-BP-BT-CA-CC-CG-CH-PC,48.0,0.0688501194821677,0.0,0.0,0.0,0.2265864036075586,0.3493538315710214,0.4418936028806951,0.0,0.0,0.0,0.0,0.2204174268674804,0.2965668460824687,0.0102835129562764,0.0,0.0,0.0809756773723427,0.0,0.0022010680551264,0.130384091452211,0.0,0.0,0.0499017173694121,0.0,0.0,1.113464215,60.702608735,54.841460265,11.32684097
BA-BC-BH-BO-BP-BU-CH-DF-DP-EL-FP,0.0,0.0,0.0,0.0,0.0,0.0006,0.0,0.0006,0.0,0.0006,0.0006,0.0,0.0006,0.0006,0.0,0.0006,0.0006,0.0006,0.0,0.0006,0.0,0.0,0.0,0.0,0.0,0.0006,0.0,0.0,28.0,0.0
BA-BC-BH-BO-BP-BU-CH-DF-DP-EL-FP,48.0,0.0,0.0,0.0,0.0,0.3509331949504363,0.0,0.8313079081589427,0.0,0.0927635014403117,0.0093645122002879,0.0,0.3203366048885876,0.3607804575108023,0.0,0.017430366855884,0.0021749154875877,0.1158495691773277,0.0,0.0009938197915783,0.0,0.0,0.0,0.0,0.0,0.0640748286452595,0.39402798,66.005585635,61.635703255,9.219772005
BA-BC-BL-BP-CA-CG-CH-DL-DP-EL-ER-FP-PJ-RI,0.0,0.0,0.0004714285714285,0.0,0.0,0.0,0.0,0.0004714285714285,0.0,0.0,0.0004714285714285,0.0004714285714285,0.0004714285714285,0.0004714285714285,0.0004714285714285,0.0004714285714285,0.0004714285714285,0.0004714285714285,0.0,0.0,0.0004714285714285,0.0004714285714285,0.0004714285714285,0.0,0.0004714285714285,0.0,0.0,0.0,28.0,0.0
BA-BC-BL-BP-CA-CG-CH-DL-DP-EL-ER-FP-PJ-RI,48.0,0.0,0.1107454442169019,0.0,0.0,0.0,0.0,0.9517295766077744,0.0,0.0,0.0054552486777673,0.01389984890756,0.2115174239255494,0.3092905640760671,0.0021609836445878,0.0142006961003837,0.000948856763911,0.0170794217504011,0.0,0.0,0.2696980144045922,0.0126518753286301,0.0003421156088508,0.0,0.0149637728101711,0.0,0.9763252,67.39241255,61.898696435000005,7.64712855
BA-BC-BL-BY-CA-CC-DF-DP-EL-ER-FP,0.0,0.0,0.0,0.0,0.0,0.0,0.0,0.0006,0.0006,0.0,0.0006,0.0006,0.0006,0.0,0.0006,0.0006,0.0006,0.0,0.0,0.0,0.0,0.0006,0.0,0.0006,0.0,0.0006,0.0,0.0,28.0,0.0
BA-BC-BL-BY-CA-CC-DF-DP-EL-ER-FP,48.0,0.0,0.0,0.0,0.0,0.0,0.0,0.7809585575401301,0.2213919518140288,0.0,0.003958867614319,0.0272721782553456,0.2909525123380963,0.0,0.0040911727644947,0.0129363905911975,0.0015931790960462,0.0,0.0,0.0,0.0,0.1392355455100866,0.0,0.0668182114408845,0.0,0.0468343931998939,4.338256465,48.35966633,43.272712335,10.596270125
BA-BC-BP-BU-CA-CC-CG-DF-DP-FP-RI,0.0,0.0,0.0,0.0,0.0,0.0,0.0,0.0006,0.0,0.0006,0.0006,0.0,0.0006,0.0006,0.0006,0.0,0.0006,0.0,0.0,0.0,0.0006,0.0,0.0006,0.0006,0.0,0.0006,0.0,0.0,28.0,0.0
BA-BC-BP-BU-CA-CC-CG-DF-DP-FP-RI,16.0,0.0,0.0,0.0,0.0,0.0,0.0,0.556296655,0.0,0.087174503,0.007375374,0.0,0.342048085,0.114499659,0.019103428,0.0,0.000725447,0.0,0.0,0.0,0.034216899,0.0,0.002780879,0.02115886,0.0,0.173865375,1.200972,56.57878976,50.41196817,8.68255116
BA-BC-BP-BU-CA-CC-CG-DF-DP-FP-RI,32.0,0.0,0.0,0.0,0.0,0.0,0.0,0.611492976,0.0,0.068535121,0.008151022,0.0,0.140230843,0.285951149,0.019129949,0.0,0.00066539,0.0,0.0,0.0,0.049238825,0.0,0.002994253,0.023954023,0.0,0.177991699,1.59898552,61.22271804,53.18028484,8.81368684
BA-BC-BP-BU-CA-CC-CG-DF-DP-FP-RI,48.0,0.0,0.0,0.0,0.0,0.0,0.0,0.8419817259613966,0.0,0.04748318439915035,0.005974244443756049,0.0,0.1484348756820518,0.19360305238029418,0.00540113311102825,0.0,0.0020105759982184997,0.0,0.0,0.0,0.1711367964081529,0.0,0.0004991363547141001,0.0757703086443828,0.0,0.2019884692528002,1.5860487349999999,63.0281501,53.2271882025,8.11486306
BA-BC-BP-BU-CA-CH-DF-DP-EL-ER-PC-PJ-RI,0.0,0.0005076923076923,0.0005076923076923,0.0,0.0,0.0,0.0,0.0005076923076923,0.0,0.0005076923076923,0.0005076923076923,0.0,0.0005076923076923,0.0005076923076923,0.0005076923076923,0.0005076923076923,0.0,0.0005076923076923,0.0,0.0,0.0,0.0005076923076923,0.0005076923076923,0.0,0.0,0.0005076923076923,0.0,0.0,28.0,0.0
BA-BC-BP-BU-CA-CH-DF-DP-EL-ER-PC-PJ-RI,48.0,0.091979590113312,0.1091745186015177,0.0,0.0,0.0,0.0,0.6912771652696834,0.0,0.0734135622501928,0.0061109267817839,0.0,0.3378472559986287,0.3257401931970854,0.0104440488353055,0.025950651008328,0.0,0.1181711187946748,0.0,0.0,0.0,0.0576869594825043,0.0006285389448737,0.0,0.0,0.0601994000423971,1.5629124449999998,67.409876055,62.444734635,4.08578318
BA-BC-BP-BY-CA-CC-DF-DL-DP-EL-ER-PJ,0.0,0.0,0.0005499999999999,0.0,0.0,0.0,0.0,0.0005499999999999,0.0005499999999999,0.0,0.0005499999999999,0.0,0.0005499999999999,0.0005499999999999,0.0005499999999999,0.0005499999999999,0.0,0.0,0.0,0.0,0.0,0.0005499999999999,0.0,0.0005499999999999,0.0005499999999999,0.0005499999999999,0.0,0.0,28.0,0.0
BA-BC-BP-BY-CA-CC-DF-DL-DP-EL-ER-PJ,48.0,0.0,0.1271312451763197,0.0,0.0,0.0,0.0,0.5361896847506695,0.1766943659025687,0.0,0.0122716932304715,0.0,0.5026150612763405,0.4156250290290681,0.0119715162747127,0.019753211955267,0.0,0.0,0.0,0.0,0.0,0.0519401962942923,0.0,0.0659426981562033,0.0512431995250918,0.0745680458418115,1.3770269750000002,66.572716015,63.3482077,5.973224545000001
BA-BC-BP-BY-CC-CG-CH-ER-PC-PJ-RI,0.0,0.0006,0.0006,0.0,0.0,0.0,0.0,0.0006,0.0006,0.0,0.0,0.0,0.0006,0.0006,0.0,0.0,0.0,0.0006,0.0,0.0,0.0006,0.0006,0.0006,0.0006,0.0,0.0,0.0,0.0,28.0,0.0
BA-BC-BP-BY-CC-CG-CH-ER-PC-PJ-RI,48.0,0.0841299184092389,0.0741392155180612,0.0,0.0,0.0,0.0,0.772793217380014,0.1462319519750099,0.0,0.0,0.0,0.1181800334114223,0.3097521532659082,0.0,0.0,0.0,0.0455740085385535,0.0,0.0,0.2062057197634042,0.054254430530271,0.000981793740993,0.0672700916349686,0.0,0.0,2.3790025900000003,60.151726725,53.553436125000005,9.871771495
BA-BF-BH-BL-BO-BY-CC-CG-DF-DP-EL-ER-FP-PC-PJ-RI,0.0,0.0004125,0.0004125,0.0,0.0004125,0.0004125,0.0,0.0,0.0004125,0.0,0.0004125,0.0004125,0.0004125,0.0,0.0,0.0004125,0.0004125,0.0,0.0,0.0004125,0.0004125,0.0004125,0.0004125,0.0004125,0.0,0.0004125,0.0,0.0,28.0,0.0
BA-BF-BH-BL-BO-BY-CC-CG-DF-DP-EL-ER-FP-PC-PJ-RI,48.0,0.0260423834456882,0.0703973172638345,0.0,0.4285227214410576,0.4615480060905489,0.0,0.0,0.2663460038414958,0.0,0.0299035390561257,0.0086484198246324,0.1375233595368333,0.0,0.0,0.0109412357951008,0.0002539276807975,0.0,0.0,0.001053044939622,0.0693217892807478,0.0344294087462374,0.0187009087369405,0.4353714119974619,0.0,0.0788515441539589,3.5496,34.6643,41.17985,17.42205
BA-BF-BH-BL-BP-CA-DF-DP-EL-ER-PJ,0.0,0.0,0.0006,0.0,0.0006,0.0,0.0,0.0,0.0,0.0,0.0006,0.0006,0.0006,0.0006,0.0006,0.0006,0.0,0.0,0.0,0.0006,0.0,0.0006,0.0,0.0,0.0,0.0006,0.0,0.0,28.0,0.0
BA-BF-BH-BL-BP-CA-DF-DP-EL-ER-PJ,16.0,0.0,0.035065356,0.0,0.50686629,0.0,0.0,0.0,0.0,0.0,0.005362937,0.027777263,0.459424925,0.124447638,0.017876456,0.002475202,0.0,0.0,0.0,0.001512623,0.0,0.161438151,0.0,0.0,0.0,0.138061247,3.12915312,55.42600092,55.97307267,7.07977336
BA-BF-BH-BL-BP-CA-DF-DP-EL-ER-PJ,32.0,0.0,0.02803756,0.0,0.460746264,0.0,0.0,0.0,0.0,0.0,0.006331062,0.012403713,0.217711008,0.210863125,0.020156034,0.002454902,0.0,0.0,0.0,0.001162848,0.0,0.162540325,0.0,0.0,0.0,0.184763645,3.638734,61.89092628,59.43125642,7.21676762
BA-BF-BH-BL-BP-CA-DF-DP-EL-ER-PJ,48.0,0.0,0.09979853335648844,0.0,0.6281879731111814,0.0,0.0,0.0,0.0,0.0,0.007101171310042001,0.0166689939355247,0.2914859957992612,0.2710814254537772,0.00627053094374485,0.01086431270779735,0.0,0.0,0.0,0.0018109159371864502,0.0,0.1019497210014725,0.0,0.0,0.0,0.1629399251500555,2.8038739324999997,65.48941207749999,62.85659983,7.63192382
BA-BF-BH-BL-BU-CG-CH-DL-EL-FP-RI,0.0,0.0,0.0,0.0,0.0006,0.0,0.0,0.0,0.0,0.0006,0.0,0.0006,0.0006,0.0,0.0,0.0006,0.0006,0.0006,0.0,0.0006,0.0006,0.0,0.0006,0.0,0.0006,0.0,0.0,0.0,28.0,0.0
BA-BF-BH-BL-BU-CG-CH-DL-EL-FP-RI,16.0,0.0,0.0,0.0,0.492494533,0.0,0.0,0.0,0.0,0.129270581,0.0,0.01867828,0.269410444,0.0,0.0,0.00105527,0.000738689,0.086848725,0.0,0.000844216,0.02395463,0.0,0.001793959,0.0,0.370399788,0.0,0.73895208,61.07631552,46.44864195,8.97862434
BA-BF-BH-BL-BU-CG-CH-DL-EL-FP-RI,32.0,0.0,0.0,0.0,0.405750339,0.0,0.0,0.0,0.0,0.089757823,0.0,0.011245285,0.146188709,0.0,0.0,0.000715609,0.000613379,0.0913935,0.0,0.000613379,0.027499834,0.0,0.001737908,0.0,0.353715337,0.0,0.89013216,61.04556776,51.84108985,10.94157663
BA-BF-BH-BL-BU-CG-CH-DL-EL-FP-RI,48.0,0.0,0.0,0.0,0.5382991660462348,0.0,0.0,0.0,0.0,0.07837697023979745,0.0,0.0442801814449669,0.2818695393502616,0.0,0.0,0.00828154604470325,0.00320085006091435,0.08462317747960355,0.0,0.0014491228322658,0.13787131777792494,0.0,0.0013319113849834501,0.0,0.2622190899545963,0.0,1.449340475,66.2083852125,52.0227362025,8.907918890000001
BA-BF-BH-BL-BV-CA-CC-CH-DF-DL-EL-FP-PC-RI,0.0,0.0004714285714285,0.0,0.0004714285714285,0.0004714285714285,0.0,0.0,0.0,0.0,0.0,0.0,0.0004714285714285,0.0004714285714285,0.0,0.0004714285714285,0.0004714285714285,0.0004714285714285,0.0004714285714285,0.0,0.0004714285714285,0.0,0.0,0.0004714285714285,0.0004714285714285,0.0004714285714285,0.0004714285714285,0.0,0.0,28.0,0.0
BA-BF-BH-BL-BV-CA-CC-CH-DF-DL-EL-FP-PC-RI,48.0,0.4353957680726907,0.0,0.0690250644851892,0.8614744211727494,0.0,0.0,0.0,0.0,0.0,0.0,0.0308392315438205,0.1856808099279287,0.0,0.0022698851211095,0.0166748926575539,0.0017275412442678,0.0093943736311585,0.0,0.0006137655364427,0.0,0.0,0.0002698444355802,0.0456515582695123,0.0221988410397131,0.0524823951241141,1.927595415,60.311983215,42.023002805,21.040598665
BA-BF-BH-BL-CA-CG-DF-DP-EL-FP-PC-RI,0.0,0.0005499999999999,0.0,0.0,0.0005499999999999,0.0,0.0,0.0,0.0,0.0,0.0005499999999999,0.0005499999999999,0.0005499999999999,0.0,0.0005499999999999,0.0005499999999999,0.0005499999999999,0.0,0.0,0.0005499999999999,0.0005499999999999,0.0,0.0005499999999999,0.0,0.0,0.0005499999999999,0.0,0.0,28.0,0.0
BA-BF-BH-BL-CA-CG-DF-DP-EL-FP-PC-RI,48.0,0.6972333436784279,0.0,0.0,0.7408035483121452,0.0,0.0,0.0,0.0,0.0,0.0101004165698542,0.0308519885816708,0.1408541775926355,0.0,0.0651110547017624,0.0028230038393023,0.0026883933016894,0.0,0.0,0.0015564826678172,0.2025820105442514,0.0,0.0007073385999269,0.0,0.0,0.1587058369568824,1.0517516850000002,61.923500765,42.123331785,15.641037185
BA-BF-BH-BO-BT-BY-CC-DF-ER-FP-PJ-RI,0.0,0.0,0.0005499999999999,0.0,0.0005499999999999,0.0005499999999999,0.0005499999999999,0.0,0.0005499999999999,0.0,0.0,0.0,0.0005499999999999,0.0,0.0,0.0,0.0005499999999999,0.0,0.0,0.0005499999999999,0.0,0.0005499999999999,0.0005499999999999,0.0005499999999999,0.0,0.0005499999999999,0.0,0.0,28.0,0.0
BA-BF-BH-BO-BT-BY-CC-DF-ER-FP-PJ-RI,48.0,0.0,0.0297657175907768,0.0,0.2096924499423305,0.2461212370519337,0.464239292667697,0.0,0.1943893048768848,0.0,0.0,0.0,0.3345517393049648,0.0,0.0,0.0,0.0018590125291701,0.0,0.0,0.0019653119813909,0.0,0.0401237747588426,0.0101949243356108,0.157600456131243,0.0,0.1260291681377419,3.544,34.02365,39.834900000000005,16.727449999999997
BA-BF-BH-BO-BU-CA-CC-CG-CH-DL-EL-PJ-RI,0.0,0.0,0.00050769215384615,0.0,0.00050769215384615,0.00050769215384615,0.0,0.0,0.0,0.00050769215384615,0.0,0.0,0.00050769215384615,0.0,0.00050769215384615,0.00050769215384615,0.0,0.00050769215384615,0.0,0.00050769215384615,0.00050769215384615,0.0,0.00050769215384615,0.00050769215384615,0.00050769215384615,0.0,0.0,0.0,28.0,0.0
BA-BF-BH-BO-BU-CA-CC-CG-CH-DL-EL-PJ-RI,16.0,0.0,0.008318328,0.0,0.294468823,0.275544626,0.0,0.0,0.0,0.089837946,0.0,0.0,0.123111259,0.0,0.007174558,0.001039791,0.0,0.14276331,0.0,0.000831833,0.023499278,0.0,0.002079582,0.012061576,0.264106925,0.0,0.77578496,51.67441172,41.59730497,11.4268171
BA-BF-BH-BO-BU-CA-CC-CG-CH-DL-EL-PJ-RI,32.0,0.0,0.015464853,0.0,0.362598249,0.312149797,0.0,0.0,0.0,0.093389694,0.0,0.0,0.128673581,0.0,0.008708364,0.000750721,0.0,0.118313631,0.0,0.001201154,0.033782446,0.0,0.003153028,0.012011536,0.348334549,0.0,1.36226112,56.40909396,49.73110897,14.89064032
BA-BF-BH-BO-BU-CA-CC-CG-CH-DL-EL-PJ-RI,48.0,0.0,0.00785381284473835,0.0,0.4684745213957222,0.37212119850161074,0.0,0.0,0.0,0.05692914741752765,0.0,0.0,0.09541942919583754,0.0,0.00832972867957215,0.0053195420666862,0.0,0.052342945344388644,0.0,0.00158209462300535,0.08975463341449674,0.0,0.0016713768789534,0.059785265171911954,0.16327117538856384,0.0,2.9722839775,57.8482787575,44.62772725,17.65835103
BA-BF-BH-BO-BU-CG-CH-DP-EL-PC-PJ,0.0,0.0006,0.0006,0.0,0.0006,0.0006,0.0,0.0,0.0,0.0006,0.0006,0.0,0.0006,0.0,0.0,0.0006,0.0,0.0006,0.0,0.0006,0.0006,0.0,0.0,0.0,0.0,0.0,0.0,0.0,28.0,0.0
BA-BF-BH-BO-BU-CG-CH-DP-EL-PC-PJ,16.0,0.131269134,0.020797325,0.0,0.28322378,0.234696689,0.0,0.0,0.0,0.154190917,0.012970374,0.0,0.184156954,0.0,0.0,0.004360729,0.0,0.156427188,0.0,0.002124458,0.03287319,0.0,0.0,0.0,0.0,0.0,0.42151304,44.91579088,41.56161848,12.15813301
BA-BF-BH-BO-BU-CG-CH-DP-EL-PC-PJ,32.0,0.145062239,0.024643103,0.0,0.220389739,0.205359193,0.0,0.0,0.0,0.109408387,0.006641404,0.0,0.159568463,0.0,0.0,0.003320702,0.0,0.354616003,0.0,0.001223416,0.03652772,0.0,0.0,0.0,0.0,0.0,1.00029792,52.66086164,40.3873738,14.24384781
BA-BF-BH-BO-BU-CG-CH-DP-EL-PC-PJ,48.0,0.3351409048913664,0.0619213778414498,0.0,0.2927356446764021,0.30133630223494035,0.0,0.0,0.0,0.0776263166285299,0.008680292933223501,0.0,0.11549329831830321,0.0,0.0,0.0044395213481896005,0.0,0.2762027218838429,0.0,0.0017207601325586,0.1279590914089887,0.0,0.0,0.0,0.0,0.0,1.5880535,56.591281602500004,42.69511551,19.4463361
BA-BF-BH-BP-BV-BY-CA-CG-DL-EL-ER-PC-PJ,0.0,0.00050769215384615,0.00050769215384615,0.00050769215384615,0.00050769215384615,0.0,0.0,0.0,0.00050769215384615,0.0,0.0,0.0,0.00050769215384615,0.00050769215384615,0.00050769215384615,0.00050769215384615,0.0,0.0,0.0,0.00050769215384615,0.00050769215384615,0.00050769215384615,0.0,0.0,0.00050769215384615,0.0,0.0,0.0,28.0,0.0
BA-BF-BH-BP-BV-BY-CA-CG-DL-EL-ER-PC-PJ,16.0,0.049531293,0.025983629,0.07145498,0.455931495,0.0,0.0,0.0,0.275670067,0.0,0.0,0.0,0.364176804,0.089115728,0.021923687,0.002435965,0.0,0.0,0.0,0.001217983,0.047907316,0.26775318,0.0,0.0,0.475419217,0.0,3.32879936,57.43033408,47.80884667,13.42747316
BA-BF-BH-BP-BV-BY-CA-CG-DL-EL-ER-PC-PJ,32.0,0.030903044,0.024619853,0.047316279,0.25786731,0.0,0.0,0.0,0.177981017,0.0,0.0,0.0,0.06962802,0.066550539,0.006796105,0.003077482,0.0,0.0,0.0,0.001025827,0.031159501,0.301721422,0.0,0.0,0.110661108,0.0,5.72055968,60.73190436,58.21294065,16.56941755
BA-BF-BH-BP-BV-BY-CA-CG-DL-EL-ER-PC-PJ,48.0,0.04454153340151855,0.058964846343910055,0.02990584875969225,0.3631594587839514,0.0,0.0,0.0,0.2178653647033691,0.0,0.0,0.0,0.17059856087225161,0.18953747131614315,0.00815677760323095,0.0057224613470001,0.0,0.0,0.0,0.0014297347997788,0.14925467439205695,0.18188109316428355,0.0,0.0,0.0464796871812774,0.0,3.585516605,61.9018010825,60.1308589075,14.9139854725
BA-BF-BL-BO-BP-BT-BU-BV-CA-CG-CH-DL-EL-ER-FP,0.0,0.0,0.0,0.00044,0.00044,0.00044,0.00044,0.0,0.0,0.00044,0.0,0.00044,0.00044,0.00044,0.00044,0.00044,0.00044,0.00044,0.0,0.0,0.00044,0.00044,0.0,0.0,0.00044,0.0,0.0,0.0,28.0,0.0
BA-BF-BL-BO-BP-BT-BU-BV-CA-CG-CH-DL-EL-ER-FP,48.0,0.0,0.0,0.0416185078975507,0.3594527029596128,0.2151796740697422,0.4710082667091025,0.0,0.0,0.028426414878574,0.0,0.0137846403412816,0.1518642866379,0.2507306148232146,0.0017591133257732,0.0116341929920155,0.0014471676696687,0.0133215825491054,0.0,0.0,0.1774293098889066,0.0214143265617654,0.0,0.0,0.0191905557219498,0.0,0.38377896,59.58617456,55.2498504,14.995028995
BA-BF-BL-BO-BP-BT-BV-BY-CC-CG-DF-DL-DP-EL-ER-FP-PC-RI,0.0,0.0003666666666666,0.0,0.0003666666666666,0.0003666666666666,0.0003666666666666,0.0003666666666666,0.0,0.0003666666666666,0.0,0.0003666666666666,0.0003666666666666,0.0003666666666666,0.0003666666666666,0.0,0.0003666666666666,0.0003666666666666,0.0,0.0,0.0,0.0003666666666666,0.0003666666666666,0.0003666666666666,0.0003666666666666,0.0003666666666666,0.0003666666666666,0.0,0.0,28.0,0.0
BA-BF-BL-BO-BP-BT-BV-BY-CC-CG-DF-DL-DP-EL-ER-FP-PC-RI,48.0,0.0323702611032043,0.0,0.0266670412493514,0.35926280404387,0.2294701103764039,0.3806538314056882,0.0,0.1246498212917792,0.0,0.0101359050197,0.013762795278475,0.1418911428180803,0.2845328170348367,0.0,0.0082091196295129,0.001477266195166,0.0,0.0,0.0,0.1811565464257107,0.0542316432548304,0.0011966491659087,0.0778062821734769,0.0268737727565119,0.0746133949970272,1.5611435350000002,58.645065885,54.014915175,9.06221177
BA-BF-BL-BO-BV-BY-CG-DF-DL-DP-FP-PJ,0.0,0.0,0.0005499999999999,0.0005499999999999,0.0005499999999999,0.0005499999999999,0.0,0.0,0.0005499999999999,0.0,0.0005499999999999,0.0005499999999999,0.0005499999999999,0.0,0.0,0.0,0.0005499999999999,0.0,0.0,0.0,0.0005499999999999,0.0,0.0,0.0,0.0005499999999999,0.0005499999999999,0.0,0.0,28.0,0.0
BA-BF-BL-BO-BV-BY-CG-DF-DL-DP-FP-PJ,48.0,0.0,0.1117683868813409,0.0446305666983954,0.3020602863417025,0.214574739043388,0.0,0.0,0.1310568685861529,0.0,0.0131547966832836,0.0331930198121805,0.358091757283893,0.0,0.0,0.0,0.0042434136823745,0.0,0.0,0.0,0.1789873860228347,0.0,0.0,0.0,0.0535419496993043,0.0976839272392481,0.8469621700000001,50.866988485,42.39734263,9.908605535
BA-BF-BL-BT-CC,0.0,0.0,0.0,0.0,0.00132,0.0,0.00132,0.0,0.0,0.0,0.0,0.00132,0.00132,0.0,0.0,0.0,0.0,0.0,0.0,0.0,0.0,0.0,0.0,0.00132,0.0,0.0,0.0,0.0,28.0,0.0
BA-BF-BL-BT-CC,48.0,0.0,0.0,0.0,0.6914585593949153,0.0,0.612450470874836,0.0,0.0,0.0,0.0,0.0109409772515237,0.0686604997943408,0.0,0.0,0.0,0.0,0.0,0.0,0.0,0.0,0.0,0.0,0.3982779270236509,0.0,0.0,6.45435,32.0972,44.4283,17.22985
BA-BF-BL-BU-BV-CA-CH-DP-EL-FP-PC,0.0,0.0006,0.0,0.0006,0.0006,0.0,0.0,0.0,0.0,0.0006,0.0006,0.0006,0.0006,0.0,0.0006,0.0006,0.0006,0.0006,0.0,0.0,0.0,0.0,0.0,0.0,0.0,0.0,0.0,0.0,28.0,0.0
BA-BF-BL-BU-BV-CA-CH-DP-EL-FP-PC,48.0,0.4915141827442101,0.0,0.1410101943329559,0.5308205568066477,0.0,0.0,0.0,0.0,0.0896617880629661,0.0122535037139275,0.0429343277246062,0.3523777707908314,0.0,0.0262255638995331,0.0161886026763282,0.0031607930411023,0.1733717998777157,0.0,0.0,0.0,0.0,0.0,0.0,0.0,0.0,2.1667782,56.641619655,37.48438909,14.0898088
BA-BF-BL-BU-BV-DF-DL-DP-EL-PJ-RI,0.0,0.0,0.0006,0.0006,0.0006,0.0,0.0,0.0,0.0,0.0006,0.0006,0.0006,0.0006,0.0,0.0,0.0006,0.0,0.0,0.0,0.0,0.0,0.0,0.0006,0.0,0.0006,0.0006,0.0,0.0,28.0,0.0
BA-BF-BL-BU-BV-DF-DL-DP-EL-PJ-RI,16.0,0.0,0.01932589,0.049588958,0.291374951,0.0,0.0,0.0,0.0,0.108628489,0.009025828,0.017733096,0.327903006,0.0,0.0,0.002548469,0.0,0.0,0.0,0.0,0.0,0.0,0.003822703,0.0,0.271624316,0.152801951,0.44615784,51.71203872,47.41433269,9.2209524
BA-BF-BL-BU-BV-DF-DL-DP-EL-PJ-RI,32.0,0.0,0.041861103,0.041372452,0.424474841,0.0,0.0,0.0,0.0,0.125257541,0.015311065,0.026387154,0.271364192,0.0,0.0,0.007329765,0.0,0.0,0.0,0.0,0.0,0.0,0.005863812,0.0,0.396295966,0.287326792,1.02643776,53.90689452,46.9528866,10.34284408
BA-BF-BL-BU-BV-DF-DL-DP-EL-PJ-RI,48.0,0.0,0.0733716746734346,0.04864575302362975,0.36353787309725927,0.0,0.0,0.0,0.0,0.07252590033340856,0.0104823858278918,0.031945830718054596,0.4573852978343884,0.0,0.0,0.00884430866938125,0.0,0.0,0.0,0.0,0.0,0.0,0.0014525425840622,0.0,0.10178204367270385,0.20544806718581804,1.10148717,53.714783999999995,48.893466935,10.209286975
BA-BF-BO-BP-BT-BY-CA-CC-CG-CH-PC-RI,0.0,0.0005499999999999,0.0,0.0,0.0005499999999999,0.0005499999999999,0.0005499999999999,0.0,0.0005499999999999,0.0,0.0,0.0,0.0005499999999999,0.0005499999999999,0.0005499999999999,0.0,0.0,0.0005499999999999,0.0,0.0,0.0005499999999999,0.0,0.0005499999999999,0.0005499999999999,0.0,0.0,0.0,0.0,28.0,0.0
BA-BF-BO-BP-BT-BY-CA-CC-CG-CH-PC-RI,48.0,0.0532818730158729,0.0,0.0,0.2825487619047617,0.205580201058201,0.3446591957671957,0.0,0.1212272698412698,0.0,0.0,0.0,0.0584181587301586,0.2579238306878305,0.0010530899470898,0.0,0.0,0.0274146137566136,0.0,0.0,0.1676352063492062,0.0,0.0007849523809523,0.0417908783068782,0.0,0.0,0.44446302,55.35592672,48.85136737,12.050556265
BA-BF-BO-BP-BU-CA-CC-CG-DF-DL-FP-PC,0.0,0.00054999999999995,0.0,0.0,0.00054999999999995,0.00054999999999995,0.0,0.0,0.0,0.00054999999999995,0.0,0.0,0.00054999999999995,0.00054999999999995,0.00054999999999995,0.0,0.00054999999999995,0.0,0.0,0.0,0.00054999999999995,0.0,0.0,0.00054999999999995,0.00054999999999995,0.00054999999999995,0.0,0.0,28.0,0.0
BA-BF-BO-BP-BU-CA-CC-CG-DF-DL-FP-PC,16.0,0.024847546,0.0,0.0,0.318677911,0.233935845,0.0,0.0,0.0,0.064777226,0.0,0.0,0.1877129,0.059786016,0.011067466,0.0,0.00119355,0.0,0.0,0.0,0.036674543,0.0,0.0,0.014214098,0.19628476,0.115991381,0.41472696,54.95272024,47.06975531,12.03608303
BA-BF-BO-BP-BU-CA-CC-CG-DF-DL-FP-PC,32.0,0.028952329,0.0,0.0,0.396607248,0.323433211,0.0,0.0,0.0,0.064250374,0.0,0.0,0.067423232,0.144761646,0.008527056,0.0,0.000396607,0.0,0.0,0.0,0.031926883,0.0,0.0,0.014872772,0.252440513,0.123344854,1.63867416,65.2522112,52.73987816,11.26604922
BA-BF-BO-BP-BU-CA-CC-CG-DF-DL-FP-PC,48.0,0.031395202252020304,0.0,0.0,0.430555823305675,0.3019333947423542,0.0,0.0,0.0,0.0491881300164411,0.0,0.0,0.08083950016835731,0.2296212666352398,0.0046382140615464,0.0,0.0017918690376696501,0.0,0.0,0.0,0.12374933378549849,0.0,0.0,0.05113319393268395,0.09904027095408705,0.1747904231516661,1.639905095,61.064650805,58.0223433825,10.104208035000001
BA-BF-BO-BP-CC-DF-DP-EL-ER-FP-PJ-RI,0.0,0.0,0.0005499999999999,0.0,0.0005499999999999,0.0005499999999999,0.0,0.0,0.0,0.0,0.0005499999999999,0.0,0.0005499999999999,0.0005499999999999,0.0,0.0005499999999999,0.0005499999999999,0.0,0.0,0.0,0.0,0.0005499999999999,0.0005499999999999,0.0005499999999999,0.0,0.0005499999999999,0.0,0.0,28.0,0.0
BA-BF-BO-BP-CC-DF-DP-EL-ER-FP-PJ-RI,48.0,0.0,0.1190815391311748,0.0,0.634223479553225,0.3750018808957568,0.0,0.0,0.0,0.0,0.0083325646679225,0.0,0.2659163049912129,0.3476199948297144,0.0,0.0173036986415887,0.0016660488076171,0.0,0.0,0.0,0.0,0.0268633369218139,0.0008849122801385,0.0488445722089283,0.0,0.0306423671272545,1.055107695,63.458128845000005,60.93023105,8.523784765
BA-BF-BP-BU-CA-CC-CG-CH-DF-EL-ER-FP-PC-PJ-RI,0.0,0.00044,0.00044,0.0,0.00044,0.0,0.0,0.0,0.0,0.00044,0.0,0.0,0.00044,0.00044,0.00044,0.00044,0.00044,0.00044,0.0,0.0,0.00044,0.00044,0.00044,0.00044,0.0,0.00044,0.0,0.0,28.0,0.0
BA-BF-BP-BU-CA-CC-CG-CH-DF-EL-ER-FP-PC-PJ-RI,48.0,0.0491350774696305,0.0540504770691482,0.0,0.7744021239613484,0.0,0.0,0.0,0.0,0.2734166601229728,0.0,0.0,0.1353872382729417,0.1967140631405011,0.019567853272008,0.026802909662371,0.0008377253600311,0.1330194135352131,0.0,0.0,0.0782258198213327,0.056564516738478,0.0282134527620903,0.4421073676087403,0.0,0.1822731997811066,5.7719000000000005,47.8807,48.59385,17.267400000000002
BA-BF-BV-EL-ER,0.0,0.0,0.0,0.00132,0.00132,0.0,0.0,0.0,0.0,0.0,0.0,0.0,0.00132,0.0,0.0,0.00132,0.0,0.0,0.0,0.0,0.0,0.00132,0.0,0.0,0.0,0.0,0.0,0.0,28.0,0.0
BA-BF-BV-EL-ER,48.0,0.0,0.0,0.2122654372666718,1.4263000580428122,0.0,0.0,0.0,0.0,0.0,0.0,0.0,0.1830832310557379,0.0,0.0,0.0804896244384997,0.0,0.0,0.0,0.0,0.0,0.2753013858641931,0.0,0.0,0.0,0.0,1.82773385,14.05195,12.8027,56.3769
BA-BF-BV-ER,0.0,0.0,0.0,0.00165,0.00165,0.0,0.0,0.0,0.0,0.0,0.0,0.0,0.00165,0.0,0.0,0.0,0.0,0.0,0.0,0.0,0.0,0.00165,0.0,0.0,0.0,0.0,0.0,0.0,28.0,0.0
BA-BF-BV-ER,48.0,0.0,0.0,0.0760990075843763,1.163445331268048,0.0,0.0,0.0,0.0,0.0,0.0,0.0,0.2335031024180997,0.0,0.0,0.0,0.0,0.0,0.0,0.0,0.0,0.0983487760560467,0.0,0.0,0.0,0.0,0.1373,13.8004,36.1525,19.7859
BA-BF-BY-CA-CC-CG-DL-DP-PC-PJ-RI,0.0,0.0006,0.0006,0.0,0.0006,0.0,0.0,0.0,0.0006,0.0,0.0006,0.0,0.0006,0.0,0.0006,0.0,0.0,0.0,0.0,0.0,0.0006,0.0,0.0006,0.0006,0.0006,0.0,0.0,0.0,28.0,0.0
BA-BF-BY-CA-CC-CG-DL-DP-PC-PJ-RI,16.0,0.029557371,0.016063788,0.0,0.316456632,0.0,0.0,0.0,0.195871127,0.0,0.006211332,0.0,0.305961623,0.0,0.014243226,0.0,0.0,0.0,0.0,0.0,0.03287722,0.0,0.00224893,0.011565928,0.150678335,0.0,1.16103224,49.845905,47.32895446,9.30105359
BA-BF-BY-CA-CC-CG-DL-DP-PC-PJ-RI,32.0,0.039399797,0.023416861,0.0,0.316963934,0.0,0.0,0.0,0.157134568,0.0,0.008641937,0.0,0.186498568,0.0,0.01170843,0.0,0.0,0.0,0.0,0.0,0.037262544,0.0,0.002323101,0.011150886,0.242438846,0.0,0.65336104,50.2016476,45.12414227,10.88909069
BA-BF-BY-CA-CC-CG-DL-DP-PC-PJ-RI,48.0,0.07354029449582684,0.01173118329222905,0.0,0.48140449977742467,0.0,0.0,0.0,0.19498580334978385,0.0,0.0058515169755877505,0.0,0.0981711323461748,0.0,0.00538232869376765,0.0,0.0,0.0,0.0,0.0,0.16146798493206804,0.0,0.0014313896170852999,0.0518028767124443,0.07838055937549464,0.0,1.2794460975,48.071753654999995,44.087520007500004,11.266886905
BA-BH-BL-BO-BU-CA-CG-CH-DF-DP-FP-PJ,0.0,0.0,0.0005499999999999,0.0,0.0,0.0005499999999999,0.0,0.0,0.0,0.0005499999999999,0.0005499999999999,0.0005499999999999,0.0005499999999999,0.0,0.0005499999999999,0.0,0.0005499999999999,0.0005499999999999,0.0,0.0005499999999999,0.0005499999999999,0.0,0.0,0.0,0.0,0.0005499999999999,0.0,0.0,28.0,0.0
BA-BH-BL-BO-BU-CA-CG-CH-DF-DP-FP-PJ,48.0,0.0,0.1503357313746939,0.0,0.0,0.4099828653711001,0.0,0.0,0.0,0.0944587097592535,0.0131775822899793,0.0407140700824566,0.4336876617023515,0.0,0.0195482084236273,0.0,0.0059209637469425,0.0849552297403019,0.0,0.0020935452126674,0.1648608503671772,0.0,0.0,0.0,0.0,0.0605829686254065,1.03432282,54.392311845,45.838812875,6.895569515
BA-BH-BL-BO-CC-CG-CH-DF-DP-EL-ER-FP-PC-RI,0.0,0.0004714285714285,0.0,0.0,0.0,0.0004714285714285,0.0,0.0,0.0,0.0,0.0004714285714285,0.0004714285714285,0.0004714285714285,0.0,0.0,0.0004714285714285,0.0004714285714285,0.0004714285714285,0.0,0.0004714285714285,0.0004714285714285,0.0004714285714285,0.0004714285714285,0.0004714285714285,0.0,0.0004714285714285,0.0,0.0,28.0,0.0
BA-BH-BL-BO-CC-CG-CH-DF-DP-EL-ER-FP-PC-RI,48.0,0.0580553505760091,0.0,0.0,0.0,1.0156762785134734,0.0,0.0,0.0,0.0,0.0492070012779369,0.0048966776942811,0.2474059740764166,0.0,0.0,0.022537087985684,0.00046159671138,0.0420697576419231,0.0,0.0019300524732056,0.1087633036408025,0.0273986657085772,0.0264188272185751,0.3977374875461621,0.0,0.0652062382781822,2.8817000000000004,44.82995,41.67185,16.52045
BA-BH-BL-BO-CC-CG-DF-EL-ER-FP-PC-PJ-RI,0.0,0.0005076923076923,0.0005076923076923,0.0,0.0,0.0005076923076923,0.0,0.0,0.0,0.0,0.0,0.0005076923076923,0.0005076923076923,0.0,0.0,0.0005076923076923,0.0005076923076923,0.0,0.0,0.0005076923076923,0.0005076923076923,0.0005076923076923,0.0005076923076923,0.0005076923076923,0.0,0.0005076923076923,0.0,0.0,28.0,0.0
BA-BH-BL-BO-CC-CG-DF-EL-ER-FP-PC-PJ-RI,48.0,0.0294874687895293,0.1026853186446626,0.0,0.0,0.9140334389494408,0.0,0.0,0.0,0.0,0.0,0.0108922500536005,0.2438641761573675,0.0,0.0,0.0170915726233664,0.0011740909251371,0.0,0.0,0.0015015843825374,0.1024114911057074,0.0104023843541839,0.0315590741274784,0.6136099787863571,0.0,0.1728486996937806,6.0988,41.21155,42.3368,17.13825
BA-BH-BL-BP-BU-BV-CA-CC-CG-CH-DF-DP-ER-FP-PC-PJ-RI,0.0,0.0003882352941176,0.0003882352941176,0.0003882352941176,0.0,0.0,0.0,0.0,0.0,0.0003882352941176,0.0003882352941176,0.0003882352941176,0.0003882352941176,0.0003882352941176,0.0003882352941176,0.0,0.0003882352941176,0.0003882352941176,0.0,0.0003882352941176,0.0003882352941176,0.0003882352941176,0.0003882352941176,0.0003882352941176,0.0,0.0003882352941176,0.0,0.0,28.0,0.0
BA-BH-BL-BP-BU-BV-CA-CC-CG-CH-DF-DP-ER-FP-PC-PJ-RI,48.0,0.0569556787932572,0.0831470045797326,0.0684563791758743,0.0,0.0,0.0,0.0,0.0,0.1985220727482354,0.0297471784532149,0.0254755921720661,0.5650004799111557,0.3163433321182243,0.0018798260700018,0.0,0.0018637043934163,0.0947785011877919,0.0,0.0019044642880694,0.0710945215676961,0.0151465893801448,0.0129729275060896,0.4256941385355023,0.0,0.1053663622114591,1.8636,50.5065,50.21995,11.4177
BA-BH-BL-BP-CA-CC-CH-DF-ER-FP-RI,0.0,0.0,0.0,0.0,0.0,0.0,0.0,0.0,0.0,0.0,0.0,0.0006,0.0006,0.0006,0.0006,0.0,0.0006,0.0006,0.0,0.0006,0.0,0.0006,0.0006,0.0006,0.0,0.0006,0.0,0.0,28.0,0.0
BA-BH-BL-BP-CA-CC-CH-DF-ER-FP-RI,48.0,0.0,0.0,0.0,0.0,0.0,0.0,0.0,0.0,0.0,0.0,0.1298336164586951,0.2282078987164268,0.203097265361861,0.0053978789656259,0.0,0.0002273459231321,0.0866022518662454,0.0,0.0066146217790378,0.0,0.0507298750337961,0.0305685064086994,0.9608969931582492,0.0,0.156210734858101,7.76835,52.39905,52.12235,0.1188
BA-BH-BL-CA-CC-CH-DF-ER-FP-PC-RI,0.0,0.0006,0.0,0.0,0.0,0.0,0.0,0.0,0.0,0.0,0.0,0.0006,0.0006,0.0,0.0006,0.0,0.0006,0.0006,0.0,0.0006,0.0,0.0006,0.0006,0.0006,0.0,0.0006,0.0,0.0,28.0,0.0
BA-BH-BL-CA-CC-CH-DF-ER-FP-PC-RI,48.0,0.1051876383745223,0.0,0.0,0.0,0.0,0.0,0.0,0.0,0.0,0.0,0.0801657887516829,0.8651728366747522,0.0,0.0035669680359012,0.0,0.0023711277272653,0.1363466072064557,0.0,0.005106614074062,0.0,0.0610405387168505,0.02392018846575,0.502671532803819,0.0,0.1639987084865698,3.45025,49.2734,51.6499,1.7182
BA-BH-BL-CA-CC-DF-DP-EL-ER-FP-PJ-RI,0.0,0.0,0.0005499999999999,0.0,0.0,0.0,0.0,0.0,0.0,0.0,0.0005499999999999,0.0005499999999999,0.0005499999999999,0.0,0.0005499999999999,0.0005499999999999,0.0005499999999999,0.0,0.0,0.0005499999999999,0.0,0.0005499999999999,0.0005499999999999,0.0005499999999999,0.0,0.0005499999999999,0.0,0.0,28.0,0.0
BA-BH-BL-CA-CC-DF-DP-EL-ER-FP-PJ-RI,48.0,0.0,0.4231435816468879,0.0,0.0,0.0,0.0,0.0,0.0,0.0,0.0745096218327847,0.0044012365361766,0.6582366042962745,0.0,0.0055234055146876,0.0127348569409653,0.0003912920246056,0.0,0.0,0.0026646784918296,0.0,0.001259571046779,0.0370420240416302,0.5399144865419898,0.0,0.0229197788732652,2.15155,40.35835,40.853,3.793
BA-BH-BL-CA-CC-DF-DP-EL-ER-FP-RI,0.0,0.0,0.0,0.0,0.0,0.0,0.0,0.0,0.0,0.0,0.0006,0.0006,0.0006,0.0,0.0006,0.0006,0.0006,0.0,0.0,0.0006,0.0,0.0006,0.0006,0.0006,0.0,0.0006,0.0,0.0,28.0,0.0
BA-BH-BL-CA-CC-DF-DP-EL-ER-FP-RI,48.0,0.0,0.0,0.0,0.0,0.0,0.0,0.0,0.0,0.0,0.1205904977863311,0.0266471674273168,0.7272452735705461,0.0,0.016468280774734,0.0147955914501262,0.0010906098919694,0.0,0.0,0.0035076034078964,0.0,0.0016850169897266,0.0917597284455315,0.6795317891363131,0.0,0.0196983631962012,2.2605500000000003,48.37055,46.76775,0.09285
BA-BH-BO-BP-BT-BU-CA-DF-EL-ER-PC,0.0,0.0006,0.0,0.0,0.0,0.0006,0.0006,0.0,0.0,0.0006,0.0,0.0,0.0006,0.0006,0.0006,0.0006,0.0,0.0,0.0,0.0006,0.0,0.0006,0.0,0.0,0.0,0.0006,0.0,0.0,28.0,0.0
BA-BH-BO-BP-BT-BU-CA-DF-EL-ER-PC,48.0,0.0482744487129541,0.0,0.0,0.0,0.4011384295235204,0.6466492779159425,0.0,0.0,0.0581460306122786,0.0,0.0,0.3469781959996718,0.3866079818961363,0.010724373052481,0.0222979624722154,0.0,0.0,0.0,0.0024019493823327,0.0,0.0695497217618562,0.0,0.0,0.0,0.1127586872083996,1.7649508699999998,59.594529640000005,60.270138045,8.590730955
BA-BH-BO-BP-BT-CA-CC-CG-DL-DP-EL,0.0,0.0,0.0,0.0,0.0,0.0006,0.0006,0.0,0.0,0.0,0.0006,0.0,0.0006,0.0006,0.0006,0.0006,0.0,0.0,0.0,0.0006,0.0006,0.0,0.0,0.0006,0.0006,0.0,0.0,0.0,28.0,0.0
BA-BH-BO-BP-BT-CA-CC-CG-DL-DP-EL,48.0,0.0,0.0,0.0,0.0,0.3537619126900768,0.6358896716847178,0.0,0.0,0.0,0.0101439636718946,0.0,0.2537379123114399,0.364822796485281,0.0125936728548985,0.0095367094459977,0.0,0.0,0.0,0.0007848433449124,0.20198009717844,0.0,0.0,0.0729246875292201,0.0367696375869519,0.0,1.199283055,64.52728723999999,61.803755605,7.96550545
BA-BH-BO-BP-CA-CC-DL-DP-ER-FP-PC-PJ-RI,0.0,0.0005076923076923,0.0005076923076923,0.0,0.0,0.0005076923076923,0.0,0.0,0.0,0.0,0.0005076923076923,0.0,0.0005076923076923,0.0005076923076923,0.0005076923076923,0.0,0.0005076923076923,0.0,0.0,0.0005076923076923,0.0,0.0005076923076923,0.0005076923076923,0.0005076923076923,0.0005076923076923,0.0,0.0,0.0,28.0,0.0
BA-BH-BO-BP-CA-CC-DL-DP-ER-FP-PC-PJ-RI,48.0,0.0272867842711803,0.1360888757462658,0.0,0.0,0.7598290816619888,0.0,0.0,0.0,0.0,0.0374244533621062,0.0,0.3965108699361759,0.2686608815916702,0.0011559921263464,0.0,0.0014009723249877,0.0,0.0,0.0019418539737856,0.0,0.0135017752372444,0.0133649713683616,0.3218780652338245,0.1374462745113172,0.0,0.70165,47.3638,49.81125,6.98525
BA-BH-BO-BP-CA-CC-DP-ER-FP-PJ-RI,0.0,0.0,0.0006,0.0,0.0,0.0006,0.0,0.0,0.0,0.0,0.0006,0.0,0.0006,0.0006,0.0006,0.0,0.0006,0.0,0.0,0.0006,0.0,0.0006,0.0006,0.0006,0.0,0.0,0.0,0.0,28.0,0.0
BA-BH-BO-BP-CA-CC-DP-ER-FP-PJ-RI,48.0,0.0,0.1238691444498042,0.0,0.0,0.7917324721599259,0.0,0.0,0.0,0.0,0.0317615714950394,0.0,0.6024237383545961,0.4362967375320387,0.0010534145151771,0.0,0.0001295645662942,0.0,0.0,0.0026504342727654,0.0,0.0034362706629418,0.0135028515040023,0.2452638085555014,0.0,0.0,0.7786500000000001,50.65415,54.5689,7.8003
BA-BH-BO-BU-CC-DF-DL-EL-ER-FP-PC-PJ-RI,0.0,0.0005076923076923,0.0005076923076923,0.0,0.0,0.0005076923076923,0.0,0.0,0.0,0.0005076923076923,0.0,0.0,0.0005076923076923,0.0,0.0,0.0005076923076923,0.0005076923076923,0.0,0.0,0.0005076923076923,0.0,0.0005076923076923,0.0005076923076923,0.0005076923076923,0.0005076923076923,0.0005076923076923,0.0,0.0,28.0,0.0
BA-BH-BO-BU-CC-DF-DL-EL-ER-FP-PC-PJ-RI,48.0,0.0235861271490818,0.0781476108563803,0.0,0.0,0.6972692633081023,0.0,0.0,0.0,0.116081713999045,0.0,0.0,0.2271077081175966,0.0,0.0,0.0275993065947019,0.0013200021794415,0.0,0.0,0.001056001743553,0.0,0.038347862482642,0.0295000165280674,0.382589105471657,0.3688794240230471,0.1172238562390199,4.489,41.46595,41.27555,13.80405
BA-BH-BO-BV-CA-CC-DP-ER-FP-PC-RI,0.0,0.0006,0.0,0.0006,0.0,0.0006,0.0,0.0,0.0,0.0,0.0006,0.0,0.0006,0.0,0.0006,0.0,0.0006,0.0,0.0,0.0006,0.0,0.0006,0.0006,0.0006,0.0,0.0,0.0,0.0,28.0,0.0
BA-BH-BO-BV-CA-CC-DP-ER-FP-PC-RI,48.0,0.0325118778684509,0.0,0.0558911916458488,0.0,0.5724784123156519,0.0,0.0,0.0,0.0,0.0343896234021409,0.0,0.7098389625720082,0.0,0.0015656933821663,0.0,0.0012965938566162,0.0,0.0,0.0026094889702768,0.0,0.0172226272038303,0.0175517567016207,0.392473610795483,0.0,0.0,1.48245,39.70525,41.015600000000006,11.458950000000002
BA-BH-BP-BU-BV-CC-DF-DP-ER-FP-PJ-RI,0.0,0.0,0.0005499999999999,0.0005499999999999,0.0,0.0,0.0,0.0,0.0,0.0005499999999999,0.0005499999999999,0.0,0.0005499999999999,0.0005499999999999,0.0,0.0,0.0005499999999999,0.0,0.0,0.0005499999999999,0.0,0.0005499999999999,0.0005499999999999,0.0005499999999999,0.0,0.0005499999999999,0.0,0.0,28.0,0.0
BA-BH-BP-BU-BV-CC-DF-DP-ER-FP-PJ-RI,48.0,0.0,0.1285549311831469,0.0439701350172668,0.0,0.0,0.0,0.0,0.0,0.1344403244711863,0.0334783445819179,0.0,0.6751492538290129,0.3403921800269165,0.0,0.0,0.001707257595902,0.0,0.0,0.0041173935239914,0.0,0.0012897162213517,0.0130407664544077,0.4567274764132931,0.0,0.0747683202648535,1.22315,52.46735,51.92345,7.0801
BA-BH-BT-BU-BY-CA-CC-CG-CH-DF-DL-DP-ER-FP-PC-PJ-RI,0.0,0.00038823514705880005,0.00038823514705880005,0.0,0.0,0.0,0.00038823514705880005,0.0,0.00038823514705880005,0.00038823514705880005,0.00038823514705880005,0.0,0.00038823514705880005,0.0,0.00038823514705880005,0.0,0.00038823514705880005,0.00038823514705880005,0.0,0.00038823514705880005,0.00038823514705880005,0.00038823514705880005,0.00038823514705880005,0.00038823514705880005,0.00038823514705880005,0.00038823514705880005,0.0,0.0,28.0,0.0
BA-BH-BT-BU-BY-CA-CC-CG-CH-DF-DL-DP-ER-FP-PC-PJ-RI,16.0,0.0135087,0.015723241,0.0,0.0,0.0,0.244817513,0.0,0.108401784,0.08979964,0.009522527,0.0,0.272388549,0.0,0.041190464,0.0,0.000885816,0.02856758,0.0,0.000885816,0.021259594,0.112387958,0.003986174,0.011847795,0.192886525,0.080720021,2.83805248,52.8594928,49.69036575,8.75910855
BA-BH-BT-BU-BY-CA-CC-CG-CH-DF-DL-DP-ER-FP-PC-PJ-RI,32.0,0.02562315,0.016030247,0.0,0.0,0.0,0.254338168,0.0,0.102492602,0.060208092,0.005175119,0.0,0.149447341,0.0,0.010224016,0.0,0.001009779,0.087977024,0.0,0.000757334,0.025118261,0.096686371,0.001893336,0.01148624,0.205994983,0.102492602,2.77227656,51.50138268,48.06335267,10.72094492
BA-BH-BT-BU-BY-CA-CC-CG-CH-DF-DL-DP-ER-FP-PC-PJ-RI,48.0,0.016146478020074614,0.049601714099522895,0.0,0.0,0.0,0.46347869613694315,0.0,0.14107321257476854,0.041206659898872,0.00428673548205015,0.0,0.0993464946838277,0.0,0.0142411259778571,0.0,0.0014241055270373501,0.07205027557760435,0.0,0.00081002259643945,0.09516792313793696,0.0678763111504042,0.0007200505187633999,0.0390023796290485,0.10815556907298594,0.07132178595298294,2.94967132,47.488131475,45.740708555,11.950754077500001
BA-BH-BV-BY-CC-CG-CH-DF-DL-DP-PC,0.0,0.0006,0.0,0.0006,0.0,0.0,0.0,0.0,0.0006,0.0,0.0006,0.0,0.0006,0.0,0.0,0.0,0.0,0.0006,0.0,0.0006,0.0006,0.0,0.0,0.0006,0.0006,0.0006,0.0,0.0,28.0,0.0
BA-BH-BV-BY-CC-CG-CH-DF-DL-DP-PC,48.0,0.1721209941767447,0.0,0.1433906233900561,0.0,0.0,0.0,0.0,0.2962463888429691,0.0,0.0151085820171658,0.0,0.156246867273449,0.0,0.0,0.0,0.0,0.1411099680785295,0.0,0.002329886968499,0.2649894779026543,0.0,0.0,0.1517043103137552,0.0362974798965784,0.1199742299774413,2.089317065,48.80951418,41.25917855,8.294131799999999
BA-BH-BV-BY-CH-DF-DL-EL-ER-FP-PJ,0.0,0.0,0.0006,0.0006,0.0,0.0,0.0,0.0,0.0006,0.0,0.0,0.0,0.0006,0.0,0.0,0.0006,0.0006,0.0006,0.0,0.0006,0.0,0.0006,0.0,0.0,0.0006,0.0006,0.0,0.0,28.0,0.0
BA-BH-BV-BY-CH-DF-DL-EL-ER-FP-PJ,16.0,0.0,0.016658687,0.036905399,0.0,0.0,0.0,0.0,0.199263528,0.0,0.0,0.0,0.190421609,0.0,0.0,0.001409581,0.000768862,0.225276709,0.0,0.002562875,0.0,0.233990484,0.0,0.0,0.346756982,0.189652747,2.52886536,55.3094636,45.11048947,11.92328463
BA-BH-BV-BY-CH-DF-DL-EL-ER-FP-PJ,32.0,0.0,0.024030352,0.072753962,0.0,0.0,0.0,0.0,0.256710449,0.0,0.0,0.0,0.169538276,0.0,0.0,0.003148805,0.00049718,0.195888799,0.0,0.002485898,0.0,0.258699167,0.0,0.0,0.444478646,0.216770346,4.44107992,63.91845028,46.82584136,13.4973765
BA-BH-BV-BY-CH-DF-DL-EL-ER-FP-PJ,48.0,0.0,0.07115169695828355,0.06047783364343725,0.0,0.0,0.0,0.0,0.24187445224389237,0.0,0.0,0.0,0.2765196915401787,0.0,0.0,0.00934505525363375,0.0053813103339651,0.18439398203717278,0.0,0.0018910866834942,0.0,0.3922978771526014,0.0,0.0,0.188919274622944,0.20416576588148505,6.4061955475,50.029758555,39.36366065,13.0005616175
BA-BL-BO-BP-BU-CA-CH-DF-DL-EL-RI,0.0,0.0,0.0,0.0,0.0,0.0006,0.0,0.0,0.0,0.0006,0.0,0.0006,0.0006,0.0006,0.0006,0.0006,0.0,0.0006,0.0,0.0,0.0,0.0,0.0006,0.0,0.0006,0.0006,0.0,0.0,28.0,0.0
BA-BL-BO-BP-BU-CA-CH-DF-DL-EL-RI,48.0,0.0,0.0,0.0,0.0,0.5752692556572749,0.0,0.0,0.0,0.1451829619743996,0.0,0.0459873690214832,0.4395303527063946,0.5051073940526312,0.0115901287477552,0.0442072001283957,0.0,0.1335229012736264,0.0,0.0,0.0,0.0,0.0007802259459625,0.0,0.0554377479689534,0.1167775648826282,0.983281945,71.339819985,65.978091645,5.33953234
BA-BL-BO-BP-CA-CC-CH-DF-ER-FP-PJ-RI,0.0,0.0,0.0005499999999999,0.0,0.0,0.0005499999999999,0.0,0.0,0.0,0.0,0.0,0.0005499999999999,0.0005499999999999,0.0005499999999999,0.0005499999999999,0.0,0.0005499999999999,0.0005499999999999,0.0,0.0,0.0,0.0005499999999999,0.0005499999999999,0.0005499999999999,0.0,0.0005499999999999,0.0,0.0,28.0,0.0
BA-BL-BO-BP-CA-CC-CH-DF-ER-FP-PJ-RI,48.0,0.0,0.0720328039322094,0.0,0.0,0.6947401664899728,0.0,0.0,0.0,0.0,0.0,0.0355918023064617,0.3783969255974918,0.2924791200625553,0.0015785132778382,0.0,0.0009484810026015,0.1174136077944807,0.0,0.0,0.0,0.0535955149878637,0.014572597645756,0.3305466912225718,0.0,0.1766809937752338,3.26895,51.59755,55.0728,7.895799999999999
BA-BL-BO-BP-CA-CC-CH-DL-ER-FP-PJ-RI,0.0,0.0,0.0005499999999999,0.0,0.0,0.0005499999999999,0.0,0.0,0.0,0.0,0.0,0.0005499999999999,0.0005499999999999,0.0005499999999999,0.0005499999999999,0.0,0.0005499999999999,0.0005499999999999,0.0,0.0,0.0,0.0005499999999999,0.0005499999999999,0.0005499999999999,0.0005499999999999,0.0,0.0,0.0,28.0,0.0
BA-BL-BO-BP-CA-CC-CH-DL-ER-FP-PJ-RI,48.0,0.0,0.0714175049939368,0.0,0.0,0.7498996424671213,0.0,0.0,0.0,0.0,0.0,0.0369211996525614,0.323027006678662,0.2619874227980042,0.001673963301362,0.0,0.0008511071967103,0.0814158235818781,0.0,0.0,0.0,0.0335904831780096,0.0124871816122053,0.2872381277787273,0.2969513407167169,0.0,1.90675,55.24195,58.02485,7.438000000000001
BA-BL-BO-BP-DF-DL-EL-ER-FP-PC-PJ,0.0,0.0006,0.0006,0.0,0.0,0.0006,0.0,0.0,0.0,0.0,0.0,0.0006,0.0006,0.0006,0.0,0.0006,0.0006,0.0,0.0,0.0,0.0,0.0006,0.0,0.0,0.0006,0.0006,0.0,0.0,28.0,0.0
BA-BL-BO-BP-DF-DL-EL-ER-FP-PC-PJ,48.0,0.0335746988983764,0.1760009685325742,0.0,0.0,0.5346404174573054,0.0,0.0,0.0,0.0,0.0,0.0394758525722116,0.3703968282205355,0.4629943370493357,0.0,0.0336559403331224,0.0020733548123549,0.0,0.0,0.0,0.0,0.0870541225226648,0.0,0.0,0.0687958043432426,0.0760884164821841,1.5599749699999998,67.21805796,65.76227782,3.1200333
BA-BL-BO-BU-BV-CA-CC-DF-EL-ER-FP-PC-PJ-RI,0.0,0.0004714285714285,0.0004714285714285,0.0004714285714285,0.0,0.0004714285714285,0.0,0.0,0.0,0.0004714285714285,0.0,0.0004714285714285,0.0004714285714285,0.0,0.0004714285714285,0.0004714285714285,0.0004714285714285,0.0,0.0,0.0,0.0,0.0004714285714285,0.0004714285714285,0.0004714285714285,0.0,0.0004714285714285,0.0,0.0,28.0,0.0
BA-BL-BO-BU-BV-CA-CC-DF-EL-ER-FP-PC-PJ-RI,48.0,0.0558124595212986,0.070437479312167,0.0955901925512521,0.0,0.5483766362736832,0.0,0.0,0.0,0.1324996697058368,0.0,0.0247248119258795,0.2546364147504956,0.0,0.0206447069131835,0.0363243273987635,0.002065884501283,0.0,0.0,0.0,0.0,0.0857337555086401,0.0306040585568819,0.5170487168161779,0.0,0.1662153392304877,5.55325,34.5905,33.0103,17.69005
BA-BL-BO-BU-BV-CA-CC-DF-EL-ER-FP-PC-RI,0.0,0.0005076923076923,0.0,0.0005076923076923,0.0,0.0005076923076923,0.0,0.0,0.0,0.0005076923076923,0.0,0.0005076923076923,0.0005076923076923,0.0,0.0005076923076923,0.0005076923076923,0.0005076923076923,0.0,0.0,0.0,0.0,0.0005076923076923,0.0005076923076923,0.0005076923076923,0.0,0.0005076923076923,0.0,0.0,28.0,0.0
BA-BL-BO-BU-BV-CA-CC-DF-EL-ER-FP-PC-RI,48.0,0.0535562482951282,0.0,0.1481600033464439,0.0,0.7427761767029009,0.0,0.0,0.0,0.0954143811317545,0.0,0.0315286306239418,0.3015863320092925,0.0,0.0186988005272259,0.0268110674821031,0.00092285346867,0.0,0.0,0.0,0.0,0.0098349854432761,0.0267671430360518,0.6256109019100802,0.0,0.2140976122869678,4.295450000000001,39.3222,40.65225,23.47095
BA-BL-BP-BU-BV-CA-CC-CG-DF-DP-ER-FP-PC-PJ-RI,0.0,0.00044,0.00044,0.00044,0.0,0.0,0.0,0.0,0.0,0.00044,0.00044,0.00044,0.00044,0.00044,0.00044,0.0,0.00044,0.0,0.0,0.0,0.00044,0.00044,0.00044,0.00044,0.0,0.00044,0.0,0.0,28.0,0.0
BA-BL-BP-BU-BV-CA-CC-CG-DF-DP-ER-FP-PC-PJ-RI,48.0,0.0291148035669579,0.1375808800580986,0.0501261270415782,0.0,0.0,0.0,0.0,0.0,0.1094495916684495,0.0306187784150723,0.0307807843331138,0.6388836089561687,0.2850967322660261,0.0008358606640308,0.0,0.00157828096983,0.0,0.0,0.0,0.1153302754015925,0.0086717753544329,0.0134825186628884,0.4912350901868236,0.0,0.0953034233796803,1.57495,55.4579,51.91255,7.803649999999999
BA-BL-BP-BY-FP,0.0,0.0,0.0,0.0,0.0,0.0,0.0,0.0,0.00132,0.0,0.0,0.00132,0.00132,0.00132,0.0,0.0,0.00132,0.0,0.0,0.0,0.0,0.0,0.0,0.0,0.0,0.0,0.0,0.0,28.0,0.0
BA-BL-BP-BY-FP,48.0,0.0,0.0,0.0,0.0,0.0,0.0,0.0,0.9781001075979062,0.0,0.0,0.0163003690646932,0.4230550723215047,0.0235724177434279,0.0,0.0,0.0044213337146519,0.0,0.0,0.0,0.0,0.0,0.0,0.0,0.0,0.0,0.1373,28.7931,40.6212,13.77115
BA-BL-BP-CA-CC-CG-DF-DP-ER-FP-PJ-RI,0.0,0.0,0.0005499999999999,0.0,0.0,0.0,0.0,0.0,0.0,0.0,0.0005499999999999,0.0005499999999999,0.0005499999999999,0.0005499999999999,0.0005499999999999,0.0,0.0005499999999999,0.0,0.0,0.0,0.0005499999999999,0.0005499999999999,0.0005499999999999,0.0005499999999999,0.0,0.0005499999999999,0.0,0.0,28.0,0.0
BA-BL-BP-CA-CC-CG-DF-DP-ER-FP-PJ-RI,48.0,0.0,0.272939463504846,0.0,0.0,0.0,0.0,0.0,0.0,0.0,0.0453023341327619,0.0245989127620907,0.6112271994803784,0.3244741741216992,0.0023975457105725,0.0,0.0019477456957092,0.0,0.0,0.0,0.1101133813605176,0.0209440151313814,0.0325174942820355,0.4764271517080692,0.0,0.0751251914317146,1.65795,55.1842,54.214650000000006,1.93015
BA-BL-BU-CA-CC-CH-DF-DP-ER-FP-PC-PJ-RI,0.0,0.0005076923076923,0.0005076923076923,0.0,0.0,0.0,0.0,0.0,0.0,0.0005076923076923,0.0005076923076923,0.0005076923076923,0.0005076923076923,0.0,0.0005076923076923,0.0,0.0005076923076923,0.0005076923076923,0.0,0.0,0.0,0.0005076923076923,0.0005076923076923,0.0005076923076923,0.0,0.0005076923076923,0.0,0.0,28.0,0.0
BA-BL-BU-CA-CC-CH-DF-DP-ER-FP-PC-PJ-RI,48.0,0.0595453979952235,0.1086599669272211,0.0,0.0,0.0,0.0,0.0,0.0,0.2497749586353294,0.0290657136322261,0.0266580422498333,0.644021060420374,0.0,0.0007886887836368,0.0,0.0008019542119904,0.0769375539952177,0.0,0.0,0.0,0.0299207295576312,0.0088335552853351,0.4440396147171795,0.0,0.075556142631914,2.01325,41.6909,43.45935,5.0068
BA-BL-CA-CC-CH-DF-DP-ER-FP-PC-PJ-RI,0.0,0.0005499999999999,0.0005499999999999,0.0,0.0,0.0,0.0,0.0,0.0,0.0,0.0005499999999999,0.0005499999999999,0.0005499999999999,0.0,0.0005499999999999,0.0,0.0005499999999999,0.0005499999999999,0.0,0.0,0.0,0.0005499999999999,0.0005499999999999,0.0005499999999999,0.0,0.0005499999999999,0.0,0.0,28.0,0.0
BA-BL-CA-CC-CH-DF-DP-ER-FP-PC-PJ-RI,48.0,0.1307766127560032,0.2020868365116325,0.0,0.0,0.0,0.0,0.0,0.0,0.0,0.0347339529074293,0.0331183280089629,0.7058416848658299,0.0,0.0020297281380376,0.0,0.0015437563272432,0.0592774735883248,0.0,0.0,0.0,0.0234275890477306,0.0128929151998053,0.4652217214157034,0.0,0.084034216726152,1.71285,46.3757,49.5466,3.51315
BA-BO-BP-BT-BV-BY-CG-CH-DL-EL-FP-PC-PJ,0.0,0.00050769215384615,0.00050769215384615,0.00050769215384615,0.0,0.00050769215384615,0.00050769215384615,0.0,0.00050769215384615,0.0,0.0,0.0,0.00050769215384615,0.00050769215384615,0.0,0.00050769215384615,0.00050769215384615,0.00050769215384615,0.0,0.0,0.00050769215384615,0.0,0.0,0.0,0.00050769215384615,0.0,0.0,0.0,28.0,0.0
BA-BO-BP-BT-BV-BY-CG-CH-DL-EL-FP-PC-PJ,16.0,0.095575214,0.008626416,0.038476555,0.0,0.1925197,0.262078739,0.0,0.118442063,0.0,0.0,0.0,0.098587613,0.094753651,0.0,0.001095418,0.000410782,0.111869556,0.0,0.0,0.03573801,0.0,0.0,0.0,0.389968781,0.0,0.2882968,55.20046744,45.46739889,18.52065268
BA-BO-BP-BT-BV-BY-CG-CH-DL-EL-FP-PC-PJ,32.0,0.094249692,0.01599016,0.032902829,0.0,0.274600246,0.346248462,0.0,0.153444034,0.0,0.0,0.0,0.062423124,0.125,0.0,0.00199877,0.000461255,0.063653137,0.0,0.0,0.037054121,0.0,0.0,0.0,0.375,0.0,0.67634144,62.31156856,54.89961756,19.87302708
BA-BO-BP-BT-BV-BY-CG-CH-DL-EL-FP-PC-PJ,48.0,0.0773247219073552,0.00717683,0.04722325704080885,0.0,0.3276885190784635,0.5384566998760488,0.0,0.1781435220074039,0.0,0.0,0.0,0.0657144707804176,0.1519999518680673,0.0,0.01076109602680175,0.00177049230825435,0.048859697686725406,0.0,0.0,0.1397382233624469,0.0,0.0,0.0,0.1181007203743131,0.0,1.0522573175,58.6782628425,52.6675859725,19.934787917500003
BA-BO-BP-BU-BV-CA-CC-DF-EL-ER-FP-PC-PJ-RI,0.0,0.0004714285714285,0.0004714285714285,0.0004714285714285,0.0,0.0004714285714285,0.0,0.0,0.0,0.0004714285714285,0.0,0.0,0.0004714285714285,0.0004714285714285,0.0004714285714285,0.0004714285714285,0.0004714285714285,0.0,0.0,0.0,0.0,0.0004714285714285,0.0004714285714285,0.0004714285714285,0.0,0.0004714285714285,0.0,0.0,28.0,0.0
BA-BO-BP-BU-BV-CA-CC-DF-EL-ER-FP-PC-PJ-RI,48.0,0.0318870285379321,0.0629867430961409,0.0902174372473088,0.0,0.6899030686080573,0.0,0.0,0.0,0.1512163355997213,0.0,0.0,0.4457402381997695,0.3648232692119111,0.0095494352224477,0.0296723860959885,0.0010273194106594,0.0,0.0,0.0,0.0,0.0465030277540712,0.0338783640683353,0.5342983303459203,0.0,0.1820262009734628,3.38065,44.50815,53.96605,19.82805
BA-BP-BU-BV-CC-CH-DF-DP-ER-FP-PJ-RI,0.0,0.0,0.0005499999999999,0.0005499999999999,0.0,0.0,0.0,0.0,0.0,0.0005499999999999,0.0005499999999999,0.0,0.0005499999999999,0.0005499999999999,0.0,0.0,0.0005499999999999,0.0005499999999999,0.0,0.0,0.0,0.0005499999999999,0.0005499999999999,0.0005499999999999,0.0,0.0005499999999999,0.0,0.0,28.0,0.0
BA-BP-BU-BV-CC-CH-DF-DP-ER-FP-PJ-RI,48.0,0.0,0.1007977440446766,0.0604946130455237,0.0,0.0,0.0,0.0,0.0,0.1973882327492974,0.031562519643841,0.0,0.650287019200027,0.3430172475099011,0.0,0.0,0.0017465887202593,0.1319437019675175,0.0,0.0,0.0,0.0181313375416295,0.013019327937025,0.3786843557190568,0.0,0.1041412049266771,1.7299,51.68395,53.05265,10.82925
BA-BP-BV-FP-RI,0.0,0.0,0.0,0.00132,0.0,0.0,0.0,0.0,0.0,0.0,0.0,0.0,0.00132,0.00132,0.0,0.0,0.00132,0.0,0.0,0.0,0.0,0.0,0.00132,0.0,0.0,0.0,0.0,0.0,28.0,0.0
BA-BP-BV-FP-RI,48.0,0.0,0.0,0.7112985741888236,0.0,0.0,0.0,0.0,0.0,0.0,0.0,0.0,0.4708875404478126,0.6159889598523755,0.0,0.0,0.0052667565210338,0.0,0.0,0.0,0.0,0.0,0.0019558954188351,0.0,0.0,0.0,0.1373,20.3293,44.97055,14.0346
BA-BT-BU-CA-CC-CH-DF-DL-DP-ER-RI,0.0,0.0,0.0,0.0,0.0,0.0,0.0006,0.0,0.0,0.0006,0.0006,0.0,0.0006,0.0,0.0006,0.0,0.0,0.0006,0.0,0.0,0.0,0.0006,0.0006,0.0006,0.0006,0.0006,0.0,0.0,28.0,0.0
BA-BT-BU-CA-CC-CH-DF-DL-DP-ER-RI,48.0,0.0,0.0,0.0,0.0,0.0,0.5610000723944146,0.0,0.0,0.0540105205035705,0.0048608971999312,0.0,0.265956551899024,0.0,0.0055739887277397,0.0,0.0,0.1564846053481884,0.0,0.0,0.0,0.0561874311844052,0.0004765135340743,0.0703107413678862,0.0154731735748115,0.0612359636637299,3.19002065,47.085664575,46.86611644,8.93774976
BA-BU-BV-CA-CC-CH-DF-EL-ER-FP-PC-PJ-RI,0.0,0.0005076923076923,0.0005076923076923,0.0005076923076923,0.0,0.0,0.0,0.0,0.0,0.0005076923076923,0.0,0.0,0.0005076923076923,0.0,0.0005076923076923,0.0005076923076923,0.0005076923076923,0.0005076923076923,0.0,0.0,0.0,0.0005076923076923,0.0005076923076923,0.0005076923076923,0.0,0.0005076923076923,0.0,0.0,28.0,0.0
BA-BU-BV-CA-CC-CH-DF-EL-ER-FP-PC-PJ-RI,48.0,0.2286730699597839,0.0644569684227932,0.1325374791838337,0.0,0.0,0.0,0.0,0.0,0.2561542891548101,0.0,0.0,0.1512347258842156,0.0,0.0330793518046128,0.0459184191198998,0.0020297822821397,0.256564664778354,0.0,0.0,0.0,0.1880688328686184,0.0333769970852835,0.5600339182297935,0.0,0.2342574752832436,7.6317,37.5162,35.844750000000005,25.61565
BA-BU-BV-CA-CC-CH-DF-EL-ER-FP-PC-RI,0.0,0.0005499999999999,0.0,0.0005499999999999,0.0,0.0,0.0,0.0,0.0,0.0005499999999999,0.0,0.0,0.0005499999999999,0.0,0.0005499999999999,0.0005499999999999,0.0005499999999999,0.0005499999999999,0.0,0.0,0.0,0.0005499999999999,0.0005499999999999,0.0005499999999999,0.0,0.0005499999999999,0.0,0.0,28.0,0.0
BA-BU-BV-CA-CC-CH-DF-EL-ER-FP-PC-RI,48.0,0.3374977505035639,0.0,0.1787614427039022,0.0,0.0,0.0,0.0,0.0,0.2773568375022898,0.0,0.0,0.17969011232142,0.0,0.0309968767755831,0.0561508076098559,0.0020465318541284,0.2577728648516707,0.0,0.0,0.0,0.1581794799692171,0.0444684357958095,0.5332005012003799,0.0,0.1884209445272434,6.899900000000001,38.8015,34.205650000000006,28.3961
BA-BU-BV-CA-CG-CH-DF-DL-DP-EL-FP-RI,0.0,0.0,0.0,0.00054999999999995,0.0,0.0,0.0,0.0,0.0,0.00054999999999995,0.00054999999999995,0.0,0.00054999999999995,0.0,0.00054999999999995,0.00054999999999995,0.00054999999999995,0.00054999999999995,0.0,0.0,0.00054999999999995,0.0,0.00054999999999995,0.0,0.00054999999999995,0.00054999999999995,0.0,0.0,28.0,0.0
BA-BU-BV-CA-CG-CH-DF-DL-DP-EL-FP-RI,16.0,0.0,0.0,0.027613014,0.0,0.0,0.0,0.0,0.0,0.163253526,0.009967625,0.0,0.358430389,0.0,0.020608737,0.004310324,0.001077581,0.13119549,0.0,0.0,0.035021383,0.0,0.005522603,0.0,0.386447496,0.12607698,1.12429864,53.59144236,39.45163389,7.87109259
BA-BU-BV-CA-CG-CH-DF-DL-DP-EL-FP-RI,32.0,0.0,0.0,0.038683229,0.0,0.0,0.0,0.0,0.0,0.156845312,0.012410319,0.0,0.15961783,0.0,0.053073919,0.006601234,0.000792148,0.214540095,0.0,0.0,0.048981154,0.0,0.002772518,0.0,0.359107112,0.233815697,0.7934276,51.39340304,45.71303057,9.83286864
BA-BU-BV-CA-CG-CH-DF-DL-DP-EL-FP-RI,48.0,0.0,0.0,0.07182976111141524,0.0,0.0,0.0,0.0,0.0,0.1051678556836122,0.00935102129294405,0.0,0.3758328098503638,0.0,0.0810176473475025,0.0096254470637918,0.0029224306611597,0.19617375626956454,0.0,0.0,0.10761086440909404,0.0,0.00183575073928745,0.0,0.5925898617216009,0.22257160617688737,1.42175471,63.77739208,49.1723482,11.334798515
BA-BU-BV-CC-CH-DF-DP-ER-FP-PJ-RI,0.0,0.0,0.0006,0.0006,0.0,0.0,0.0,0.0,0.0,0.0006,0.0006,0.0,0.0006,0.0,0.0,0.0,0.0006,0.0006,0.0,0.0,0.0,0.0006,0.0006,0.0006,0.0,0.0006,0.0,0.0,28.0,0.0
BA-BU-BV-CC-CH-DF-DP-ER-FP-PJ-RI,48.0,0.0,0.0870773547006258,0.0746765271550108,0.0,0.0,0.0,0.0,0.0,0.1898405294023218,0.025106534753064,0.0,0.7102813083632082,0.0,0.0,0.0,0.0012106739793456,0.100480054363529,0.0,0.0,0.0,0.017455271443095,0.0081404338380863,0.3606230005885819,0.0,0.0901956951147738,1.7649499999999998,36.642700000000005,39.0866,11.212
BA-BU-CC-CG-CH-DF-EL-ER-FP-PC-PJ-RI,0.0,0.0005499999999999,0.0005499999999999,0.0,0.0,0.0,0.0,0.0,0.0,0.0005499999999999,0.0,0.0,0.0005499999999999,0.0,0.0,0.0005499999999999,0.0005499999999999,0.0005499999999999,0.0,0.0,0.0005499999999999,0.0005499999999999,0.0005499999999999,0.0005499999999999,0.0,0.0005499999999999,0.0,0.0,28.0,0.0
BA-BU-CC-CG-CH-DF-EL-ER-FP-PC-PJ-RI,48.0,0.087814293490555,0.0721227336623904,0.0,0.0,0.0,0.0,0.0,0.0,0.3478218155112773,0.0,0.0,0.394471325013816,0.0,0.0,0.0292404084070489,0.0017881483711302,0.1680546200653159,0.0,0.0,0.0820569596315413,0.2124499613505392,0.0347131291036612,0.6973747678001951,0.0,0.1864945978374309,11.5337,45.80805,41.8083,12.7023
BA-BV-ER,0.0,0.0,0.0,0.0021999999999999,0.0,0.0,0.0,0.0,0.0,0.0,0.0,0.0,0.0021999999999999,0.0,0.0,0.0,0.0,0.0,0.0,0.0,0.0,0.0021999999999999,0.0,0.0,0.0,0.0,0.0,0.0,28.0,0.0
BA-BV-ER,48.0,0.0,0.0,0.2306118785349077,0.0,0.0,0.0,0.0,0.0,0.0,0.0,0.0,0.006056520200623,0.0,0.0,0.0,0.0,0.0,0.0,0.0,0.0,1.1781831409815284,0.0,0.0,0.0,0.0,4.403133333333333,10.011433333333333,35.70903333333333,17.0146
BA-BY-CA-FP,0.0,0.0,0.0,0.0,0.0,0.0,0.0,0.0,0.00165,0.0,0.0,0.0,0.00165,0.0,0.00165,0.0,0.00165,0.0,0.0,0.0,0.0,0.0,0.0,0.0,0.0,0.0,0.0,0.0,28.0,0.0
BA-BY-CA-FP,48.0,0.0,0.0,0.0,0.0,0.0,0.0,0.0,0.9190378570646232,0.0,0.0,0.0,0.3882469258869309,0.0,0.3687375723380725,0.0,0.0030994204189746,0.0,0.0,0.0,0.0,0.0,0.0,0.0,0.0,0.0,0.16694715,26.2155,43.38855,11.12435
BA-CA-CC-CH-DF-DL-ER-FP-PC-PJ-RI,0.0,0.0006,0.0006,0.0,0.0,0.0,0.0,0.0,0.0,0.0,0.0,0.0,0.0006,0.0,0.0006,0.0,0.0006,0.0006,0.0,0.0,0.0,0.0006,0.0006,0.0006,0.0006,0.0006,0.0,0.0,28.0,0.0
BA-CA-CC-CH-DF-DL-ER-FP-PC-PJ-RI,48.0,0.0922074049990816,0.1085319802285996,0.0,0.0,0.0,0.0,0.0,0.0,0.0,0.0,0.0,0.6054381698028212,0.0,0.0027750717008328,0.0,0.0009812967379879,0.0791691240629954,0.0,0.0,0.0,0.0466559108406754,0.0147246815109579,0.3277781042238188,0.2484722936093166,0.1059633753705196,3.1377,44.32495,50.9965,3.00695
BA-CC,0.0,0.0,0.0,0.0,0.0,0.0,0.0,0.0,0.0,0.0,0.0,0.0,0.0033,0.0,0.0,0.0,0.0,0.0,0.0,0.0,0.0,0.0,0.0,0.0033,0.0,0.0,0.0,0.0,28.0,0.0
BA-CC,48.0,0.0,0.0,0.0,0.0,0.0,0.0,0.0,0.0,0.0,0.0,0.0,0.6630149321745545,0.0,0.0,0.0,0.0,0.0,0.0,0.0,0.0,0.0,0.0,1.1638852360562078,0.0,0.0,8.025866666666667,43.63156666666666,42.5861,3.8400666666666665
BA-CC-PJ,0.0,0.0,0.0021999999999999,0.0,0.0,0.0,0.0,0.0,0.0,0.0,0.0,0.0,0.0021999999999999,0.0,0.0,0.0,0.0,0.0,0.0,0.0,0.0,0.0,0.0,0.0021999999999999,0.0,0.0,0.0,0.0,28.0,0.0
BA-CC-PJ,48.0,0.0,0.1253203749927703,0.0,0.0,0.0,0.0,0.0,0.0,0.0,0.0,0.0,0.0034075018526883,0.0,0.0,0.0,0.0,0.0,0.0,0.0,0.0,0.0,0.0,2.7755620296559704,0.0,0.0,23.00486666666667,29.7493,53.02096666666666,3.476433333333333
BA-ER,0.0,0.0,0.0,0.0,0.0,0.0,0.0,0.0,0.0,0.0,0.0,0.0,0.0033,0.0,0.0,0.0,0.0,0.0,0.0,0.0,0.0,0.0033,0.0,0.0,0.0,0.0,0.0,0.0,28.0,0.0
BA-ER,48.0,0.0,0.0,0.0,0.0,0.0,0.0,0.0,0.0,0.0,0.0,0.0,0.8754045826027498,0.0,0.0,0.0,0.0,0.0,0.0,0.0,0.0,0.2923608201926499,0.0,0.0,0.0,0.0,5.076333333333333,46.6059,48.55716666666667,4.354033333333334
BA-FP,0.0,0.0,0.0,0.0,0.0,0.0,0.0,0.0,0.0,0.0,0.0,0.0,0.0033,0.0,0.0,0.0,0.0033,0.0,0.0,0.0,0.0,0.0,0.0,0.0,0.0,0.0,0.0,0.0,28.0,0.0
BA-FP,48.0,0.0,0.0,0.0,0.0,0.0,0.0,0.0,0.0,0.0,0.0,0.0,1.0547472278245629,0.0,0.0,0.0,0.0082171494811047,0.0,0.0,0.0,0.0,0.0,0.0,0.0,0.0,0.0,0.4370333333333333,55.0341,55.452,5.454266666666666
BA-RI,0.0,0.0,0.0,0.0,0.0,0.0,0.0,0.0,0.0,0.0,0.0,0.0,0.0033,0.0,0.0,0.0,0.0,0.0,0.0,0.0,0.0,0.0,0.0033,0.0,0.0,0.0,0.0,0.0,28.0,0.0
BA-RI,48.0,0.0,0.0,0.0,0.0,0.0,0.0,0.0,0.0,0.0,0.0,0.0,1.0131806771054956,0.0,0.0,0.0,0.0,0.0,0.0,0.0,0.0,0.0,0.0059331532505925,0.0,0.0,0.0,2.908233333333333,48.4827,45.86383333333333,4.9592
BC,0.0,0.0,0.0,0.0,0.0,0.0,0.0,0.0066,0.0,0.0,0.0,0.0,0.0,0.0,0.0,0.0,0.0,0.0,0.0,0.0,0.0,0.0,0.0,0.0,0.0,0.0,0.0,0.0,28.0,0.0
BC,48.0,0.0,0.0,0.0,0.0,0.0,0.0,1.6763192150001065,0.0,0.0,0.0,0.0,0.0,0.0,0.0,0.0,0.0,0.0,0.0,0.0,0.0,0.0,0.0,0.0,0.0,0.0,0.0,20.43435714285714,29.865185714285712,25.13777142857143
BC-BF-BH-BL-BO-BP-BU-BY-CA-CG-DF-DP-EL-RI,0.0,0.0,0.0,0.0,0.0004714285714285,0.0004714285714285,0.0,0.0004714285714285,0.0004714285714285,0.0004714285714285,0.0004714285714285,0.0004714285714285,0.0,0.0004714285714285,0.0004714285714285,0.0004714285714285,0.0,0.0,0.0,0.0004714285714285,0.0004714285714285,0.0,0.0004714285714285,0.0,0.0,0.0004714285714285,0.0,0.0,28.0,0.0
BC-BF-BH-BL-BO-BP-BU-BY-CA-CG-DF-DP-EL-RI,48.0,0.0,0.0,0.0,0.365155260265526,0.3362749065588648,0.0,0.6282573494517056,0.1920139186054896,0.0154697845143946,0.0084447776000369,0.0200153518567124,0.0,0.2780882724416986,0.0056913951462457,0.0085084571075555,0.0,0.0,0.0,0.0006334396839619,0.2168006681406524,0.0,0.0008085079132122,0.0,0.0,0.0851573084282309,0.247480495,57.623408695,51.492804185,16.529438885
BC-BF-BH-BL-BO-BV-CG-CH-DP-EL-PC-RI,0.0,0.00054999999999995,0.0,0.00054999999999995,0.00054999999999995,0.00054999999999995,0.0,0.00054999999999995,0.0,0.0,0.00054999999999995,0.00054999999999995,0.0,0.0,0.0,0.00054999999999995,0.0,0.00054999999999995,0.0,0.00054999999999995,0.00054999999999995,0.0,0.00054999999999995,0.0,0.0,0.0,0.0,0.0,28.0,0.0
BC-BF-BH-BL-BO-BV-CG-CH-DP-EL-PC-RI,16.0,0.370977968,0.0,0.021804542,0.272180836,0.268271056,0.0,0.55067747,0.0,0.0,0.01172934,0.09067682,0.0,0.0,0.0,0.001654138,0.0,0.127970106,0.0,0.001654138,0.049022626,0.0,0.003007523,0.0,0.0,0.0,1.27063736,53.08532572,39.32979007,26.75868703
BC-BF-BH-BL-BO-BV-CG-CH-DP-EL-PC-RI,32.0,0.370961055,0.0,0.021348625,0.177675654,0.262611044,0.0,0.48665683,0.0,0.0,0.008493539,0.028235278,0.0,0.0,0.0,0.002754661,0.0,0.293830539,0.0,0.002525106,0.053256785,0.0,0.002754661,0.0,0.0,0.0,1.25717616,55.16469224,37.52224468,29.42929471
BC-BF-BH-BL-BO-BV-CG-CH-DP-EL-PC-RI,48.0,0.42756674976847586,0.0,0.03399172882803785,0.2286429712919628,0.35957176546641956,0.0,0.6003814108315958,0.0,0.0,0.01037624545561925,0.02389526441055875,0.0,0.0,0.0,0.0032062778589222,0.0,0.2909153420827375,0.0,0.00167024769871845,0.11810115372505325,0.0,0.0027475293162187503,0.0,0.0,0.0,2.2586456,55.55696239,37.027274285000004,37.327472757500004
BC-BF-BH-BL-BO-CA-CC-CG-DL-EL-RI,0.0,0.0,0.0,0.0,0.0006,0.0006,0.0,0.0006,0.0,0.0,0.0,0.0006,0.0,0.0,0.0006,0.0006,0.0,0.0,0.0,0.0006,0.0006,0.0,0.0006,0.0006,0.0006,0.0,0.0,0.0,28.0,0.0
BC-BF-BH-BL-BO-CA-CC-CG-DL-EL-RI,16.0,0.0,0.0,0.0,0.377157813,0.275887667,0.0,0.465602189,0.0,0.0,0.0,0.022311497,0.0,0.0,0.030728408,0.001870425,0.0,0.0,0.0,0.002538434,0.039278922,0.0,0.002004027,0.01576501,0.48978411,0.0,0.9903232,49.95978676,44.20675573,16.65050648
BC-BF-BH-BL-BO-CA-CC-CG-DL-EL-RI,32.0,0.0,0.0,0.0,0.316463055,0.231128091,0.0,0.510803636,0.0,0.0,0.0,0.026082948,0.0,0.0,0.027741402,0.003769212,0.0,0.0,0.0,0.001055379,0.040104418,0.0,0.00195999,0.016735302,0.478991485,0.0,2.18375056,57.79141932,59.83380255,18.05984558
BC-BF-BH-BL-BO-CA-CC-CG-DL-EL-RI,48.0,0.0,0.0,0.0,0.4635991571409426,0.2520737626520779,0.0,0.6227812926940468,0.0,0.0,0.0,0.02791253727320105,0.0,0.0,0.0135662229937142,0.00641064536683115,0.0,0.0,0.0,0.0020951928807269,0.0960133972096085,0.0,0.0024184345854266,0.1205049956477984,0.21771654979247176,0.0,4.7550838825,54.62476917,48.33796572,22.23451039
BC-BF-BH-BL-BT-BU-CC-CH-DP-PC-RI,0.0,0.0006,0.0,0.0,0.0006,0.0,0.0006,0.0006,0.0,0.0006,0.0006,0.0006,0.0,0.0,0.0,0.0,0.0,0.0006,0.0,0.0006,0.0,0.0,0.0006,0.0006,0.0,0.0,0.0,0.0,28.0,0.0
BC-BF-BH-BL-BT-BU-CC-CH-DP-PC-RI,16.0,0.223630713,0.0,0.0,0.227436341,0.0,0.224131454,0.380462642,0.0,0.077514632,0.007310812,0.059588121,0.0,0.0,0.0,0.0,0.0,0.073007967,0.0,0.001001481,0.0,0.0,0.002303406,0.029343394,0.0,0.0,1.39307296,48.2750664,44.61215856,21.51525039
BC-BF-BH-BL-BT-BU-CC-CH-DP-PC-RI,32.0,0.242523038,0.0,0.0,0.215402182,0.0,0.343704692,0.467313208,0.0,0.086751968,0.007301769,0.040507432,0.0,0.0,0.0,0.0,0.0,0.190889101,0.0,0.002260071,0.0,0.0,0.00312933,0.039985877,0.0,0.0,1.64920368,54.72584716,54.49250813,25.41522868
BC-BF-BH-BL-BT-BU-CC-CH-DP-PC-RI,48.0,0.1569235061319243,0.0,0.0,0.2457623053418259,0.0,0.4496190512147269,0.4870660290130284,0.0,0.04700210154342785,0.0043289355182397,0.026569456389693047,0.0,0.0,0.0,0.0,0.0,0.25503854140590615,0.0,0.0012115423451071,0.0,0.0,0.0010807224999999998,0.08514722682580579,0.0,0.0,2.1894313325,51.412571075,53.4968979,24.952263674999998
BC-BF-BH-BP-BT-BU-CA-CG-DF-DP-FP-PJ,0.0,0.0,0.0005499999999999,0.0,0.0005499999999999,0.0,0.0005499999999999,0.0005499999999999,0.0,0.0005499999999999,0.0005499999999999,0.0,0.0,0.0005499999999999,0.0005499999999999,0.0,0.0005499999999999,0.0,0.0,0.0005499999999999,0.0005499999999999,0.0,0.0,0.0,0.0,0.0005499999999999,0.0,0.0,28.0,0.0
BC-BF-BH-BP-BT-BU-CA-CG-DF-DP-FP-PJ,48.0,0.0,0.0822103038536201,0.0,0.3030931116137725,0.0,0.3960147190754873,0.4381631202621879,0.0,0.0408726770580743,0.0096045260609575,0.0,0.0,0.4004409230986367,0.0122975619314232,0.0,0.0021091739378516,0.0,0.0,0.0011558539345779,0.1544476880188512,0.0,0.0,0.0,0.0,0.091147984911739,2.683080685,58.15917907,51.0246931,14.41152894
BC-BF-BH-BU-BV-BY-CA-CG-CH-DP-PJ,0.0,0.0,0.0006,0.0006,0.0006,0.0,0.0,0.0006,0.0006,0.0006,0.0006,0.0,0.0,0.0,0.0006,0.0,0.0,0.0006,0.0,0.0006,0.0006,0.0,0.0,0.0,0.0,0.0,0.0,0.0,28.0,0.0
BC-BF-BH-BU-BV-BY-CA-CG-CH-DP-PJ,48.0,0.0,0.0498121040710355,0.0356805997910766,0.440728332487551,0.0,0.0,0.3864520511534523,0.1826742978427656,0.1535508848508345,0.0080282889580534,0.0,0.0,0.0,0.3319617855570905,0.0,0.0,0.3082423024455457,0.0,0.0011428807216291,0.0459727367658483,0.0,0.0,0.0,0.0,0.0,1.71411373,50.962705505,31.190713405,28.61181405
BC-BF-BL-BO-BP-BT-CA-DF-DP-EL-ER,0.0,0.0,0.0,0.0,0.0006,0.0006,0.0006,0.0006,0.0,0.0,0.0006,0.0006,0.0,0.0006,0.0006,0.0006,0.0,0.0,0.0,0.0,0.0,0.0006,0.0,0.0,0.0,0.0006,0.0,0.0,28.0,0.0
BC-BF-BL-BO-BP-BT-CA-DF-DP-EL-ER,48.0,0.0,0.0,0.0,0.353255397423156,0.1910533081434233,0.4312640323987463,0.3263626035387507,0.0,0.0,0.0107276418496127,0.0468327565353916,0.0,0.4801933534807101,0.0307001895048757,0.013291362929756,0.0,0.0,0.0,0.0,0.0,0.0799758015740007,0.0,0.0,0.0,0.1141417020389846,1.7572330049999998,57.89154281,57.903215095,17.224496205
BC-BF-BL-BO-BP-BU-CA-DF-DP-EL-RI,0.0,0.0,0.0,0.0,0.0006,0.0006,0.0,0.0006,0.0,0.0006,0.0006,0.0006,0.0,0.0006,0.0006,0.0006,0.0,0.0,0.0,0.0,0.0,0.0,0.0006,0.0,0.0,0.0006,0.0,0.0,28.0,0.0
BC-BF-BL-BO-BP-BU-CA-DF-DP-EL-RI,48.0,0.0,0.0,0.0,0.5604611065262564,0.3332154297950574,0.0,0.5084207564610874,0.0,0.0557881797669801,0.01826436445878,0.0456609111469503,0.0,0.6243259201506358,0.0198974967615091,0.0217011226938836,0.0,0.0,0.0,0.0,0.0,0.0,0.0004593906610452,0.0,0.0,0.1225843919535749,1.06412563,60.16181686,57.364845775,15.91871893
BC-BF-BO-BP-BT-BU-CG-CH-DF-DL-PC,0.0,0.0006,0.0,0.0,0.0006,0.0006,0.0006,0.0006,0.0,0.0006,0.0,0.0,0.0,0.0006,0.0,0.0,0.0,0.0006,0.0,0.0,0.0006,0.0,0.0,0.0,0.0006,0.0006,0.0,0.0,28.0,0.0
BC-BF-BO-BP-BT-BU-CG-CH-DF-DL-PC,48.0,0.0678815334916743,0.0,0.0,0.2810785042591034,0.2098931909236423,0.3859679265629316,0.4347463171744727,0.0,0.0622195086070042,0.0,0.0,0.0,0.3519506102598988,0.0,0.0,0.0,0.105893978668253,0.0,0.0,0.1507721869451382,0.0,0.0,0.0,0.1361892970060667,0.0928253870236156,-0.022979755,54.65700973,49.425856525,16.57101525
BC-BF-BT-CC-RI,0.0,0.0,0.0,0.0,0.00132,0.0,0.00132,0.00132,0.0,0.0,0.0,0.0,0.0,0.0,0.0,0.0,0.0,0.0,0.0,0.0,0.0,0.0,0.00132,0.00132,0.0,0.0,0.0,0.0,28.0,0.0
BC-BF-BT-CC-RI,48.0,0.0,0.0,0.0,0.4313032678010502,0.0,0.4564717505317405,0.490031935158181,0.0,0.0,0.0,0.0,0.0,0.0,0.0,0.0,0.0,0.0,0.0,0.0,0.0,0.0,0.0008368793504946,0.3009061093430927,0.0,0.0,5.16955,24.80265,40.68615,21.75995
BC-BH-BL-BO-BT-CG-DL-EL-FP-PC-PJ-RI,0.0,0.00054999999999995,0.00054999999999995,0.0,0.0,0.00054999999999995,0.00054999999999995,0.00054999999999995,0.0,0.0,0.0,0.00054999999999995,0.0,0.0,0.0,0.00054999999999995,0.00054999999999995,0.0,0.0,0.00054999999999995,0.00054999999999995,0.0,0.00054999999999995,0.0,0.00054999999999995,0.0,0.0,0.0,28.0,0.0
BC-BH-BL-BO-BT-CG-DL-EL-FP-PC-PJ-RI,16.0,0.029069111,0.024350099,0.0,0.0,0.284650774,0.435847902,0.490777196,0.0,0.0,0.0,0.026237704,0.0,0.0,0.0,0.003397688,0.000943802,0.0,0.0,0.002076365,0.037374571,0.0,0.005285293,0.0,0.748623984,0.0,0.62834832,55.71169032,50.48829771,17.92295688
BC-BH-BL-BO-BT-CG-DL-EL-FP-PC-PJ-RI,32.0,0.03775142,0.030405198,0.0,0.0,0.197123633,0.392002586,0.459955143,0.0,0.0,0.0,0.036731112,0.0,0.0,0.0,0.003264988,0.00122437,0.0,0.0,0.0,0.047546383,0.0,0.003060926,0.0,0.394655389,0.0,1.54392016,58.67614632,61.19132123,19.09383594
BC-BH-BL-BO-BT-CG-DL-EL-FP-PC-PJ-RI,48.0,0.14706352561373154,0.0103547862669165,0.0,0.0,0.22066570831903046,0.5319088444839464,0.5148835650182089,0.0,0.0,0.0,0.022259522514433902,0.0,0.0,0.0,0.00612656958719965,0.0016665536413507,0.0,0.0,0.0012961418456637502,0.1164244072224592,0.0,0.0006903652485699501,0.0,0.14545312871419044,0.0,1.02571688,46.7153457025,50.8531396825,27.4562271275
BC-BH-BL-BP-BU-BV-BY-CA-CC-CG-CH-DF-ER-FP-PC-PJ-RI,0.0,0.0003882352941176,0.0003882352941176,0.0003882352941176,0.0,0.0,0.0,0.0003882352941176,0.0003882352941176,0.0003882352941176,0.0,0.0003882352941176,0.0,0.0003882352941176,0.0003882352941176,0.0,0.0003882352941176,0.0003882352941176,0.0,0.0003882352941176,0.0003882352941176,0.0003882352941176,0.0003882352941176,0.0003882352941176,0.0,0.0003882352941176,0.0,0.0,28.0,0.0
BC-BH-BL-BP-BU-BV-BY-CA-CC-CG-CH-DF-ER-FP-PC-PJ-RI,48.0,0.0600511922386441,0.0393677947830764,0.0518781169584801,0.0,0.0,0.0,0.9930106541620028,0.2845158766275549,0.1148905095945256,0.0,0.0311793869376924,0.0,0.2852639836847452,0.0010124335075249,0.0,0.0031314136851558,0.112010957833645,0.0,0.0028312487269837,0.065138851529311,0.0585428887321514,0.0157333561179284,0.3407331706855617,0.0,0.149867581071068,4.896050000000001,43.7437,44.4217,23.34785
BC-BH-BL-BP-BU-CA-DF-DL-DP-EL-FP,0.0,0.0,0.0,0.0,0.0,0.0,0.0,0.0006,0.0,0.0006,0.0006,0.0006,0.0,0.0006,0.0006,0.0006,0.0006,0.0,0.0,0.0006,0.0,0.0,0.0,0.0,0.0006,0.0006,0.0,0.0,28.0,0.0
BC-BH-BL-BP-BU-CA-DF-DL-DP-EL-FP,16.0,0.0,0.0,0.0,0.0,0.0,0.0,0.743964354,0.0,0.15587983,0.011977959,0.010480714,0.0,0.209115204,0.030277619,0.001330884,0.000332721,0.0,0.0,0.001497245,0.0,0.0,0.0,0.0,0.306768844,0.154881667,0.30539048,61.39043596,54.17905765,11.98589679
BC-BH-BL-BP-BU-CA-DF-DL-DP-EL-FP,32.0,0.0,0.0,0.0,0.0,0.0,0.0,0.775864642,0.0,0.125267634,0.008155989,0.032623958,0.0,0.27960405,0.035342621,0.004391687,0.000209128,0.0,0.0,0.00104564,0.0,0.0,0.0,0.0,0.339205512,0.227112938,0.72099992,52.58407892,55.56850088,11.82875188
BC-BH-BL-BP-BU-CA-DF-DL-DP-EL-FP,48.0,0.0,0.0,0.0,0.0,0.0,0.0,1.322965701611719,0.0,0.09055951638541704,0.0147855149690673,0.0332276184878567,0.0,0.34599173630633495,0.0174745053544658,0.01191692289203285,0.00102051847431315,0.0,0.0,0.00146045131905995,0.0,0.0,0.0,0.0,0.17791705292980414,0.18079442511357458,1.3457812675,56.9774415675,57.1856700175,13.5205284875
BC-BH-BL-BT-BU-BV-CA-CG-CH-EL-FP-PC-RI,0.0,0.0005076923076923,0.0,0.0005076923076923,0.0,0.0,0.0005076923076923,0.0005076923076923,0.0,0.0005076923076923,0.0,0.0005076923076923,0.0,0.0,0.0005076923076923,0.0005076923076923,0.0005076923076923,0.0005076923076923,0.0,0.0005076923076923,0.0005076923076923,0.0,0.0005076923076923,0.0,0.0,0.0,0.0,0.0,28.0,0.0
BC-BH-BL-BT-BU-BV-CA-CG-CH-EL-FP-PC-RI,48.0,0.2943103504601466,0.0,0.0600245549432458,0.0,0.0,0.5845222144268154,0.6498901984627807,0.0,0.0509267651370248,0.0,0.0222649355637776,0.0,0.0,0.0235564464638466,0.0120821508920731,0.0032247050592624,0.056655143335319,0.0,0.000983511049009,0.1729709800851309,0.0,0.0008831762275804,0.0,0.0,0.0,1.62911011,49.63844612,40.223059415,40.98616663
BC-BH-BL-BY-CA-CH-DP-ER-FP-PC-PJ-RI,0.0,0.00054999999999995,0.00054999999999995,0.0,0.0,0.0,0.0,0.00054999999999995,0.00054999999999995,0.0,0.00054999999999995,0.00054999999999995,0.0,0.0,0.00054999999999995,0.0,0.00054999999999995,0.00054999999999995,0.0,0.00054999999999995,0.0,0.00054999999999995,0.00054999999999995,0.0,0.0,0.0,0.0,0.0,28.0,0.0
BC-BH-BL-BY-CA-CH-DP-ER-FP-PC-PJ-RI,16.0,0.218483858,0.028470984,0.0,0.021167558,0.0,0.0,0.666097247,0.203877005,0.0,0.00953159,0.014978214,0.014359279,0.0,0.045553575,0.0,0.000866508,0.026614181,0.0,0.000742721,0.0,0.17503466,0.002970885,0.0,0.021043771,0.0,2.78475664,33.8350058,35.83376432,18.75250014
BC-BH-BL-BY-CA-CH-DP-ER-FP-PC-PJ-RI,32.0,0.29032972,0.02128145,0.0,0.0,0.0,0.0,0.582773492,0.183640595,0.0,0.004369039,0.015080233,0.0,0.0,0.023677375,0.0,0.000281874,0.111058165,0.0,0.000563747,0.0,0.207458907,0.002395925,0.0,0.0,0.0,4.93777776,46.00174156,47.49220559,27.69643683
BC-BH-BL-BY-CA-CH-DP-ER-FP-PC-PJ-RI,48.0,0.2128629525799446,0.07072644365422595,0.0,0.0,0.0,0.0,0.7843323227805981,0.17626657140983196,0.0,0.0077089038852855,0.0313839842157528,0.0,0.0,0.044258477747021,0.0,0.00259127337259835,0.2716145845399369,0.0,0.0015230209313562,0.0,0.12654105063099896,0.00149137974680565,0.0,0.0,0.0,3.41685861,44.655753669999996,41.856719569999996,25.634650595
BC-BH-BO-BP-BU-BV-BY-CC-CG-EL-ER-FP-PC-PJ-RI,0.0,0.00044,0.00044,0.00044,0.0,0.00044,0.0,0.00044,0.00044,0.00044,0.0,0.0,0.0,0.00044,0.0,0.00044,0.00044,0.0,0.0,0.00044,0.00044,0.00044,0.00044,0.00044,0.0,0.0,0.0,0.0,28.0,0.0
BC-BH-BO-BP-BU-BV-BY-CC-CG-EL-ER-FP-PC-PJ-RI,48.0,0.0457433379627447,0.046610722845783,0.0479203992287254,0.0,0.4541612442225128,0.0,0.8253004799652274,0.3066287915297048,0.1040497368118838,0.0,0.0,0.0,0.5153597359377737,0.0,0.031982388452374,0.0009133712662615,0.0,0.0,0.0018267425325217,0.083671238704198,0.0574218158493355,0.0302906139782056,0.4546667202223993,0.0,0.0,4.3124,40.3304,41.5035,28.17535
BC-BH-BO-BP-BU-BV-BY-CC-CG-ER-FP-PC-PJ-RI,0.0,0.0004714285714285,0.0004714285714285,0.0004714285714285,0.0,0.0004714285714285,0.0,0.0004714285714285,0.0004714285714285,0.0004714285714285,0.0,0.0,0.0,0.0004714285714285,0.0,0.0,0.0004714285714285,0.0,0.0,0.0004714285714285,0.0004714285714285,0.0004714285714285,0.0004714285714285,0.0004714285714285,0.0,0.0,0.0,0.0,28.0,0.0
BC-BH-BO-BP-BU-BV-BY-CC-CG-ER-FP-PC-PJ-RI,48.0,0.0469096086640737,0.039987001870235,0.0443636564831278,0.0,0.3547298180787058,0.0,0.7254464482360881,0.2421165773052046,0.0960994862218587,0.0,0.0,0.0,0.5399540488156459,0.0,0.0,0.0017560978058611,0.0,0.0,0.0035438121601012,0.0776926288213821,0.0664391268774747,0.0201085955992989,0.3627207260784327,0.0,0.0,4.8682,41.72495,40.22755,22.97585
BC-BH-BP-BU-BV-BY-CC-CH-DF-DP-ER-FP-PJ-RI,0.0,0.0,0.0004714285714285,0.0004714285714285,0.0,0.0,0.0,0.0004714285714285,0.0004714285714285,0.0004714285714285,0.0004714285714285,0.0,0.0,0.0004714285714285,0.0,0.0,0.0004714285714285,0.0004714285714285,0.0,0.0004714285714285,0.0,0.0004714285714285,0.0004714285714285,0.0004714285714285,0.0,0.0004714285714285,0.0,0.0,28.0,0.0
BC-BH-BP-BU-BV-BY-CC-CH-DF-DP-ER-FP-PJ-RI,48.0,0.0,0.0656596547368767,0.0394796361050599,0.0,0.0,0.0,0.9092039405188768,0.2106255391360289,0.1268847560988893,0.0352940645249783,0.0,0.0,0.5038661941254835,0.0,0.0,0.0011157809853622,0.080393440081053,0.0,0.0024846544186412,0.0,0.0041324730982625,0.0068212321361334,0.2955023164152941,0.0,0.0652514454984162,1.25175,42.4601,47.55415000000001,19.74335
BC-BH-BP-BV-BY-CA-CC-CH-DF-DP-ER-FP-PJ-RI,0.0,0.0,0.0004714285714285,0.0004714285714285,0.0,0.0,0.0,0.0004714285714285,0.0004714285714285,0.0,0.0004714285714285,0.0,0.0,0.0004714285714285,0.0004714285714285,0.0,0.0004714285714285,0.0004714285714285,0.0,0.0004714285714285,0.0,0.0004714285714285,0.0004714285714285,0.0004714285714285,0.0,0.0004714285714285,0.0,0.0,28.0,0.0
BC-BH-BP-BV-BY-CA-CC-CH-DF-DP-ER-FP-PJ-RI,48.0,0.0,0.0602984925909299,0.0541156374941466,0.0,0.0,0.0,0.9991849172016434,0.2013765561459521,0.0,0.0262141453487637,0.0,0.0,0.5270298242405496,0.0009732592861876,0.0,0.0017590355949726,0.07708593337429,0.0,0.0020150740027051,0.0,0.0045256081912977,0.0162405640247239,0.3375882286034914,0.0,0.0813523697898315,1.9037,45.716750000000005,51.76235,21.135350000000003
BC-BH-BP-BV-BY-CA-CC-CH-DP-ER-FP-PJ-RI,0.0,0.0,0.0005076923076923,0.0005076923076923,0.0,0.0,0.0,0.0005076923076923,0.0005076923076923,0.0,0.0005076923076923,0.0,0.0,0.0005076923076923,0.0005076923076923,0.0,0.0005076923076923,0.0005076923076923,0.0,0.0005076923076923,0.0,0.0005076923076923,0.0005076923076923,0.0005076923076923,0.0,0.0,0.0,0.0,28.0,0.0
BC-BH-BP-BV-BY-CA-CC-CH-DP-ER-FP-PJ-RI,48.0,0.0,0.0710983569507547,0.0530991900860634,0.0,0.0,0.0,1.019268020360376,0.2308771372179503,0.0,0.0357487598456011,0.0,0.0,0.5217093394433368,0.0017227432676202,0.0,0.0013248858911065,0.085157289618148,0.0,0.0028024553804496,0.0,0.0020643233177468,0.0099010840116181,0.342905200119981,0.0,0.0,1.3766500000000002,44.40815,49.12185,20.92555
BC-BL-BO-BU-BV-CG-CH-DP-EL-PJ-RI,0.0,0.0,0.0006,0.0006,0.0,0.0006,0.0,0.0006,0.0,0.0006,0.0006,0.0006,0.0,0.0,0.0,0.0006,0.0,0.0006,0.0,0.0,0.0006,0.0,0.0006,0.0,0.0,0.0,0.0,0.0,28.0,0.0
BC-BL-BO-BU-BV-CG-CH-DP-EL-PJ-RI,16.0,0.0,0.025147127,0.050433188,0.0,0.362757722,0.0,0.705369956,0.0,0.134071697,0.023896717,0.049460647,0.0,0.0,0.0,0.003056557,0.0,0.110036046,0.0,0.0,0.052378269,0.0,0.007224589,0.0,0.0,0.0,1.55103328,50.4900162,38.12629946,22.69451016
BC-BL-BO-BU-BV-CG-CH-DP-EL-PJ-RI,32.0,0.0,0.028247126,0.016615957,0.0,0.279978871,0.0,0.7294405,0.0,0.089103068,0.012046569,0.058986646,0.0,0.0,0.0,0.004777088,0.0,0.359320064,0.0,0.0,0.051301766,0.0,0.005815585,0.0,0.0,0.0,1.26793928,50.3943924,41.83427751,24.45972218
BC-BL-BO-BU-BV-CG-CH-DP-EL-PJ-RI,48.0,0.0,0.08024626893911485,0.062431228677099604,0.0,0.2870529747105377,0.0,0.6194400041964676,0.0,0.0878635962322512,0.01368302151712205,0.0394598565807881,0.0,0.0,0.0,0.0049876274859494505,0.0,0.48566402709792045,0.0,0.0,0.10102402257679904,0.0,0.00380574158742395,0.0,0.0,0.0,2.8750197675,53.3808133925,37.461826112500006,29.45786761
BC-BL-BP-BT-BU-CA-CC-DF-DP-EL-PC-PJ-RI,0.0,0.00050769215384615,0.00050769215384615,0.0,0.0,0.0,0.00050769215384615,0.00050769215384615,0.0,0.00050769215384615,0.00050769215384615,0.00050769215384615,0.0,0.00050769215384615,0.00050769215384615,0.00050769215384615,0.0,0.0,0.0,0.0,0.0,0.0,0.00050769215384615,0.00050769215384615,0.0,0.00050769215384615,0.0,0.0,28.0,0.0
BC-BL-BP-BT-BU-CA-CC-DF-DP-EL-PC-PJ-RI,16.0,0.048128087,0.018926776,0.0,0.0,0.0,0.411792568,0.502235519,0.0,0.114101421,0.010139344,0.024875191,0.0,0.27646612,0.022306557,0.002298251,0.0,0.0,0.0,0.0,0.0,0.0,0.004596503,0.036501639,0.0,0.175613443,1.69484912,52.51124408,53.21587116,19.04229627
BC-BL-BP-BT-BU-CA-CC-DF-DP-EL-PC-PJ-RI,32.0,0.025301145,0.022843319,0.0,0.0,0.0,0.48028802,0.558070968,0.0,0.083999801,0.007662632,0.011566238,0.0,0.172770675,0.021686696,0.001301202,0.0,0.0,0.0,0.0,0.0,0.0,0.003469871,0.0413493,0.0,0.265155999,2.31262768,48.67140676,51.94740361,18.54030569
BC-BL-BP-BT-BU-CA-CC-DF-DP-EL-PC-PJ-RI,48.0,0.01195291748909502,0.06927591589188295,0.0,0.0,0.0,0.6987736348595935,0.5348716131552551,0.0,0.03532780653508865,0.0047129900123461,0.01825682737452065,0.0,0.21786515976377305,0.00438723584771455,0.009016474853090749,0.0,0.0,0.0,0.0,0.0,0.0,0.0005688964836904999,0.06363930730172815,0.0,0.13510132301376754,1.94503088,50.38476589,54.5968102625,19.379172715
BC-BO-BU-CC-CG-DL-EL-ER-FP-PC-PJ-RI,0.0,0.0005499999999999,0.0005499999999999,0.0,0.0,0.0005499999999999,0.0,0.0005499999999999,0.0,0.0005499999999999,0.0,0.0,0.0,0.0,0.0,0.0005499999999999,0.0005499999999999,0.0,0.0,0.0,0.0005499999999999,0.0005499999999999,0.0005499999999999,0.0005499999999999,0.0005499999999999,0.0,0.0,0.0,28.0,0.0
BC-BO-BU-CC-CG-DL-EL-ER-FP-PC-PJ-RI,48.0,0.0557652307534378,0.0649639208932828,0.0,0.0,0.3709460683805157,0.0,0.7491697391821495,0.0,0.1392595451412942,0.0,0.0,0.0,0.0,0.0,0.0200564733325256,0.0009221097151207,0.0,0.0,0.0,0.0720139310288726,0.1933942149357511,0.0189591392903849,0.4593256857668294,0.4000818976562773,0.0,9.7043,36.33695,38.24975,26.16915
BC-BP-BU-CC-CH-DF-EL-ER-FP-PC-RI,0.0,0.0006,0.0,0.0,0.0,0.0,0.0,0.0006,0.0,0.0006,0.0,0.0,0.0,0.0006,0.0,0.0006,0.0006,0.0006,0.0,0.0,0.0,0.0006,0.0006,0.0006,0.0,0.0006,0.0,0.0,28.0,0.0
BC-BP-BU-CC-CH-DF-EL-ER-FP-PC-RI,48.0,0.0803532270495736,0.0,0.0,0.0,0.0,0.0,1.2282248855108202,0.0,0.1843557161757517,0.0,0.0,0.0,0.1441838429266886,0.0,0.0273561499692696,0.0005263449437201,0.1613738475610191,0.0,0.0,0.0,0.1201260167688641,0.0320671959155042,0.3921764554285809,0.0,0.1310849878108551,5.74505,33.9469,39.51355,24.5316
BC-BT-BV-ER-FP,0.0,0.0,0.0,0.00132,0.0,0.0,0.00132,0.00132,0.0,0.0,0.0,0.0,0.0,0.0,0.0,0.0,0.00132,0.0,0.0,0.0,0.0,0.00132,0.0,0.0,0.0,0.0,0.0,0.0,28.0,0.0
BC-BT-BV-ER-FP,48.0,0.0,0.0,0.096709723268473,0.0,0.0,0.7461093257446054,0.9102620696236996,0.0,0.0,0.0,0.0,0.0,0.0,0.0,0.0,0.0038345872995759,0.0,0.0,0.0,0.0,0.1998951437607343,0.0,0.0,0.0,0.0,1.90482495,20.86985,39.856,23.601
BC-BT-BV-ER-RI,0.0,0.0,0.0,0.00132,0.0,0.0,0.00132,0.00132,0.0,0.0,0.0,0.0,0.0,0.0,0.0,0.0,0.0,0.0,0.0,0.0,0.0,0.00132,0.00132,0.0,0.0,0.0,0.0,0.0,28.0,0.0
BC-BT-BV-ER-RI,48.0,0.0,0.0,0.1131108883628108,0.0,0.0,0.6806027524574743,0.8144991417304723,0.0,0.0,0.0,0.0,0.0,0.0,0.0,0.0,0.0,0.0,0.0,0.0,0.0,0.190794185454977,0.0004562541411046,0.0,0.0,0.0,2.5020519,23.002,36.13815,21.842
BC-BV-ER-FP,0.0,0.0,0.0,0.00165,0.0,0.0,0.0,0.00165,0.0,0.0,0.0,0.0,0.0,0.0,0.0,0.0,0.00165,0.0,0.0,0.0,0.0,0.00165,0.0,0.0,0.0,0.0,0.0,0.0,28.0,0.0
BC-BV-ER-FP,48.0,0.0,0.0,0.1482503786063451,0.0,0.0,0.0,1.3939577111089816,0.0,0.0,0.0,0.0,0.0,0.0,0.0,0.0,0.0029392887951686,0.0,0.0,0.0,0.0,0.367227393846449,0.0,0.0,0.0,0.0,2.0682,23.8443,32.0074,28.5879
BC-BV-ER-FP-RI,0.0,0.0,0.0,0.00132,0.0,0.0,0.0,0.00132,0.0,0.0,0.0,0.0,0.0,0.0,0.0,0.0,0.00132,0.0,0.0,0.0,0.0,0.00132,0.00132,0.0,0.0,0.0,0.0,0.0,28.0,0.0
BC-BV-ER-FP-RI,48.0,0.0,0.0,0.213750524038113,0.0,0.0,0.0,1.540963710679886,0.0,0.0,0.0,0.0,0.0,0.0,0.0,0.0,0.0023069311071927,0.0,0.0,0.0,0.0,0.371948932563525,0.0002958415841581,0.0,0.0,0.0,2.77335685,8.78555,27.5103,23.2702
BC-BV-ER-RI,0.0,0.0,0.0,0.00165,0.0,0.0,0.0,0.00165,0.0,0.0,0.0,0.0,0.0,0.0,0.0,0.0,0.0,0.0,0.0,0.0,0.0,0.00165,0.00165,0.0,0.0,0.0,0.0,0.0,28.0,0.0
BC-BV-ER-RI,48.0,0.0,0.0,0.1391165332667542,0.0,0.0,0.0,1.3070224637440877,0.0,0.0,0.0,0.0,0.0,0.0,0.0,0.0,0.0,0.0,0.0,0.0,0.0,0.4651260862412675,0.000115654019634,0.0,0.0,0.0,3.9417467,22.9717,30.01815,25.8933
BC-BV-FP-RI,0.0,0.0,0.0,0.00165,0.0,0.0,0.0,0.00165,0.0,0.0,0.0,0.0,0.0,0.0,0.0,0.0,0.00165,0.0,0.0,0.0,0.0,0.0,0.00165,0.0,0.0,0.0,0.0,0.0,28.0,0.0
BC-BV-FP-RI,48.0,0.0,0.0,0.3496871343726799,0.0,0.0,0.0,1.4999775002062192,0.0,0.0,0.0,0.0,0.0,0.0,0.0,0.0,0.0047659317000742,0.0,0.0,0.0,0.0,0.0,0.0003611857626,0.0,0.0,0.0,0.1373,18.01825,27.49615,28.66625
BC-CC,0.0,0.0,0.0,0.0,0.0,0.0,0.0,0.0033,0.0,0.0,0.0,0.0,0.0,0.0,0.0,0.0,0.0,0.0,0.0,0.0,0.0,0.0,0.0,0.0033,0.0,0.0,0.0,0.0,28.0,0.0
BC-CC,48.0,0.0,0.0,0.0,0.0,0.0,0.0,1.3970835217548303,0.0,0.0,0.0,0.0,0.0,0.0,0.0,0.0,0.0,0.0,0.0,0.0,0.0,0.0,0.0,0.6767761202839714,0.0,0.0,11.674333333333331,27.9045,33.410833333333336,18.13736666666667
BC-CC-ER-FP,0.0,0.0,0.0,0.0,0.0,0.0,0.0,0.00165,0.0,0.0,0.0,0.0,0.0,0.0,0.0,0.0,0.00165,0.0,0.0,0.0,0.0,0.00165,0.0,0.00165,0.0,0.0,0.0,0.0,28.0,0.0
BC-CC-ER-FP,48.0,0.0,0.0,0.0,0.0,0.0,0.0,1.3688586268580571,0.0,0.0,0.0,0.0,0.0,0.0,0.0,0.0,0.0024887443301658,0.0,0.0,0.0,0.0,0.1133320344825444,0.0,0.8983431013134728,0.0,0.0,7.892358300000001,23.65325,30.96715,16.08395
BC-CC-ER-FP-RI,0.0,0.0,0.0,0.0,0.0,0.0,0.0,0.00132,0.0,0.0,0.0,0.0,0.0,0.0,0.0,0.0,0.00132,0.0,0.0,0.0,0.0,0.00132,0.00132,0.00132,0.0,0.0,0.0,0.0,28.0,0.0
BC-CC-ER-FP-RI,48.0,0.0,0.0,0.0,0.0,0.0,0.0,1.284820314180684,0.0,0.0,0.0,0.0,0.0,0.0,0.0,0.0,0.001823011814236,0.0,0.0,0.0,0.0,0.1045038651836877,0.0006964185554077,0.6564164132016717,0.0,0.0,9.6948,26.3586,35.94805,18.0449
BC-CC-ER-RI,0.0,0.0,0.0,0.0,0.0,0.0,0.0,0.00165,0.0,0.0,0.0,0.0,0.0,0.0,0.0,0.0,0.0,0.0,0.0,0.0,0.0,0.00165,0.00165,0.00165,0.0,0.0,0.0,0.0,28.0,0.0
BC-CC-ER-RI,48.0,0.0,0.0,0.0,0.0,0.0,0.0,1.173975910360343,0.0,0.0,0.0,0.0,0.0,0.0,0.0,0.0,0.0,0.0,0.0,0.0,0.0,0.0875597764826816,0.0002322044334971,0.8162973090648142,0.0,0.0,7.6138101,23.5907,31.9234,15.10655
BC-ER,0.0,0.0,0.0,0.0,0.0,0.0,0.0,0.0033,0.0,0.0,0.0,0.0,0.0,0.0,0.0,0.0,0.0,0.0,0.0,0.0,0.0,0.0033,0.0,0.0,0.0,0.0,0.0,0.0,28.0,0.0
BC-ER,48.0,0.0,0.0,0.0,0.0,0.0,0.0,1.7247668330970272,0.0,0.0,0.0,0.0,0.0,0.0,0.0,0.0,0.0,0.0,0.0,0.0,0.0,0.1318279737413606,0.0,0.0,0.0,0.0,5.50385,26.6607,28.7638,32.7036
BC-ER-FP-RI,0.0,0.0,0.0,0.0,0.0,0.0,0.0,0.00165,0.0,0.0,0.0,0.0,0.0,0.0,0.0,0.0,0.00165,0.0,0.0,0.0,0.0,0.00165,0.00165,0.0,0.0,0.0,0.0,0.0,28.0,0.0
BC-ER-FP-RI,48.0,0.0,0.0,0.0,0.0,0.0,0.0,1.876164154102744,0.0,0.0,0.0,0.0,0.0,0.0,0.0,0.0,0.0036777742806088,0.0,0.0,0.0,0.0,0.4852286663481152,0.0003439176737907,0.0,0.0,0.0,3.5317427,18.99395,32.94125,24.68445
BC-FP,0.0,0.0,0.0,0.0,0.0,0.0,0.0,0.0033,0.0,0.0,0.0,0.0,0.0,0.0,0.0,0.0,0.0033,0.0,0.0,0.0,0.0,0.0,0.0,0.0,0.0,0.0,0.0,0.0,28.0,0.0
BC-FP,48.0,0.0,0.0,0.0,0.0,0.0,0.0,1.6671107285785565,0.0,0.0,0.0,0.0,0.0,0.0,0.0,0.0,0.0116777378348166,0.0,0.0,0.0,0.0,0.0,0.0,0.0,0.0,0.0,0.0656333333333333,26.43326666666667,29.5036,37.89453333333333
BC-RI,0.0,0.0,0.0,0.0,0.0,0.0,0.0,0.0033,0.0,0.0,0.0,0.0,0.0,0.0,0.0,0.0,0.0,0.0,0.0,0.0,0.0,0.0,0.0033,0.0,0.0,0.0,0.0,0.0,28.0,0.0
BC-RI,48.0,0.0,0.0,0.0,0.0,0.0,0.0,1.653456090789142,0.0,0.0,0.0,0.0,0.0,0.0,0.0,0.0,0.0,0.0,0.0,0.0,0.0,0.0,0.0015977626498517,0.0,0.0,0.0,0.0,24.4793,21.34,25.1852
BF,0.0,0.0,0.0,0.0,0.0066,0.0,0.0,0.0,0.0,0.0,0.0,0.0,0.0,0.0,0.0,0.0,0.0,0.0,0.0,0.0,0.0,0.0,0.0,0.0,0.0,0.0,0.0,0.0,28.0,0.0
BF,48.0,0.0,0.0,0.0,1.1817818625742058,0.0,0.0,0.0,0.0,0.0,0.0,0.0,0.0,0.0,0.0,0.0,0.0,0.0,0.0,0.0,0.0,0.0,0.0,0.0,0.0,0.0,0.0,21.300216666666667,32.46691666666666,22.865416666666665
BF-BH-BL-BO-BP-BU-CH-DL-DP-EL-ER-RI,0.0,0.0,0.0,0.0,0.0005499999999999,0.0005499999999999,0.0,0.0,0.0,0.0005499999999999,0.0005499999999999,0.0005499999999999,0.0,0.0005499999999999,0.0,0.0005499999999999,0.0,0.0005499999999999,0.0,0.0005499999999999,0.0,0.0005499999999999,0.0005499999999999,0.0,0.0005499999999999,0.0,0.0,0.0,28.0,0.0
BF-BH-BL-BO-BP-BU-CH-DL-DP-EL-ER-RI,48.0,0.0,0.0,0.0,0.5080843199181359,0.591894469352535,0.0,0.0,0.0,0.0668651967673984,0.0183766839928177,0.037688176231869,0.0,0.5398259203018677,0.0,0.0270342823569046,0.0,0.1526438563148028,0.0,0.0009978947203638,0.0,0.0934781435248748,0.0001967751007779,0.0,0.0786789654573959,0.0,2.379206915,58.11999736,52.025674225,17.29120185
BF-BH-BL-BT-BV-CA-CC-CG-CH-DL-ER-PC-RI,0.0,0.00050769215384615,0.0,0.00050769215384615,0.00050769215384615,0.0,0.00050769215384615,0.0,0.0,0.0,0.0,0.00050769215384615,0.0,0.0,0.00050769215384615,0.0,0.0,0.00050769215384615,0.0,0.00050769215384615,0.00050769215384615,0.00050769215384615,0.00050769215384615,0.00050769215384615,0.00050769215384615,0.0,0.0,0.0,28.0,0.0
BF-BH-BL-BT-BV-CA-CC-CG-CH-DL-ER-PC-RI,16.0,0.040630489,0.0,0.028021027,0.232854736,0.0,0.270262807,0.0,0.0,0.0,0.0,0.018353773,0.0,0.0,0.017232932,0.0,0.0,0.086304764,0.0,0.003362523,0.029562184,0.422697195,0.002241682,0.010788095,0.266199758,0.0,5.84280256,55.5838452,40.85999441,16.49077158
BF-BH-BL-BT-BV-CA-CC-CG-CH-DL-ER-PC-RI,32.0,0.05901275,0.0,0.025870919,0.21339281,0.0,0.342578314,0.0,0.0,0.0,0.0,0.020121826,0.0,0.0,0.01386546,0.0,0.0,0.109570951,0.0,0.002198183,0.038890924,0.379440147,0.002198183,0.013189096,0.347481952,0.0,6.57977552,59.64871956,45.71582791,17.37861035
BF-BH-BL-BT-BV-CA-CC-CG-CH-DL-ER-PC-RI,48.0,0.18495321842144888,0.0,0.0361912385271317,0.274951655139265,0.0,0.617942779185525,0.0,0.0,0.0,0.0,0.0181965247432303,0.0,0.0,0.006585863750857001,0.0,0.0,0.12066111038765295,0.0,0.00201058737878815,0.11752827778246445,0.29639659824035486,0.00206939822846825,0.055776554345310494,0.1942355474966694,0.0,5.81785099,51.2877092175,44.4967911975,22.9838590825
BF-BH-BL-BT-BV-CA-CC-CH-DF-EL-FP-PC-PJ,0.0,0.00050769215384615,0.00050769215384615,0.00050769215384615,0.00050769215384615,0.0,0.00050769215384615,0.0,0.0,0.0,0.0,0.00050769215384615,0.0,0.0,0.00050769215384615,0.00050769215384615,0.00050769215384615,0.00050769215384615,0.0,0.00050769215384615,0.0,0.0,0.0,0.00050769215384615,0.0,0.00050769215384615,0.0,0.0,28.0,0.0
BF-BH-BL-BT-BV-CA-CC-CH-DF-EL-FP-PC-PJ,16.0,0.205954435,0.02002093,0.067200686,0.359854452,0.0,0.372041105,0.0,0.0,0.0,0.0,0.029944347,0.0,0.0,0.141365174,0.003307806,0.002263236,0.127785761,0.0,0.004178281,0.0,0.0,0.0,0.022632355,0.0,0.33147696,0.70015112,45.05353328,33.23503546,23.18611439
BF-BH-BL-BT-BV-CA-CC-CH-DF-EL-FP-PC-PJ,32.0,0.190505404,0.018817744,0.073718995,0.312917736,0.0,0.403320504,0.0,0.0,0.0,0.0,0.017847757,0.0,0.0,0.047917347,0.004655937,0.000193997,0.302247881,0.0,0.003879947,0.0,0.0,0.0,0.021533707,0.0,0.264418397,1.34385928,50.64574076,35.03694536,27.46253472
BF-BH-BL-BT-BV-CA-CC-CH-DF-EL-FP-PC-PJ,48.0,0.2669690637750065,0.046118286216772504,0.0432554168639301,0.3804374363845132,0.0,0.6393619751703585,0.0,0.0,0.0,0.0,0.01606248031542745,0.0,0.0,0.01278308390676015,0.0101002852770728,0.0011755790656515,0.210620522868469,0.0,0.00215670781956875,0.0,0.0,0.0,0.051178148620394597,0.0,0.20023119602217238,2.4987428725,48.428322605000005,39.3335821525,36.08428925
BF-BH-BL-BU-BV-BY-CA-CH-DP-EL-ER,0.0,0.0,0.0,0.0006,0.0006,0.0,0.0,0.0,0.0006,0.0006,0.0006,0.0006,0.0,0.0,0.0006,0.0006,0.0,0.0006,0.0,0.0006,0.0,0.0006,0.0,0.0,0.0,0.0,0.0,0.0,28.0,0.0
BF-BH-BL-BU-BV-BY-CA-CH-DP-EL-ER,16.0,0.0,0.0,0.033567868,0.250080614,0.0,0.0,0.0,0.1599638,0.158027192,0.028145366,0.056548946,0.0,0.0,0.186947201,0.005422502,0.0,0.094377351,0.0,0.001291072,0.0,0.540571777,0.0,0.0,0.0,0.0,6.36688416,42.62972408,36.61382892,18.47539383
BF-BH-BL-BU-BV-BY-CA-CH-DP-EL-ER,32.0,0.0,0.0,0.016128372,0.207364787,0.0,0.0,0.0,0.216581,0.10937476,0.015586242,0.05014704,0.0,0.0,0.108019435,0.003252781,0.0,0.318365938,0.0,0.002575118,0.0,0.362414014,0.0,0.0,0.0,0.0,6.16384488,40.4754818,35.41231574,21.66082517
BF-BH-BL-BU-BV-BY-CA-CH-DP-EL-ER,48.0,0.0,0.0,0.11475440005257335,0.3969207892672446,0.0,0.0,0.0,0.2845542327386485,0.05844571188830235,0.0097819811033432,0.0292409372938173,0.0,0.0,0.1299087954897701,0.01935377448745485,0.0,0.3567738822666707,0.0,0.001472682826538,0.0,0.14930634334312404,0.0,0.0,0.0,0.0,5.6455943575,43.162100725,32.4689153175,30.95636869
BF-BH-BL-BU-BY-CH-DF-DL-DP-FP-PJ,0.0,0.0,0.0006,0.0,0.0006,0.0,0.0,0.0,0.0006,0.0006,0.0006,0.0006,0.0,0.0,0.0,0.0,0.0006,0.0006,0.0,0.0006,0.0,0.0,0.0,0.0,0.0006,0.0006,0.0,0.0,28.0,0.0
BF-BH-BL-BU-BY-CH-DF-DL-DP-FP-PJ,48.0,0.0,0.1343579103825477,0.0,0.50815130458178,0.0,0.0,0.0,0.295378855971471,0.1061570821666868,0.0201717248457234,0.053599243955694,0.0,0.0,0.0,0.0,0.0133381967881034,0.2107327153035569,0.0,0.0028670176983142,0.0,0.0,0.0,0.0,0.1191805287657742,0.1630993181465876,0.98567621,48.778769435,44.147837245000005,15.110549795
BF-BH-BO-BT-BU-BV-CA-CG-DF-DP-EL-FP-PC,0.0,0.00050769215384615,0.0,0.00050769215384615,0.00050769215384615,0.00050769215384615,0.00050769215384615,0.0,0.0,0.00050769215384615,0.00050769215384615,0.0,0.0,0.0,0.00050769215384615,0.00050769215384615,0.00050769215384615,0.0,0.0,0.00050769215384615,0.00050769215384615,0.0,0.0,0.0,0.0,0.00050769215384615,0.0,0.0,28.0,0.0
BF-BH-BO-BT-BU-BV-CA-CG-DF-DP-EL-FP-PC,16.0,0.069224739,0.0,0.060785479,0.279065792,0.184067098,0.410444539,0.0,0.0,0.054284968,0.007184775,0.0,0.0,0.0,0.009807788,0.000456176,0.000456176,0.0,0.0,0.00057022,0.028282925,0.0,0.0,0.0,0.0,0.233790304,0.33745208,32.86065956,29.64063906,23.46354115
BF-BH-BO-BT-BU-BV-CA-CG-DF-DP-EL-FP-PC,32.0,0.193133381,0.0,0.014977691,0.204845259,0.097636525,0.331423638,0.0,0.0,0.042230331,0.00641901,0.0,0.0,0.0,0.012049721,0.001238756,0.000563071,0.0,0.0,0.000900914,0.028941854,0.0,0.0,0.0,0.0,0.329734425,2.12533888,45.48051108,42.92767758,32.81205162
BF-BH-BO-BT-BU-BV-CA-CG-DF-DP-EL-FP-PC,48.0,0.2898521633639384,0.0,0.022794091094485047,0.30331982691024495,0.15496741845574524,0.42838848829021475,0.0,0.0,0.01952081374170945,0.0078559769158929,0.0,0.0,0.0,0.0249099931792051,0.0024199415893914004,0.0018470058584467,0.0,0.0,0.00062524534524765,0.09299207727917136,0.0,0.0,0.0,0.0,0.2627910641994877,2.232530385,44.440366080000004,39.7362480875,39.04817674
BF-BH-BO-BT-BV-CA-CC-CG-EL-FP-PJ-RI,0.0,0.0,0.0005499999999999,0.0005499999999999,0.0005499999999999,0.0005499999999999,0.0005499999999999,0.0,0.0,0.0,0.0,0.0,0.0,0.0,0.0005499999999999,0.0005499999999999,0.0005499999999999,0.0,0.0,0.0005499999999999,0.0005499999999999,0.0,0.0005499999999999,0.0005499999999999,0.0,0.0,0.0,0.0,28.0,0.0
BF-BH-BO-BT-BV-CA-CC-CG-EL-FP-PJ-RI,48.0,0.0,0.0862857730374531,0.0494649936990548,0.388205588538134,0.2774803315481178,0.5308411048175699,0.0,0.0,0.0,0.0,0.0,0.0,0.0,0.024876143814632,0.0066474980388259,0.0096116220811684,0.0,0.0,0.0012858820175331,0.149779956442855,0.0,0.0012980812975069,0.1270973989841037,0.0,0.0,6.360670765,43.19705358,40.231240705000005,35.867114
BF-BH-BO-BV-BY-CA-CH-DF-EL-FP-RI,0.0,0.0,0.0,0.0006,0.0006,0.0006,0.0,0.0,0.0006,0.0,0.0,0.0,0.0,0.0,0.0006,0.0006,0.0006,0.0006,0.0,0.0006,0.0,0.0,0.0006,0.0,0.0,0.0006,0.0,0.0,28.0,0.0
BF-BH-BO-BV-BY-CA-CH-DF-EL-FP-RI,48.0,0.0,0.0,0.0596548414235671,0.3336121454967796,0.3293556225924373,0.0,0.0,0.2524502310176932,0.0,0.0,0.0,0.0,0.0,0.0650367545746442,0.0068705996507078,0.0186563102543889,0.721374746174295,0.0,0.0023868459791803,0.0,0.0,0.0017683350120699,0.0,0.0,0.5026943342169117,2.964673835,44.084829175,28.98235527,40.249163365
BF-BL-BT-CC,0.0,0.0,0.0,0.0,0.00165,0.0,0.00165,0.0,0.0,0.0,0.0,0.00165,0.0,0.0,0.0,0.0,0.0,0.0,0.0,0.0,0.0,0.0,0.0,0.00165,0.0,0.0,0.0,0.0,28.0,0.0
BF-BL-BT-CC,48.0,0.0,0.0,0.0,0.6958273936558986,0.0,0.8009063002485006,0.0,0.0,0.0,0.0,0.0605485162987874,0.0,0.0,0.0,0.0,0.0,0.0,0.0,0.0,0.0,0.0,0.0,0.6288716269551234,0.0,0.0,3.4463,36.5279,51.9267,20.133
BF-BL-BT-CC-FP,0.0,0.0,0.0,0.0,0.00132,0.0,0.00132,0.0,0.0,0.0,0.0,0.00132,0.0,0.0,0.0,0.0,0.00132,0.0,0.0,0.0,0.0,0.0,0.0,0.00132,0.0,0.0,0.0,0.0,28.0,0.0
BF-BL-BT-CC-FP,48.0,0.0,0.0,0.0,0.8211799830502597,0.0,0.8455818237979751,0.0,0.0,0.0,0.0,0.0672826156187482,0.0,0.0,0.0,0.0,0.0041167025983069,0.0,0.0,0.0,0.0,0.0,0.0,0.5593497846660554,0.0,0.0,5.843681849999999,35.71745,49.0981,18.692
BF-BO-BU-BV-BY-CA-CH-DF-DP-EL-RI,0.0,0.0,0.0,0.0006,0.0006,0.0006,0.0,0.0,0.0006,0.0006,0.0006,0.0,0.0,0.0,0.0006,0.0006,0.0,0.0006,0.0,0.0,0.0,0.0,0.0006,0.0,0.0,0.0006,0.0,0.0,28.0,0.0
BF-BO-BU-BV-BY-CA-CH-DF-DP-EL-RI,16.0,0.0,0.0,0.020134327,0.305522168,0.330982349,0.0,0.0,0.1741944,0.10677688,0.01039191,0.0,0.0,0.0,0.048322384,0.000909292,0.0,0.090669419,0.0,0.0,0.0,0.0,0.004936157,0.0,0.0,0.351376473,0.46527216,33.69138492,33.08148227,22.88228632
BF-BO-BU-BV-BY-CA-CH-DF-DP-EL-RI,32.0,0.0,0.0,0.013909154,0.169952481,0.247322152,0.0,0.0,0.175603075,0.073023061,0.007823899,0.0,0.0,0.0,0.085193571,0.002173305,0.0,0.249060797,0.0,0.0,0.0,0.0,0.004781272,0.0,0.0,0.417274633,1.10605448,46.48639308,39.84736475,27.25804992
BF-BO-BU-BV-BY-CA-CH-DF-DP-EL-RI,48.0,0.0,0.0,0.041872356662497404,0.3588709457123529,0.263993525855622,0.0,0.0,0.22444677268498064,0.05855516392308985,0.0105050541535819,0.0,0.0,0.0,0.0612631595208396,0.0042761242973809,0.0,0.3223138425459484,0.0,0.0,0.0,0.0,0.00239226976883765,0.0,0.0,0.30436457930348676,1.885058245,39.424246124999996,38.573454825,32.654290715
BF-BT-BV-CC-ER,0.0,0.0,0.0,0.00132,0.00132,0.0,0.00132,0.0,0.0,0.0,0.0,0.0,0.0,0.0,0.0,0.0,0.0,0.0,0.0,0.0,0.0,0.00132,0.0,0.00132,0.0,0.0,0.0,0.0,28.0,0.0
BF-BT-BV-CC-ER,48.0,0.0,0.0,0.1563779188114951,0.6040804437637223,0.0,0.6662365806445216,0.0,0.0,0.0,0.0,0.0,0.0,0.0,0.0,0.0,0.0,0.0,0.0,0.0,0.0,0.1259274789906339,0.0,0.3955061185894758,0.0,0.0,7.472632150000001,26.3914,39.74135,19.9414
BF-BT-BV-DL-RI,0.0,0.0,0.0,0.00132,0.00132,0.0,0.00132,0.0,0.0,0.0,0.0,0.0,0.0,0.0,0.0,0.0,0.0,0.0,0.0,0.0,0.0,0.0,0.00132,0.0,0.00132,0.0,0.0,0.0,28.0,0.0
BF-BT-BV-DL-RI,48.0,0.0,0.0,0.0582932608017218,0.4575961268119454,0.0,0.5073677420285175,0.0,0.0,0.0,0.0,0.0,0.0,0.0,0.0,0.0,0.0,0.0,0.0,0.0,0.0,0.0,0.0005465529405439,0.0,0.27605587826742,0.0,0.0,28.4016,38.60545,22.604550000000003
BF-BT-CC-FP-RI,0.0,0.0,0.0,0.0,0.00132,0.0,0.00132,0.0,0.0,0.0,0.0,0.0,0.0,0.0,0.0,0.0,0.00132,0.0,0.0,0.0,0.0,0.0,0.00132,0.00132,0.0,0.0,0.0,0.0,28.0,0.0
BF-BT-CC-FP-RI,48.0,0.0,0.0,0.0,0.6961719205350114,0.0,0.6822807335955938,0.0,0.0,0.0,0.0,0.0,0.0,0.0,0.0,0.0,0.0039112704432208,0.0,0.0,0.0,0.0,0.0,0.0005077254130612,0.4785722743771311,0.0,0.0,6.07799495,22.77495,37.539950000000005,16.4698
BF-BT-CC-RI,0.0,0.0,0.0,0.0,0.00165,0.0,0.00165,0.0,0.0,0.0,0.0,0.0,0.0,0.0,0.0,0.0,0.0,0.0,0.0,0.0,0.0,0.0,0.00165,0.00165,0.0,0.0,0.0,0.0,28.0,0.0
BF-BT-CC-RI,48.0,0.0,0.0,0.0,0.6786125511723357,0.0,0.7008777823250628,0.0,0.0,0.0,0.0,0.0,0.0,0.0,0.0,0.0,0.0,0.0,0.0,0.0,0.0,0.0,0.0003886126382552,0.5658939497416822,0.0,0.0,5.3889976,22.2723,39.0295,16.709
BF-CC,0.0,0.0,0.0,0.0,0.0033,0.0,0.0,0.0,0.0,0.0,0.0,0.0,0.0,0.0,0.0,0.0,0.0,0.0,0.0,0.0,0.0,0.0,0.0,0.0033,0.0,0.0,0.0,0.0,28.0,0.0
BF-CC,48.0,0.0,0.0,0.0,1.2501609917796326,0.0,0.0,0.0,0.0,0.0,0.0,0.0,0.0,0.0,0.0,0.0,0.0,0.0,0.0,0.0,0.0,0.0,0.0,0.849318796164236,0.0,0.0,16.015433333333334,26.288166666666665,32.576933333333336,15.115966666666663
BF-CC-FP-RI,0.0,0.0,0.0,0.0,0.00165,0.0,0.0,0.0,0.0,0.0,0.0,0.0,0.0,0.0,0.0,0.0,0.00165,0.0,0.0,0.0,0.0,0.0,0.00165,0.00165,0.0,0.0,0.0,0.0,28.0,0.0
BF-CC-FP-RI,48.0,0.0,0.0,0.0,1.1004378249721951,0.0,0.0,0.0,0.0,0.0,0.0,0.0,0.0,0.0,0.0,0.0,0.0033618059619941,0.0,0.0,0.0,0.0,0.0,0.0005935594126157,0.805736305651324,0.0,0.0,9.3978375,24.71215,37.85295,11.5467
BF-ER,0.0,0.0,0.0,0.0,0.0033,0.0,0.0,0.0,0.0,0.0,0.0,0.0,0.0,0.0,0.0,0.0,0.0,0.0,0.0,0.0,0.0,0.0033,0.0,0.0,0.0,0.0,0.0,0.0,28.0,0.0
BF-ER,48.0,0.0,0.0,0.0,1.1407186875707431,0.0,0.0,0.0,0.0,0.0,0.0,0.0,0.0,0.0,0.0,0.0,0.0,0.0,0.0,0.0,0.0,0.381523418643336,0.0,0.0,0.0,0.0,15.125633333333331,12.389666666666663,26.8989,22.47213333333333
BF-FP,0.0,0.0,0.0,0.0,0.0033,0.0,0.0,0.0,0.0,0.0,0.0,0.0,0.0,0.0,0.0,0.0,0.0033,0.0,0.0,0.0,0.0,0.0,0.0,0.0,0.0,0.0,0.0,0.0,28.0,0.0
BF-FP,48.0,0.0,0.0,0.0,1.4183063776225495,0.0,0.0,0.0,0.0,0.0,0.0,0.0,0.0,0.0,0.0,0.0,0.0780146946635583,0.0,0.0,0.0,0.0,0.0,0.0,0.0,0.0,0.0,3.5886333333333327,25.03233333333333,26.316333333333333,33.44813333333334
BF-RI,0.0,0.0,0.0,0.0,0.0033,0.0,0.0,0.0,0.0,0.0,0.0,0.0,0.0,0.0,0.0,0.0,0.0,0.0,0.0,0.0,0.0,0.0,0.0033,0.0,0.0,0.0,0.0,0.0,28.0,0.0
BF-RI,48.0,0.0,0.0,0.0,1.4715816806911153,0.0,0.0,0.0,0.0,0.0,0.0,0.0,0.0,0.0,0.0,0.0,0.0,0.0,0.0,0.0,0.0,0.0,0.0110677604595124,0.0,0.0,0.0,0.8387333333333333,24.284566666666667,27.938066666666668,30.9814
BH,0.0,0.0,0.0,0.0,0.0,0.0,0.0,0.0,0.0,0.0,0.0,0.0,0.0,0.0,0.0,0.0,0.0,0.0,0.0,0.0066,0.0,0.0,0.0,0.0,0.0,0.0,0.0,0.0,28.0,0.0
BH,48.0,0.0,0.0,0.0,0.0,0.0,0.0,0.0,0.0,0.0,0.0,0.0,0.0,0.0,0.0,0.0,0.0,0.0,0.0,1.2425218822864237,0.0,0.0,0.0,0.0,0.0,0.0,0.0,29.33203333333333,34.57583333333333,0.0
BH-BL-BO-BP-BT-BY-CH-DP-EL-PJ-RI,0.0,0.0,0.0006,0.0,0.0,0.0006,0.0006,0.0,0.0006,0.0,0.0006,0.0006,0.0,0.0006,0.0,0.0006,0.0,0.0006,0.0,0.0006,0.0,0.0,0.0006,0.0,0.0,0.0,0.0,0.0,28.0,0.0
BH-BL-BO-BP-BT-BY-CH-DP-EL-PJ-RI,48.0,0.0,0.0001542640646221,0.0,0.0,0.4130831632789185,0.8838097193130885,0.0,0.215488708628896,0.0,0.0078846714853022,0.041260126457786,0.0,0.3410658397636332,0.0,0.022957497299134,0.0,0.1618010095051301,0.0,0.0011049413676028,0.0,0.0,0.0006254205635712,0.0,0.0,0.0,1.2123407149999998,57.08025243,54.650031285,17.790186185
BH-BL-BO-BP-BT-CA-CC-DF-DL-FP-PJ,0.0,0.0,0.0006,0.0,0.0,0.0006,0.0006,0.0,0.0,0.0,0.0,0.0006,0.0,0.0006,0.0006,0.0,0.0006,0.0,0.0,0.0006,0.0,0.0,0.0,0.0006,0.0006,0.0006,0.0,0.0,28.0,0.0
BH-BL-BO-BP-BT-CA-CC-DF-DL-FP-PJ,48.0,0.0,0.1230523537854895,0.0,0.0,0.4066092277963021,0.7380905358939864,0.0,0.0,0.0,0.0,0.0584576951434843,0.0,0.5455107299190954,0.0138187276364632,0.0,0.0033235295653144,0.0,0.0,0.002002934563101,0.0,0.0,0.0,0.1263623718640154,0.0720436486057549,0.1193637976872977,2.567308025,52.178252325,49.56249916,16.180093330000002
BH-BL-BO-BT-BU-BV-BY-CA-CC-CG-DL-DP-ER-PJ,0.0,0.0,0.00047142878571425,0.00047142878571425,0.0,0.00047142878571425,0.00047142878571425,0.0,0.00047142878571425,0.00047142878571425,0.00047142878571425,0.00047142878571425,0.0,0.0,0.00047142878571425,0.0,0.0,0.0,0.0,0.00047142878571425,0.00047142878571425,0.00047142878571425,0.0,0.00047142878571425,0.00047142878571425,0.0,0.0,0.0,28.0,0.0
BH-BL-BO-BT-BU-BV-BY-CA-CC-CG-DL-DP-ER-PJ,16.0,0.0,0.017905464,0.057349385,0.0,0.192937865,0.302057397,0.0,0.14025947,0.07006486,0.009471731,0.059684881,0.0,0.0,0.037497675,0.0,0.0,0.0,0.0,0.000908248,0.053846142,0.296088909,0.0,0.022057456,0.198127854,0.0,3.89192136,39.82677656,38.10007718,15.62483651
BH-BL-BO-BT-BU-BV-BY-CA-CC-CG-DL-DP-ER-PJ,32.0,0.0,0.017040085,0.012780064,0.0,0.190033994,0.39081065,0.0,0.12113278,0.053157657,0.007593951,0.04185934,0.0,0.0,0.021485325,0.0,0.0,0.0,0.0,0.000926092,0.03852541,0.312092865,0.0,0.014447029,0.221150671,0.0,6.04357008,50.51825024,51.07398057,17.49398366
BH-BL-BO-BT-BU-BV-BY-CA-CC-CG-DL-DP-ER-PJ,48.0,0.0,0.04256440375790075,0.030492922223391748,0.0,0.23365603391574538,0.5500545596119428,0.0,0.13846500116596439,0.0253685084114158,0.006950857532582049,0.038112211199847854,0.0,0.0,0.01038568906462785,0.0,0.0,0.0,0.0,0.00065462421918075,0.1168881867194435,0.25836185759307806,0.0,0.11030891589602031,0.08094549798197305,0.0,6.8730530675,46.73480397,44.9782348575,18.936089844999998
BH-BL-BO-BU-BV-BY-CA-CC-CG-CH-DL-DP-EL-FP-PC-PJ,0.0,0.0004125,0.0004125,0.0004125,0.0,0.0004125,0.0,0.0,0.0004125,0.0004125,0.0004125,0.0004125,0.0,0.0,0.0004125,0.0004125,0.0004125,0.0004125,0.0,0.0004125,0.0004125,0.0,0.0,0.0004125,0.0004125,0.0,0.0,0.0,28.0,0.0
BH-BL-BO-BU-BV-BY-CA-CC-CG-CH-DL-DP-EL-FP-PC-PJ,16.0,0.11382052,0.015907743,0.018620692,0.0,0.243672099,0.0,0.0,0.133427738,0.080895191,0.006412424,0.010358531,0.0,0.0,0.035884909,0.001603106,0.000739895,0.125288893,0.0,0.001603106,0.030705644,0.0,0.0,0.025896326,0.492400147,0.0,0.61747424,42.6860582,34.35729933,17.38743592
BH-BL-BO-BU-BV-BY-CA-CC-CG-CH-DL-DP-EL-FP-PC-PJ,32.0,0.173950813,0.013778282,0.008037331,0.0,0.233465338,0.0,0.0,0.118454954,0.06391592,0.006697776,0.021050153,0.0,0.0,0.040760752,0.002105015,0.000574095,0.150412915,0.0,0.001339555,0.031001135,0.0,0.0,0.022963804,0.628060033,0.0,1.3321384,59.62972876,44.5750734,21.36786224
BH-BL-BO-BU-BV-BY-CA-CC-CG-CH-DL-DP-EL-FP-PC-PJ,48.0,0.2322412999301206,0.0673419171459205,0.02564048533825425,0.0,0.4898013948769097,0.0,0.0,0.2624694647984274,0.0461380602987886,0.00669331747189975,0.029899001726765552,0.0,0.0,0.01310840918200935,0.0049415886305995,0.0013540424673192,0.1052968273452814,0.0,0.0011101717493206,0.14804768521273756,0.0,0.0,0.1869577517760744,0.2826336338967364,0.0,4.180407045,52.8099289925,36.052537535,26.9320471525
BH-BL-BU-BY-CA-CC-CG-CH-DF-DP-EL,0.0,0.0,0.0,0.0,0.0,0.0,0.0,0.0,0.0006,0.0006,0.0006,0.0006,0.0,0.0,0.0006,0.0006,0.0,0.0006,0.0,0.0006,0.0006,0.0,0.0,0.0006,0.0,0.0006,0.0,0.0,28.0,0.0
BH-BL-BU-BY-CA-CC-CG-CH-DF-DP-EL,16.0,0.0,0.0,0.0,0.0,0.0,0.0,0.0,0.439765211,0.252160086,0.017313591,0.021641989,0.0,0.0,0.075437789,0.00333905,0.0,0.234104484,0.0,0.001978696,0.06542064,0.0,0.0,0.078158496,0.0,0.286292594,1.89456544,44.12949296,40.21879511,12.06313278
BH-BL-BU-BY-CA-CC-CG-CH-DF-DP-EL,32.0,0.0,0.0,0.0,0.0,0.0,0.0,0.0,0.420563986,0.238241925,0.014562465,0.032037423,0.0,0.0,0.104267249,0.003203742,0.0,0.258629376,0.0,0.001164997,0.0620361,0.0,0.0,0.06858921,0.0,0.262415617,3.09133912,52.83701904,47.23850837,14.60883282
BH-BL-BU-BY-CA-CC-CG-CH-DF-DP-EL,48.0,0.0,0.0,0.0,0.0,0.0,0.0,0.0,0.46117081268930604,0.170478580363288,0.01118462741065945,0.02024011636467105,0.0,0.0,0.0765296376245193,0.0108586234339474,0.0,0.48368710098902906,0.0,0.0017091968828658998,0.1112106833411953,0.0,0.0,0.14858609600031364,0.0,0.368879432049794,5.61129943,54.48452541,42.3345439875,16.5800351325
BH-BO-BP-BU-BV-BY-CA-CG-CH-DF-DL-EL-ER-PC-PJ-RI,0.0,0.0004125,0.0004125,0.0004125,0.0,0.0004125,0.0,0.0,0.0004125,0.0004125,0.0,0.0,0.0,0.0004125,0.0004125,0.0004125,0.0,0.0004125,0.0,0.0004125,0.0004125,0.0004125,0.0004125,0.0,0.0004125,0.0004125,0.0,0.0,28.0,0.0
BH-BO-BP-BU-BV-BY-CA-CG-CH-DF-DL-EL-ER-PC-PJ-RI,48.0,0.0844443238745487,0.0618773927252292,0.0577736748099097,0.0,0.6636861951274888,0.0,0.0,0.3326723723119459,0.0512691557963154,0.0,0.0,0.0,0.2766813195104374,0.0031514623901779,0.0139800809175948,0.0,0.0749274017780032,0.0,0.0007590442870855,0.2669743936808266,0.0841052607391541,0.0013388667913187,0.0,0.0527412866447746,0.1098851918646378,1.659000695,55.37597692,42.468529675,20.93297026
BH-BO-BP-BU-BY-CC-DP-EL-ER-FP-PC-RI,0.0,0.0005499999999999,0.0,0.0,0.0,0.0005499999999999,0.0,0.0,0.0005499999999999,0.0005499999999999,0.0005499999999999,0.0,0.0,0.0005499999999999,0.0,0.0005499999999999,0.0005499999999999,0.0,0.0,0.0005499999999999,0.0,0.0005499999999999,0.0005499999999999,0.0005499999999999,0.0,0.0,0.0,0.0,28.0,0.0
BH-BO-BP-BU-BY-CC-DP-EL-ER-FP-PC-RI,48.0,0.0234960999450184,0.0,0.0,0.0,0.7152596806985924,0.0,0.0,0.426488316202858,0.0525120271974158,0.0384110657255803,0.0,0.0,0.5550298409573673,0.0,0.0309677843223736,0.0008397359810408,0.0,0.0,0.0004952476434234,0.0,0.0288697800206873,0.0330254901998853,0.5634468593068569,0.0,0.0,3.7431,41.5277,46.2999,18.86735
BH-BO-BP-BU-CA-CC-DP-EL-ER-FP-PC-PJ-RI,0.0,0.0005076923076923,0.0005076923076923,0.0,0.0,0.0005076923076923,0.0,0.0,0.0,0.0005076923076923,0.0005076923076923,0.0,0.0,0.0005076923076923,0.0005076923076923,0.0005076923076923,0.0005076923076923,0.0,0.0,0.0005076923076923,0.0,0.0005076923076923,0.0005076923076923,0.0005076923076923,0.0,0.0,0.0,0.0,28.0,0.0
BH-BO-BP-BU-CA-CC-DP-EL-ER-FP-PC-PJ-RI,48.0,0.0273516409137425,0.1601181328363056,0.0,0.0,1.0329277848249705,0.0,0.0,0.0,0.1423171220928076,0.0563222868071163,0.0,0.0,0.5780408374575304,0.005389155012474,0.0251203532353011,0.0007258759428324,0.0,0.0,0.0021593229755742,0.0,0.0126037318520195,0.0351974103444486,0.6360983211658986,0.0,0.0,3.79985,42.828950000000006,44.03395,18.86005
BH-BO-BP-CA-CC-DP-ER-FP-PC-PJ-RI,0.0,0.0006,0.0006,0.0,0.0,0.0006,0.0,0.0,0.0,0.0,0.0006,0.0,0.0,0.0006,0.0006,0.0,0.0006,0.0,0.0,0.0006,0.0,0.0006,0.0006,0.0006,0.0,0.0,0.0,0.0,28.0,0.0
BH-BO-BP-CA-CC-DP-ER-FP-PC-PJ-RI,48.0,0.0362379297606354,0.1534286523822334,0.0,0.0,0.8691078788046475,0.0,0.0,0.0,0.0,0.0628920371528967,0.0,0.0,0.566015415720013,0.001946048376197,0.0,0.0013461219416699,0.0,0.0,0.0023367430658426,0.0,0.0179366114115477,0.0163849702610111,0.647703116040081,0.0,0.0,3.2163,44.89915,44.08815,14.65215
BH-BO-BU-BV-CA-CC-DP-EL-ER-FP-PC-RI,0.0,0.0005499999999999,0.0,0.0005499999999999,0.0,0.0005499999999999,0.0,0.0,0.0,0.0005499999999999,0.0005499999999999,0.0,0.0,0.0,0.0005499999999999,0.0005499999999999,0.0005499999999999,0.0,0.0,0.0005499999999999,0.0,0.0005499999999999,0.0005499999999999,0.0005499999999999,0.0,0.0,0.0,0.0,28.0,0.0
BH-BO-BU-BV-CA-CC-DP-EL-ER-FP-PC-RI,48.0,0.1628762813858088,0.0,0.0331315841761097,0.0,0.8088263047804718,0.0,0.0,0.0,0.0445834325169576,0.0864957969213273,0.0,0.0,0.0,0.0192492138418423,0.043763834287803,0.0015422826042808,0.0,0.0,0.0031787829088985,0.0,0.0106825339344461,0.0785099960196581,0.8045476131757447,0.0,0.0,5.88495,35.394800000000004,37.04225,29.58355
BH-BO-BU-BV-CA-CG-CH-EL-ER-FP-PJ,0.0,0.0,0.0006,0.0006,0.0,0.0006,0.0,0.0,0.0,0.0006,0.0,0.0,0.0,0.0,0.0006,0.0006,0.0006,0.0006,0.0,0.0006,0.0006,0.0006,0.0,0.0,0.0,0.0,0.0,0.0,28.0,0.0
BH-BO-BU-BV-CA-CG-CH-EL-ER-FP-PJ,16.0,0.0,0.019226688,0.16374204,0.0,0.546857439,0.0,0.0,0.0,0.134429221,0.0,0.0,0.0,0.0,0.018438709,0.001103171,0.000630383,0.123397514,0.0,0.001260766,0.040502122,0.52164211,0.0,0.0,0.0,0.0,8.144002,45.87874264,29.79474875,29.37803402
BH-BO-BU-BV-CA-CG-CH-EL-ER-FP-PJ,32.0,0.0,0.027922158,0.03004667,0.0,0.755112263,0.0,0.0,0.0,0.14871584,0.0,0.0,0.0,0.0,0.019272359,0.000910505,0.001517509,0.415038593,0.0,0.002276263,0.03717896,0.258735211,0.0,0.0,0.0,0.0,7.8746904,48.00822596,26.57751095,33.31910908
BH-BO-BU-BV-CA-CG-CH-EL-ER-FP-PJ,48.0,0.0,0.0544537849957223,0.26667566301446705,0.0,0.5780768384151203,0.0,0.0,0.0,0.12140685401691276,0.0,0.0,0.0,0.0,0.0331608801227915,0.0031608196556613,0.00325137942161875,0.4802397616333719,0.0,0.00222725546080935,0.09642527980137455,0.22546951491735473,0.0,0.0,0.0,0.0,8.262620255,46.402943725,26.732034335,39.08738286
BH-BO-BU-BV-CC-CG-EL-ER-FP-PC-PJ-RI,0.0,0.0005499999999999,0.0005499999999999,0.0005499999999999,0.0,0.0005499999999999,0.0,0.0,0.0,0.0005499999999999,0.0,0.0,0.0,0.0,0.0,0.0005499999999999,0.0005499999999999,0.0,0.0,0.0005499999999999,0.0005499999999999,0.0005499999999999,0.0005499999999999,0.0005499999999999,0.0,0.0,0.0,0.0,28.0,0.0
BH-BO-BU-BV-CC-CG-EL-ER-FP-PC-PJ-RI,48.0,0.0769887563971333,0.0723099014841354,0.069612966990789,0.0,0.6175323208802457,0.0,0.0,0.0,0.1418189316786083,0.0,0.0,0.0,0.0,0.0,0.0452275435005122,0.0015041517400206,0.0,0.0,0.00218935261003,0.1006706371545552,0.0547207049641756,0.0405386668372563,1.0133249795291708,0.0,0.0,8.114899999999999,30.0713,24.0634,26.5836
BH-BO-BU-BV-CC-DF-EL-ER-FP-PC-RI,0.0,0.0006,0.0,0.0006,0.0,0.0006,0.0,0.0,0.0,0.0006,0.0,0.0,0.0,0.0,0.0,0.0006,0.0006,0.0,0.0,0.0006,0.0,0.0006,0.0006,0.0006,0.0,0.0006,0.0,0.0,28.0,0.0
BH-BO-BU-BV-CC-DF-EL-ER-FP-PC-RI,48.0,0.0829527164686554,0.0,0.1043457451109971,0.0,0.803181121519404,0.0,0.0,0.0,0.0598301031762984,0.0,0.0,0.0,0.0,0.0,0.036095049356402,0.0009444061330461,0.0,0.0,0.0031584288179651,0.0,0.1225277518740489,0.0420003275787872,0.8574393605109165,0.0,0.1799809515615485,9.7504,29.512300000000003,30.2383,35.8837
BH-BO-BU-BV-CC-DF-EL-ER-FP-PJ-RI,0.0,0.0,0.0006,0.0006,0.0,0.0006,0.0,0.0,0.0,0.0006,0.0,0.0,0.0,0.0,0.0,0.0006,0.0006,0.0,0.0,0.0006,0.0,0.0006,0.0006,0.0006,0.0,0.0006,0.0,0.0,28.0,0.0
BH-BO-BU-BV-CC-DF-EL-ER-FP-PJ-RI,48.0,0.0,0.0878560324980421,0.0509568474933677,0.0,0.72598577509873,0.0,0.0,0.0,0.1328073090374481,0.0,0.0,0.0,0.0,0.0,0.037624263496798,0.0021366726691529,0.0,0.0,0.0022680526924116,0.0,0.1642550525316148,0.0391559244951731,0.6581580302194132,0.0,0.1560236630383142,10.12525,29.342,28.2768,33.1038
BH-BP-BU-BV-CC-CG-ER-FP-PC-PJ-RI,0.0,0.0006,0.0006,0.0006,0.0,0.0,0.0,0.0,0.0,0.0006,0.0,0.0,0.0,0.0006,0.0,0.0,0.0006,0.0,0.0,0.0006,0.0006,0.0006,0.0006,0.0006,0.0,0.0,0.0,0.0,28.0,0.0
BH-BP-BU-BV-CC-CG-ER-FP-PC-PJ-RI,48.0,0.0742111348067839,0.1169576345146775,0.1795245506410322,0.0,0.0,0.0,0.0,0.0,0.2495960510550257,0.0,0.0,0.0,0.771617272888059,0.0,0.0,0.0022165449670109,0.0,0.0,0.0036162432848763,0.1530750452621381,0.0772818172776539,0.0444189784327635,1.1101022811973829,0.0,0.0,8.12445,41.38590000000001,36.201,20.0109
BH-BP-CA-CC-DF-DP-ER-FP-PC-PJ-RI,0.0,0.0006,0.0006,0.0,0.0,0.0,0.0,0.0,0.0,0.0,0.0006,0.0,0.0,0.0006,0.0006,0.0,0.0006,0.0,0.0,0.0006,0.0,0.0006,0.0006,0.0006,0.0,0.0006,0.0,0.0,28.0,0.0
BH-BP-CA-CC-DF-DP-ER-FP-PC-PJ-RI,48.0,0.061780221539871,0.4494040482436616,0.0,0.0,0.0,0.0,0.0,0.0,0.0,0.1135176077521125,0.0,0.0,0.6165231754151874,0.0019904527026482,0.0,0.0007471892606295,0.0,0.0,0.0052980405724014,0.0,0.0230539794640873,0.0436016841313964,1.087398720950208,0.0,0.0730517841226702,5.8487,57.800650000000005,47.1017,5.6143
BH-BU-BV-CC-CG-DF-DP-EL-ER-FP-RI,0.0,0.0,0.0,0.0006,0.0,0.0,0.0,0.0,0.0,0.0006,0.0006,0.0,0.0,0.0,0.0,0.0006,0.0006,0.0,0.0,0.0006,0.0006,0.0006,0.0006,0.0006,0.0,0.0006,0.0,0.0,28.0,0.0
BH-BU-BV-CC-CG-DF-DP-EL-ER-FP-RI,48.0,0.0,0.0,0.1023424528357224,0.0,0.0,0.0,0.0,0.0,0.0714402952452015,0.1696322886423225,0.0,0.0,0.0,0.0,0.0461414973425549,0.0011023627902012,0.0,0.0,0.0019638681188711,0.430490309406828,0.2841103037814635,0.1375625158501829,1.0274947625371709,0.0,0.1113197003802778,14.83255,41.65835,33.74405,13.87335
BH-BU-BY-ER-RI,0.0,0.0,0.0,0.0,0.0,0.0,0.0,0.0,0.00132,0.00132,0.0,0.0,0.0,0.0,0.0,0.0,0.0,0.0,0.0,0.00132,0.0,0.00132,0.00132,0.0,0.0,0.0,0.0,0.0,28.0,0.0
BH-BU-BY-ER-RI,48.0,0.0,0.0,0.0,0.0,0.0,0.0,0.0,0.7585208557410117,0.3616203237920481,0.0,0.0,0.0,0.0,0.0,0.0,0.0,0.0,0.0,0.0,0.0,0.4507677215456763,0.0011558155490845,0.0,0.0,0.0,5.8403837,14.96845,36.0562,17.1043
BH-BU-CH-DP-RI,0.0,0.0,0.0,0.0,0.0,0.0,0.0,0.0,0.0,0.00132,0.00132,0.0,0.0,0.0,0.0,0.0,0.0,0.00132,0.0,0.00132,0.0,0.0,0.00132,0.0,0.0,0.0,0.0,0.0,28.0,0.0
BH-BU-CH-DP-RI,48.0,0.0,0.0,0.0,0.0,0.0,0.0,0.0,0.0,0.8700253424178191,0.1996999477325769,0.0,0.0,0.0,0.0,0.0,0.0,0.0596995790864743,0.0,9.251195089258128e-05,0.0,0.0,0.0005708570028889,0.0,0.0,0.0,0.2596,33.0061,28.8239,25.32105
BH-BV-CC-CG-DF-DP-EL-ER-FP-PJ-RI,0.0,0.0,0.0006,0.0006,0.0,0.0,0.0,0.0,0.0,0.0,0.0006,0.0,0.0,0.0,0.0,0.0006,0.0006,0.0,0.0,0.0006,0.0006,0.0006,0.0006,0.0006,0.0,0.0006,0.0,0.0,28.0,0.0
BH-BV-CC-CG-DF-DP-EL-ER-FP-PJ-RI,48.0,0.0,0.3688291172766339,0.1707646614313232,0.0,0.0,0.0,0.0,0.0,0.0,0.1027192269225072,0.0,0.0,0.0,0.0,0.0494738535338564,0.0044981386131272,0.0,0.0,0.002174255445251,0.2322082271447626,0.2564511186842502,0.065686288709439,1.036914307675211,0.0,0.0871490720847529,14.28795,40.6291,29.383000000000003,22.04245
BH-BV-ER,0.0,0.0,0.0,0.0021999999999999,0.0,0.0,0.0,0.0,0.0,0.0,0.0,0.0,0.0,0.0,0.0,0.0,0.0,0.0,0.0,0.0021999999999999,0.0,0.0021999999999999,0.0,0.0,0.0,0.0,0.0,0.0,28.0,0.0
BH-BV-ER,48.0,0.0,0.0,0.224750927437889,0.0,0.0,0.0,0.0,0.0,0.0,0.0,0.0,0.0,0.0,0.0,0.0,0.0,0.0,0.0,0.001202203999894,0.0,1.1693819229089513,0.0,0.0,0.0,0.0,5.070833333333334,10.261066666666666,35.343,16.190933333333334
BH-BY-CA-CC,0.0,0.0,0.0,0.0,0.0,0.0,0.0,0.0,0.00165,0.0,0.0,0.0,0.0,0.0,0.00165,0.0,0.0,0.0,0.0,0.00165,0.0,0.0,0.0,0.00165,0.0,0.0,0.0,0.0,28.0,0.0
BH-BY-CA-CC,48.0,0.0,0.0,0.0,0.0,0.0,0.0,0.0,0.7412407144409445,0.0,0.0,0.0,0.0,0.0,0.4086409438678453,0.0,0.0,0.0,0.0,0.0,0.0,0.0,0.0,1.1835560778529637,0.0,0.0,6.0662097,19.3208,48.05145,8.9672
BH-BY-CA-CG-ER,0.0,0.0,0.0,0.0,0.0,0.0,0.0,0.0,0.00132,0.0,0.0,0.0,0.0,0.0,0.00132,0.0,0.0,0.0,0.0,0.00132,0.00132,0.00132,0.0,0.0,0.0,0.0,0.0,0.0,28.0,0.0
BH-BY-CA-CG-ER,48.0,0.0,0.0,0.0,0.0,0.0,0.0,0.0,0.7954834665086816,0.0,0.0,0.0,0.0,0.0,0.73500371056061,0.0,0.0,0.0,0.0,0.0,0.2054597125703939,0.3263965012171896,0.0,0.0,0.0,0.0,4.0106526,14.6619,37.99955,21.7484
BH-BY-CC-CH-EL,0.0,0.0,0.0,0.0,0.0,0.0,0.0,0.0,0.00132,0.0,0.0,0.0,0.0,0.0,0.0,0.00132,0.0,0.00132,0.0,0.00132,0.0,0.0,0.0,0.00132,0.0,0.0,0.0,0.0,28.0,0.0
BH-BY-CC-CH-EL,48.0,0.0,0.0,0.0,0.0,0.0,0.0,0.0,1.0193415028409234,0.0,0.0,0.0,0.0,0.0,0.0,0.0611313153587768,0.0,0.2709482147126755,0.0,9.079985967374144e-05,0.0,0.0,0.0,0.7139806489907736,0.0,0.0,6.5234,27.1166,37.1476,24.25495
BH-BY-CC-CH-FP,0.0,0.0,0.0,0.0,0.0,0.0,0.0,0.0,0.00132,0.0,0.0,0.0,0.0,0.0,0.0,0.0,0.00132,0.00132,0.0,0.00132,0.0,0.0,0.0,0.00132,0.0,0.0,0.0,0.0,28.0,0.0
BH-BY-CC-CH-FP,48.0,0.0,0.0,0.0,0.0,0.0,0.0,0.0,0.5634568359633998,0.0,0.0,0.0,0.0,0.0,0.0,0.0,0.0456335764487471,0.096194722185386,0.0,0.0,0.0,0.0,0.0,0.9043160853998146,0.0,0.0,8.7326236,21.6501,32.3206,8.6661
BH-BY-ER,0.0,0.0,0.0,0.0,0.0,0.0,0.0,0.0,0.0021999999999999,0.0,0.0,0.0,0.0,0.0,0.0,0.0,0.0,0.0,0.0,0.0021999999999999,0.0,0.0021999999999999,0.0,0.0,0.0,0.0,0.0,0.0,28.0,0.0
BH-BY-ER,48.0,0.0,0.0,0.0,0.0,0.0,0.0,0.0,0.80210564197949,0.0,0.0,0.0,0.0,0.0,0.0,0.0,0.0,0.0,0.0,0.0006135565787077,0.0,1.1056886847055896,0.0,0.0,0.0,0.0,22.0737,4.303133333333333,48.79336666666666,10.241366666666666
BH-CC,0.0,0.0,0.0,0.0,0.0,0.0,0.0,0.0,0.0,0.0,0.0,0.0,0.0,0.0,0.0,0.0,0.0,0.0,0.0,0.0033,0.0,0.0,0.0,0.0033,0.0,0.0,0.0,0.0,28.0,0.0
BH-CC,48.0,0.0,0.0,0.0,0.0,0.0,0.0,0.0,0.0,0.0,0.0,0.0,0.0,0.0,0.0,0.0,0.0,0.0,0.0,0.0782489014090372,0.0,0.0,0.0,2.1105195982193017,0.0,0.0,17.331633333333333,29.566166666666664,51.41533333333333,3.695066666666667
BH-CC-CG-ER,0.0,0.0,0.0,0.0,0.0,0.0,0.0,0.0,0.0,0.0,0.0,0.0,0.0,0.0,0.0,0.0,0.0,0.0,0.0,0.00165,0.00165,0.00165,0.0,0.00165,0.0,0.0,0.0,0.0,28.0,0.0
BH-CC-CG-ER,48.0,0.0,0.0,0.0,0.0,0.0,0.0,0.0,0.0,0.0,0.0,0.0,0.0,0.0,0.0,0.0,0.0,0.0,0.0,0.0,0.3469810396931161,0.0863427554429835,0.0,1.4305283219737797,0.0,0.0,19.0150207,30.8984,49.96985,0.0
BH-CC-CG-ER-FP,0.0,0.0,0.0,0.0,0.0,0.0,0.0,0.0,0.0,0.0,0.0,0.0,0.0,0.0,0.0,0.0,0.00132,0.0,0.0,0.00132,0.00132,0.00132,0.0,0.00132,0.0,0.0,0.0,0.0,28.0,0.0
BH-CC-CG-ER-FP,48.0,0.0,0.0,0.0,0.0,0.0,0.0,0.0,0.0,0.0,0.0,0.0,0.0,0.0,0.0,0.0,0.0023381822504238,0.0,0.0,0.0,0.3283866678971309,0.0629242777411092,0.0,1.6918793771177856,0.0,0.0,16.4894172,28.4269,44.41965,0.0
BH-CC-CG-ER-RI,0.0,0.0,0.0,0.0,0.0,0.0,0.0,0.0,0.0,0.0,0.0,0.0,0.0,0.0,0.0,0.0,0.0,0.0,0.0,0.00132,0.00132,0.00132,0.00132,0.00132,0.0,0.0,0.0,0.0,28.0,0.0
BH-CC-CG-ER-RI,48.0,0.0,0.0,0.0,0.0,0.0,0.0,0.0,0.0,0.0,0.0,0.0,0.0,0.0,0.0,0.0,0.0,0.0,0.0,0.0001856594865743,0.4356424001718844,0.1065841302037969,0.000431106872902,1.455124998235084,0.0,0.0,18.2586665,33.68115,47.8947,0.0
BH-CC-CH-FP-RI,0.0,0.0,0.0,0.0,0.0,0.0,0.0,0.0,0.0,0.0,0.0,0.0,0.0,0.0,0.0,0.0,0.00132,0.00132,0.0,0.00132,0.0,0.0,0.00132,0.00132,0.0,0.0,0.0,0.0,28.0,0.0
BH-CC-CH-FP-RI,48.0,0.0,0.0,0.0,0.0,0.0,0.0,0.0,0.0,0.0,0.0,0.0,0.0,0.0,0.0,0.0,0.003225241877193,0.1739196798247601,0.0,9.023764179845987e-05,0.0,0.0,0.0022493087766828,2.0916403032336617,0.0,0.0,23.95602235,23.2523,43.27465,0.0
BH-CC-ER-FP-RI,0.0,0.0,0.0,0.0,0.0,0.0,0.0,0.0,0.0,0.0,0.0,0.0,0.0,0.0,0.0,0.0,0.00132,0.0,0.0,0.00132,0.0,0.00132,0.00132,0.00132,0.0,0.0,0.0,0.0,28.0,0.0
BH-CC-ER-FP-RI,48.0,0.0,0.0,0.0,0.0,0.0,0.0,0.0,0.0,0.0,0.0,0.0,0.0,0.0,0.0,0.0,0.0020350679180985,0.0,0.0,0.0001614887329146,0.0,0.0212433559638386,0.0007311880499336,1.7217448839842435,0.0,0.0,19.278,20.60575,43.420950000000005,3.82535
BH-CC-FP-RI,0.0,0.0,0.0,0.0,0.0,0.0,0.0,0.0,0.0,0.0,0.0,0.0,0.0,0.0,0.0,0.0,0.00165,0.0,0.0,0.00165,0.0,0.0,0.00165,0.00165,0.0,0.0,0.0,0.0,28.0,0.0
BH-CC-FP-RI,48.0,0.0,0.0,0.0,0.0,0.0,0.0,0.0,0.0,0.0,0.0,0.0,0.0,0.0,0.0,0.0,0.0017169783595136,0.0,0.0,0.000121207557503,0.0,0.0,0.0005978543195936,1.9360728174130728,0.0,0.0,20.00022285,21.19095,48.12285,0.0
BH-CH-FP-PC-RI,0.0,0.00132,0.0,0.0,0.0,0.0,0.0,0.0,0.0,0.0,0.0,0.0,0.0,0.0,0.0,0.0,0.00132,0.00132,0.0,0.00132,0.0,0.0,0.00132,0.0,0.0,0.0,0.0,0.0,28.0,0.0
BH-CH-FP-PC-RI,48.0,1.9786026260059304,0.0,0.0,0.0,0.0,0.0,0.0,0.0,0.0,0.0,0.0,0.0,0.0,0.0,0.0,0.0072211774671758,0.4038701397712843,0.0,0.0002578991952571,0.0,0.0,0.0314637018212627,0.0,0.0,0.0,0.2746,24.5388,31.6841,33.0747
BH-CH-FP-RI,0.0,0.0,0.0,0.0,0.0,0.0,0.0,0.0,0.0,0.0,0.0,0.0,0.0,0.0,0.0,0.0,0.00165,0.00165,0.0,0.00165,0.0,0.0,0.00165,0.0,0.0,0.0,0.0,0.0,28.0,0.0
BH-CH-FP-RI,48.0,0.0,0.0,0.0,0.0,0.0,0.0,0.0,0.0,0.0,0.0,0.0,0.0,0.0,0.0,0.0,0.0004093622616691,0.0022514924391844,0.0,0.0022514924391844,0.0,0.0,1.541453596318212,0.0,0.0,0.0,17.8970958,8.3899,34.6027,0.0
BH-DF-ER-RI,0.0,0.0,0.0,0.0,0.0,0.0,0.0,0.0,0.0,0.0,0.0,0.0,0.0,0.0,0.0,0.0,0.0,0.0,0.0,0.00165,0.0,0.00165,0.00165,0.0,0.0,0.00165,0.0,0.0,28.0,0.0
BH-DF-ER-RI,48.0,0.0,0.0,0.0,0.0,0.0,0.0,0.0,0.0,0.0,0.0,0.0,0.0,0.0,0.0,0.0,0.0,0.0,0.0,0.0004674537987681,0.0,0.3611853791142397,0.25530010156613,0.0,0.0,0.5779723262505292,20.16735655,4.85765,37.26115,0.74765
BH-ER,0.0,0.0,0.0,0.0,0.0,0.0,0.0,0.0,0.0,0.0,0.0,0.0,0.0,0.0,0.0,0.0,0.0,0.0,0.0,0.0033,0.0,0.0033,0.0,0.0,0.0,0.0,0.0,0.0,28.0,0.0
BH-ER,48.0,0.0,0.0,0.0,0.0,0.0,0.0,0.0,0.0,0.0,0.0,0.0,0.0,0.0,0.0,0.0,0.0,0.0,0.0,0.3309471198642583,0.0,1.1747267444611609,0.0,0.0,0.0,0.0,32.52596666666667,24.05173333333333,44.64573333333333,5.119933333333333
BH-ER-FP,0.0,0.0,0.0,0.0,0.0,0.0,0.0,0.0,0.0,0.0,0.0,0.0,0.0,0.0,0.0,0.0,0.0021999999999999,0.0,0.0,0.0021999999999999,0.0,0.0021999999999999,0.0,0.0,0.0,0.0,0.0,0.0,28.0,0.0
BH-ER-FP,48.0,0.0,0.0,0.0,0.0,0.0,0.0,0.0,0.0,0.0,0.0,0.0,0.0,0.0,0.0,0.0,0.0016841701597188,0.0,0.0,1.0683111576666953,0.0,0.1580053065133159,0.0,0.0,0.0,0.0,2.7505333333333333,29.724100000000004,49.53636666666666,0.3201666666666666
BH-FP,0.0,0.0,0.0,0.0,0.0,0.0,0.0,0.0,0.0,0.0,0.0,0.0,0.0,0.0,0.0,0.0,0.0033,0.0,0.0,0.0033,0.0,0.0,0.0,0.0,0.0,0.0,0.0,0.0,28.0,0.0
BH-FP,48.0,0.0,0.0,0.0,0.0,0.0,0.0,0.0,0.0,0.0,0.0,0.0,0.0,0.0,0.0,0.0,0.0252956720651403,0.0,0.0,1.081547035690812,0.0,0.0,0.0,0.0,0.0,0.0,1.36855,51.078500000000005,33.121050000000004,7.2013
BH-RI,0.0,0.0,0.0,0.0,0.0,0.0,0.0,0.0,0.0,0.0,0.0,0.0,0.0,0.0,0.0,0.0,0.0,0.0,0.0,0.0033,0.0,0.0,0.0033,0.0,0.0,0.0,0.0,0.0,28.0,0.0
BH-RI,48.0,0.0,0.0,0.0,0.0,0.0,0.0,0.0,0.0,0.0,0.0,0.0,0.0,0.0,0.0,0.0,0.0,0.0,0.0,0.7841006158982313,0.0,0.0,0.6586096241293949,0.0,0.0,0.0,28.2257,12.8381,15.3397,3.7748
BL,0.0,0.0,0.0,0.0,0.0,0.0,0.0,0.0,0.0,0.0,0.0,0.0066,0.0,0.0,0.0,0.0,0.0,0.0,0.0,0.0,0.0,0.0,0.0,0.0,0.0,0.0,0.0,0.0,28.0,0.0
BL,48.0,0.0,0.0,0.0,0.0,0.0,0.0,0.0,0.0,0.0,0.0,1.5961900394948594,0.0,0.0,0.0,0.0,0.0,0.0,0.0,0.0,0.0,0.0,0.0,0.0,0.0,0.0,0.0,46.61373999999999,41.324920000000006,2.39048
BL-BT-CC-FP,0.0,0.0,0.0,0.0,0.0,0.0,0.00165,0.0,0.0,0.0,0.0,0.00165,0.0,0.0,0.0,0.0,0.00165,0.0,0.0,0.0,0.0,0.0,0.0,0.00165,0.0,0.0,0.0,0.0,28.0,0.0
BL-BT-CC-FP,48.0,0.0,0.0,0.0,0.0,0.0,1.2872123171927503,0.0,0.0,0.0,0.0,0.2032337600543017,0.0,0.0,0.0,0.0,0.0034895307887697,0.0,0.0,0.0,0.0,0.0,0.0,0.8857965457693873,0.0,0.0,6.2960696,34.7817,50.413700000000006,11.4751
BL-BU-BV-CA-CC-DP-EL-ER-FP-PC-RI,0.0,0.0006,0.0,0.0006,0.0,0.0,0.0,0.0,0.0,0.0006,0.0006,0.0006,0.0,0.0,0.0006,0.0006,0.0006,0.0,0.0,0.0,0.0,0.0006,0.0006,0.0006,0.0,0.0,0.0,0.0,28.0,0.0
BL-BU-BV-CA-CC-DP-EL-ER-FP-PC-RI,48.0,0.1393985542870984,0.0,0.1992390959182172,0.0,0.0,0.0,0.0,0.0,0.1471366061792065,0.118551300285689,0.0481052122262592,0.0,0.0,0.0215034770589545,0.0578740267200428,0.0021442281550014,0.0,0.0,0.0,0.0,0.0175587261391817,0.1122094088245686,1.5701901450061464,0.0,0.0,6.62945,37.8536,38.021,22.05885
BL-BU-CA-CC-CG-CH-DF-ER-FP-PC-PJ-RI,0.0,0.0005499999999999,0.0005499999999999,0.0,0.0,0.0,0.0,0.0,0.0,0.0005499999999999,0.0,0.0005499999999999,0.0,0.0,0.0005499999999999,0.0,0.0005499999999999,0.0005499999999999,0.0,0.0,0.0005499999999999,0.0005499999999999,0.0005499999999999,0.0005499999999999,0.0,0.0005499999999999,0.0,0.0,28.0,0.0
BL-BU-CA-CC-CG-CH-DF-ER-FP-PC-PJ-RI,48.0,0.2007015072133411,0.1192748284107804,0.0,0.0,0.0,0.0,0.0,0.0,0.5061121565226383,0.0,0.1010631562633809,0.0,0.0,0.0043383073926236,0.0,0.0009961413831074,0.1655734078640746,0.0,0.0,0.1282088644974708,0.1255560032217013,0.0329872665257714,0.9002528142399464,0.0,0.2326142881082104,11.24745,41.03075,43.0698,14.0356
BL-BU-CA-CC-CG-DF-EL-ER-FP-PC-RI,0.0,0.0006,0.0,0.0,0.0,0.0,0.0,0.0,0.0,0.0006,0.0,0.0006,0.0,0.0,0.0006,0.0006,0.0006,0.0,0.0,0.0,0.0006,0.0006,0.0006,0.0006,0.0,0.0006,0.0,0.0,28.0,0.0
BL-BU-CA-CC-CG-DF-EL-ER-FP-PC-RI,48.0,0.0193125490069638,0.0,0.0,0.0,0.0,0.0,0.0,0.0,0.2058061993544272,0.0,0.0295214466393855,0.0,0.0,0.2120012080774917,0.0129905969424158,0.0006918705669066,0.0,0.0,0.0,0.149159630182008,0.1498250153213156,0.1025665097932873,1.364734355819983,0.0,0.2073316773145073,13.4329,35.9968,47.699,8.7151
BL-BU-CA-CC-CH-DP-EL-ER-FP-PJ-RI,0.0,0.0,0.0006,0.0,0.0,0.0,0.0,0.0,0.0,0.0006,0.0006,0.0006,0.0,0.0,0.0006,0.0006,0.0006,0.0006,0.0,0.0,0.0,0.0006,0.0006,0.0006,0.0,0.0,0.0,0.0,28.0,0.0
BL-BU-CA-CC-CH-DP-EL-ER-FP-PJ-RI,48.0,0.0,0.2464622171790903,0.0,0.0,0.0,0.0,0.0,0.0,0.5901558941042329,0.0849060536387621,0.027838094263388,0.0,0.0,0.0569547438945588,0.0402129167748414,0.0019667939307719,0.2111457152067191,0.0,0.0,0.0,0.0938939205162056,0.0672256389788299,0.9646172861644604,0.0,0.0,7.835100000000001,39.90565,47.8121,18.51495
BL-BU-CC-CH-DL-EL-ER-FP-PC-PJ-RI,0.0,0.0006,0.0006,0.0,0.0,0.0,0.0,0.0,0.0,0.0006,0.0,0.0006,0.0,0.0,0.0,0.0006,0.0006,0.0006,0.0,0.0,0.0,0.0006,0.0006,0.0006,0.0006,0.0,0.0,0.0,28.0,0.0
BL-BU-CC-CH-DL-EL-ER-FP-PC-PJ-RI,48.0,0.1376772366541374,0.0750370302623368,0.0,0.0,0.0,0.0,0.0,0.0,0.2647224171858071,0.0,0.0262377431873671,0.0,0.0,0.0,0.0357358395893215,0.0004944338912681,0.1028235690238534,0.0,0.0,0.0,0.0813954483858937,0.0232814403205478,0.6239327486307511,0.6944534196704666,0.0,9.4962,37.85155,43.66415,16.716250000000002
BL-CC,0.0,0.0,0.0,0.0,0.0,0.0,0.0,0.0,0.0,0.0,0.0,0.0033,0.0,0.0,0.0,0.0,0.0,0.0,0.0,0.0,0.0,0.0,0.0,0.0033,0.0,0.0,0.0,0.0,28.0,0.0
BL-CC,48.0,0.0,0.0,0.0,0.0,0.0,0.0,0.0,0.0,0.0,0.0,0.4508183497545794,0.0,0.0,0.0,0.0,0.0,0.0,0.0,0.0,0.0,0.0,0.0,1.5975993618952882,0.0,0.0,9.234,44.8759,56.38125,3.644
BL-CC-DP,0.0,0.0,0.0,0.0,0.0,0.0,0.0,0.0,0.0,0.0,0.0021999999999999,0.0021999999999999,0.0,0.0,0.0,0.0,0.0,0.0,0.0,0.0,0.0,0.0,0.0,0.0021999999999999,0.0,0.0,0.0,0.0,28.0,0.0
BL-CC-DP,48.0,0.0,0.0,0.0,0.0,0.0,0.0,0.0,0.0,0.0,0.3716811912373126,0.0031520198417999,0.0,0.0,0.0,0.0,0.0,0.0,0.0,0.0,0.0,0.0,0.0,1.2567828631046478,0.0,0.0,8.633933333333333,39.69113333333334,29.836133333333333,2.251066666666667
BL-CC-ER,0.0,0.0,0.0,0.0,0.0,0.0,0.0,0.0,0.0,0.0,0.0,0.0021999999999999,0.0,0.0,0.0,0.0,0.0,0.0,0.0,0.0,0.0,0.0021999999999999,0.0,0.0021999999999999,0.0,0.0,0.0,0.0,28.0,0.0
BL-CC-ER,48.0,0.0,0.0,0.0,0.0,0.0,0.0,0.0,0.0,0.0,0.0,0.0189846539966249,0.0,0.0,0.0,0.0,0.0,0.0,0.0,0.0,0.0,0.0312894727449623,0.0,2.8130494390860736,0.0,0.0,20.2322,27.053,49.70065,1.5217
BL-CC-FP,0.0,0.0,0.0,0.0,0.0,0.0,0.0,0.0,0.0,0.0,0.0,0.0021999999999999,0.0,0.0,0.0,0.0,0.0021999999999999,0.0,0.0,0.0,0.0,0.0,0.0,0.0021999999999999,0.0,0.0,0.0,0.0,28.0,0.0
BL-CC-FP,48.0,0.0,0.0,0.0,0.0,0.0,0.0,0.0,0.0,0.0,0.0,0.0067588652700664,0.0,0.0,0.0,0.0,0.0021402720524449,0.0,0.0,0.0,0.0,0.0,0.0,2.5581072789718653,0.0,0.0,21.174666666666667,25.577566666666662,55.92763333333334,0.0
BL-ER,0.0,0.0,0.0,0.0,0.0,0.0,0.0,0.0,0.0,0.0,0.0,0.0033,0.0,0.0,0.0,0.0,0.0,0.0,0.0,0.0,0.0,0.0033,0.0,0.0,0.0,0.0,0.0,0.0,28.0,0.0
BL-ER,48.0,0.0,0.0,0.0,0.0,0.0,0.0,0.0,0.0,0.0,0.0,0.7159230181753924,0.0,0.0,0.0,0.0,0.0,0.0,0.0,0.0,0.0,0.8794429974295693,0.0,0.0,0.0,0.0,9.8037,25.2839,37.4821,3.6584
BL-FP,0.0,0.0,0.0,0.0,0.0,0.0,0.0,0.0,0.0,0.0,0.0,0.0033,0.0,0.0,0.0,0.0,0.0033,0.0,0.0,0.0,0.0,0.0,0.0,0.0,0.0,0.0,0.0,0.0,28.0,0.0
BL-FP,48.0,0.0,0.0,0.0,0.0,0.0,0.0,0.0,0.0,0.0,0.0,1.4502445106206523,0.0,0.0,0.0,0.0,0.0106531183444222,0.0,0.0,0.0,0.0,0.0,0.0,0.0,0.0,0.0,0.0,44.3668,45.3075,4.428
BL-RI,0.0,0.0,0.0,0.0,0.0,0.0,0.0,0.0,0.0,0.0,0.0,0.0033,0.0,0.0,0.0,0.0,0.0,0.0,0.0,0.0,0.0,0.0,0.0033,0.0,0.0,0.0,0.0,0.0,28.0,0.0
BL-RI,48.0,0.0,0.0,0.0,0.0,0.0,0.0,0.0,0.0,0.0,0.0,1.4610798117792672,0.0,0.0,0.0,0.0,0.0,0.0,0.0,0.0,0.0,0.0,0.0015864058759819,0.0,0.0,0.0,0.0,48.2775,38.7718,4.6807
BO,0.0,0.0,0.0,0.0,0.0,0.0066,0.0,0.0,0.0,0.0,0.0,0.0,0.0,0.0,0.0,0.0,0.0,0.0,0.0,0.0,0.0,0.0,0.0,0.0,0.0,0.0,0.0,0.0,28.0,0.0
BO,48.0,0.0,0.0,0.0,0.0,1.3455163653694002,0.0,0.0,0.0,0.0,0.0,0.0,0.0,0.0,0.0,0.0,0.0,0.0,0.0,0.0,0.0,0.0,0.0,0.0,0.0,0.0,0.0,19.179485714285715,24.24444285714285,26.177342857142857
BO-BP-BV-CA-CC-CH-DF-DL-DP-EL-ER-FP-PC,0.0,0.0005076923076923,0.0,0.0005076923076923,0.0,0.0005076923076923,0.0,0.0,0.0,0.0,0.0005076923076923,0.0,0.0,0.0005076923076923,0.0005076923076923,0.0005076923076923,0.0005076923076923,0.0005076923076923,0.0,0.0,0.0,0.0005076923076923,0.0,0.0005076923076923,0.0005076923076923,0.0005076923076923,0.0,0.0,28.0,0.0
BO-BP-BV-CA-CC-CH-DF-DL-DP-EL-ER-FP-PC,48.0,0.1157323026868547,0.0,0.1081632793649416,0.0,0.7179547212493573,0.0,0.0,0.0,0.0,0.0355094105923432,0.0,0.0,0.7220585885207595,0.02458365188076,0.0221017372411447,0.0015869437890279,0.167548187317801,0.0,0.0,0.0,0.0338898831664463,0.0,0.2393217235087761,0.0824924619113226,0.1331727232576237,2.20852867,57.566778195,46.704678975,19.41992007
BO-BP-BY-CC-DF-DP-EL-ER-FP-PC-RI,0.0,0.0006,0.0,0.0,0.0,0.0006,0.0,0.0,0.0006,0.0,0.0006,0.0,0.0,0.0006,0.0,0.0006,0.0006,0.0,0.0,0.0,0.0,0.0006,0.0006,0.0006,0.0,0.0006,0.0,0.0,28.0,0.0
BO-BP-BY-CC-DF-DP-EL-ER-FP-PC-RI,48.0,0.0269419824356985,0.0,0.0,0.0,0.7363476387416187,0.0,0.0,0.5348058982889787,0.0,0.058537026286756,0.0,0.0,0.5682066963614729,0.0,0.0249972724008121,0.0005634374090864,0.0,0.0,0.0,0.0,0.0121169275082908,0.0328308663148731,0.5805052406060598,0.0,0.0451234761143045,2.8150000000000004,43.8661,48.31565,19.5284
BO-BU-BV-CC-CG-EL-ER-FP-PC-PJ-RI,0.0,0.0006,0.0006,0.0006,0.0,0.0006,0.0,0.0,0.0,0.0006,0.0,0.0,0.0,0.0,0.0,0.0006,0.0006,0.0,0.0,0.0,0.0006,0.0006,0.0006,0.0006,0.0,0.0,0.0,0.0,28.0,0.0
BO-BU-BV-CC-CG-EL-ER-FP-PC-PJ-RI,48.0,0.0892431371386075,0.0724122577017222,0.1017228905401866,0.0,0.5525800655120783,0.0,0.0,0.0,0.1679573747556243,0.0,0.0,0.0,0.0,0.0,0.0363504358216008,0.0023633900911659,0.0,0.0,0.0,0.0919864870126641,0.2308249206181662,0.0388843929376547,0.9740764347220388,0.0,0.0,12.91605,33.1779,26.8062,32.41005
BO-CC,0.0,0.0,0.0,0.0,0.0,0.0033,0.0,0.0,0.0,0.0,0.0,0.0,0.0,0.0,0.0,0.0,0.0,0.0,0.0,0.0,0.0,0.0,0.0,0.0033,0.0,0.0,0.0,0.0,28.0,0.0
BO-CC,48.0,0.0,0.0,0.0,0.0,0.3014874747094563,0.0,0.0,0.0,0.0,0.0,0.0,0.0,0.0,0.0,0.0,0.0,0.0,0.0,0.0,0.0,0.0,0.0,1.9523310064860504,0.0,0.0,20.725366666666662,26.1498,43.767566666666674,7.216433333333332
BO-ER,0.0,0.0,0.0,0.0,0.0,0.0033,0.0,0.0,0.0,0.0,0.0,0.0,0.0,0.0,0.0,0.0,0.0,0.0,0.0,0.0,0.0,0.0033,0.0,0.0,0.0,0.0,0.0,0.0,28.0,0.0
BO-ER,48.0,0.0,0.0,0.0,0.0,0.8089740580670955,0.0,0.0,0.0,0.0,0.0,0.0,0.0,0.0,0.0,0.0,0.0,0.0,0.0,0.0,0.0,0.5531719221561131,0.0,0.0,0.0,0.0,14.332366666666667,16.452366666666666,35.300666666666665,29.306066666666663
BO-FP,0.0,0.0,0.0,0.0,0.0,0.0033,0.0,0.0,0.0,0.0,0.0,0.0,0.0,0.0,0.0,0.0,0.0033,0.0,0.0,0.0,0.0,0.0,0.0,0.0,0.0,0.0,0.0,0.0,28.0,0.0
BO-FP,48.0,0.0,0.0,0.0,0.0,1.3650310093044062,0.0,0.0,0.0,0.0,0.0,0.0,0.0,0.0,0.0,0.0,0.1784496970385755,0.0,0.0,0.0,0.0,0.0,0.0,0.0,0.0,0.0,3.226433333333333,23.729033333333334,25.880433333333333,38.8562
BO-RI,0.0,0.0,0.0,0.0,0.0,0.0033,0.0,0.0,0.0,0.0,0.0,0.0,0.0,0.0,0.0,0.0,0.0,0.0,0.0,0.0,0.0,0.0,0.0033,0.0,0.0,0.0,0.0,0.0,28.0,0.0
BO-RI,48.0,0.0,0.0,0.0,0.0,1.3235332011908116,0.0,0.0,0.0,0.0,0.0,0.0,0.0,0.0,0.0,0.0,0.0,0.0,0.0,0.0,0.0,0.0,0.111356358411645,0.0,0.0,0.0,5.2381,23.741333333333333,26.348133333333333,32.93246666666667
BP,0.0,0.0,0.0,0.0,0.0,0.0,0.0,0.0,0.0,0.0,0.0,0.0,0.0,0.0066,0.0,0.0,0.0,0.0,0.0,0.0,0.0,0.0,0.0,0.0,0.0,0.0,0.0,0.0,28.0,0.0
BP,48.0,0.0,0.0,0.0,0.0,0.0,0.0,0.0,0.0,0.0,0.0,0.0,0.0,1.0757350219123087,0.0,0.0,0.0,0.0,0.0,0.0,0.0,0.0,0.0,0.0,0.0,0.0,0.0,52.27821428571429,52.32547142857144,0.5951857142857142
BP-BT-BU-CC-DF-DP-EL-ER-FP-PC-RI,0.0,0.0006,0.0,0.0,0.0,0.0,0.0006,0.0,0.0,0.0006,0.0006,0.0,0.0,0.0006,0.0,0.0006,0.0006,0.0,0.0,0.0,0.0,0.0006,0.0006,0.0006,0.0,0.0006,0.0,0.0,28.0,0.0
BP-BT-BU-CC-DF-DP-EL-ER-FP-PC-RI,48.0,0.0151380315133607,0.0,0.0,0.0,0.0,1.2414843340961936,0.0,0.0,0.0621184113057378,0.0565998902502551,0.0,0.0,0.6735212214169035,0.0,0.0139520755766371,0.0007275823346602,0.0,0.0,0.0,0.0,0.0204127903443865,0.0261835557937089,0.3261434199504592,0.0,0.026420761721781,2.66625,45.95585,56.2786,19.97615
BP-BU-BV-CA-CC-CG-DF-ER-FP-PC-PJ-RI,0.0,0.0005499999999999,0.0005499999999999,0.0005499999999999,0.0,0.0,0.0,0.0,0.0,0.0005499999999999,0.0,0.0,0.0,0.0005499999999999,0.0005499999999999,0.0,0.0005499999999999,0.0,0.0,0.0,0.0005499999999999,0.0005499999999999,0.0005499999999999,0.0005499999999999,0.0,0.0005499999999999,0.0,0.0,28.0,0.0
BP-BU-BV-CA-CC-CG-DF-ER-FP-PC-PJ-RI,48.0,0.0396111283379966,0.0972524992421546,0.1326235938490763,0.0,0.0,0.0,0.0,0.0,0.2151487404747875,0.0,0.0,0.0,0.7629641438675696,0.0024272957363198,0.0,0.0010594119432269,0.0,0.0,0.0,0.1192115022443349,0.0579579385665463,0.0155337169363861,0.8889173928761129,0.0,0.2613653401891697,6.8729,42.62845,39.18995,20.778
BP-BU-BV-CC-CG-DF-DP-ER-FP-PC-PJ-RI,0.0,0.0005499999999999,0.0005499999999999,0.0005499999999999,0.0,0.0,0.0,0.0,0.0,0.0005499999999999,0.0005499999999999,0.0,0.0,0.0005499999999999,0.0,0.0,0.0005499999999999,0.0,0.0,0.0,0.0005499999999999,0.0005499999999999,0.0005499999999999,0.0005499999999999,0.0,0.0005499999999999,0.0,0.0,28.0,0.0
BP-BU-BV-CC-CG-DF-DP-ER-FP-PC-PJ-RI,48.0,0.0493400824078973,0.1749323432634117,0.0939633571302667,0.0,0.0,0.0,0.0,0.0,0.1862458032199306,0.060971469019919,0.0,0.0,0.614657471428992,0.0,0.0,0.0010117119102183,0.0,0.0,0.0,0.1729039261266823,0.0099537759269051,0.0193800296727184,0.8901800788824259,0.0,0.1362348287208411,4.1015,46.65025,43.35,16.3063
BP-BU-CA-CC-CG-DF-EL-ER-FP-PC-RI,0.0,0.0006,0.0,0.0,0.0,0.0,0.0,0.0,0.0,0.0006,0.0,0.0,0.0,0.0006,0.0006,0.0006,0.0006,0.0,0.0,0.0,0.0006,0.0006,0.0006,0.0006,0.0,0.0006,0.0,0.0,28.0,0.0
BP-BU-CA-CC-CG-DF-EL-ER-FP-PC-RI,48.0,0.0283137559204286,0.0,0.0,0.0,0.0,0.0,0.0,0.0,0.1575562830868971,0.0,0.0,0.0,0.6512395585958425,0.08216924932896,0.0130036409089388,0.0002816757929557,0.0,0.0,0.0,0.1973685622140374,0.0484808030180191,0.0801705043230776,1.0648027262438942,0.0,0.1014348909422082,10.56485,42.30695,50.286100000000005,5.80115
BP-BU-CC-CG-CH-DF-DL-EL-ER-FP-PC-PJ-RI,0.0,0.0005076923076923,0.0005076923076923,0.0,0.0,0.0,0.0,0.0,0.0,0.0005076923076923,0.0,0.0,0.0,0.0005076923076923,0.0,0.0005076923076923,0.0005076923076923,0.0005076923076923,0.0,0.0,0.0005076923076923,0.0005076923076923,0.0005076923076923,0.0005076923076923,0.0005076923076923,0.0005076923076923,0.0,0.0,28.0,0.0
BP-BU-CC-CG-CH-DF-DL-EL-ER-FP-PC-PJ-RI,48.0,0.0388786511460267,0.0574865767535155,0.0,0.0,0.0,0.0,0.0,0.0,0.3779171889619758,0.0,0.0,0.0,0.2220808612772594,0.0,0.028610352141904,0.0005485406983472,0.0521438234394678,0.0,0.0,0.0786019037135951,0.1324494687219241,0.048240825990415,0.4317589085391213,0.5250093343792912,0.1591836076393576,7.2235,44.4142,44.3014,11.5619
BP-CC,0.0,0.0,0.0,0.0,0.0,0.0,0.0,0.0,0.0,0.0,0.0,0.0,0.0,0.0033,0.0,0.0,0.0,0.0,0.0,0.0,0.0,0.0,0.0,0.0033,0.0,0.0,0.0,0.0,28.0,0.0
BP-CC,48.0,0.0,0.0,0.0,0.0,0.0,0.0,0.0,0.0,0.0,0.0,0.0,0.0,0.7810645428008078,0.0,0.0,0.0,0.0,0.0,0.0,0.0,0.0,0.0,1.7144826459919091,0.0,0.0,15.598,36.04995,52.95975,2.99015
BP-ER,0.0,0.0,0.0,0.0,0.0,0.0,0.0,0.0,0.0,0.0,0.0,0.0,0.0,0.0033,0.0,0.0,0.0,0.0,0.0,0.0,0.0,0.0033,0.0,0.0,0.0,0.0,0.0,0.0,28.0,0.0
BP-ER,48.0,0.0,0.0,0.0,0.0,0.0,0.0,0.0,0.0,0.0,0.0,0.0,0.0,0.6689475858313662,0.0,0.0,0.0,0.0,0.0,0.0,0.0,0.6284465662431821,0.0,0.0,0.0,0.0,11.99565,42.4603,55.1297,2.26765
BP-FP,0.0,0.0,0.0,0.0,0.0,0.0,0.0,0.0,0.0,0.0,0.0,0.0,0.0,0.0033,0.0,0.0,0.0033,0.0,0.0,0.0,0.0,0.0,0.0,0.0,0.0,0.0,0.0,0.0,28.0,0.0
BP-FP,48.0,0.0,0.0,0.0,0.0,0.0,0.0,0.0,0.0,0.0,0.0,0.0,0.0,0.9227609583862116,0.0,0.0,0.003825719574792,0.0,0.0,0.0,0.0,0.0,0.0,0.0,0.0,0.0,0.0,66.0678,59.6201,3.6668
BP-RI,0.0,0.0,0.0,0.0,0.0,0.0,0.0,0.0,0.0,0.0,0.0,0.0,0.0,0.0033,0.0,0.0,0.0,0.0,0.0,0.0,0.0,0.0,0.0033,0.0,0.0,0.0,0.0,0.0,28.0,0.0
BP-RI,48.0,0.0,0.0,0.0,0.0,0.0,0.0,0.0,0.0,0.0,0.0,0.0,0.0,1.160933579908195,0.0,0.0,0.0,0.0,0.0,0.0,0.0,0.0,0.0047858829565133,0.0,0.0,0.0,5.81555,56.3734,47.49785,3.13435
BT,0.0,0.0,0.0,0.0,0.0,0.0,0.0066,0.0,0.0,0.0,0.0,0.0,0.0,0.0,0.0,0.0,0.0,0.0,0.0,0.0,0.0,0.0,0.0,0.0,0.0,0.0,0.0,0.0,28.0,0.0
BT,48.0,0.0,0.0,0.0,0.0,0.0,1.507673656956509,0.0,0.0,0.0,0.0,0.0,0.0,0.0,0.0,0.0,0.0,0.0,0.0,0.0,0.0,0.0,0.0,0.0,0.0,0.0,0.0,20.064014285714286,33.528328571428574,26.11492857142857
BT-BV-CC-ER,0.0,0.0,0.0,0.00165,0.0,0.0,0.00165,0.0,0.0,0.0,0.0,0.0,0.0,0.0,0.0,0.0,0.0,0.0,0.0,0.0,0.0,0.00165,0.0,0.00165,0.0,0.0,0.0,0.0,28.0,0.0
BT-BV-CC-ER,48.0,0.0,0.0,0.1198608171337198,0.0,0.0,1.031740033600996,0.0,0.0,0.0,0.0,0.0,0.0,0.0,0.0,0.0,0.0,0.0,0.0,0.0,0.0,0.1109866509091647,0.0,0.7412296723066423,0.0,0.0,7.25306545,21.52775,32.477599999999995,12.26765
BT-BV-CC-ER-FP,0.0,0.0,0.0,0.00132,0.0,0.0,0.00132,0.0,0.0,0.0,0.0,0.0,0.0,0.0,0.0,0.0,0.00132,0.0,0.0,0.0,0.0,0.00132,0.0,0.00132,0.0,0.0,0.0,0.0,28.0,0.0
BT-BV-CC-ER-FP,48.0,0.0,0.0,0.1421914570199954,0.0,0.0,1.1581382665663411,0.0,0.0,0.0,0.0,0.0,0.0,0.0,0.0,0.0,0.0028974342544313,0.0,0.0,0.0,0.0,0.0928734205598197,0.0,0.6828318995512818,0.0,0.0,7.09366995,23.83485,33.9655,21.3102
BT-BV-CC-ER-RI,0.0,0.0,0.0,0.00132,0.0,0.0,0.00132,0.0,0.0,0.0,0.0,0.0,0.0,0.0,0.0,0.0,0.0,0.0,0.0,0.0,0.0,0.00132,0.00132,0.00132,0.0,0.0,0.0,0.0,28.0,0.0
BT-BV-CC-ER-RI,48.0,0.0,0.0,0.2199458374183003,0.0,0.0,1.1033608755446631,0.0,0.0,0.0,0.0,0.0,0.0,0.0,0.0,0.0,0.0,0.0,0.0,0.0,0.0,0.1216408510348577,0.0009756576797384,0.649777678376906,0.0,0.0,8.3125153,24.67075,36.6109,16.327849999999998
BT-CC,0.0,0.0,0.0,0.0,0.0,0.0,0.0033,0.0,0.0,0.0,0.0,0.0,0.0,0.0,0.0,0.0,0.0,0.0,0.0,0.0,0.0,0.0,0.0,0.0033,0.0,0.0,0.0,0.0,28.0,0.0
BT-CC,48.0,0.0,0.0,0.0,0.0,0.0,1.3752809030405493,0.0,0.0,0.0,0.0,0.0,0.0,0.0,0.0,0.0,0.0,0.0,0.0,0.0,0.0,0.0,0.0,0.5273813654280446,0.0,0.0,6.962866666666667,26.34606666666667,36.1915,21.8073
BT-ER,0.0,0.0,0.0,0.0,0.0,0.0,0.0033,0.0,0.0,0.0,0.0,0.0,0.0,0.0,0.0,0.0,0.0,0.0,0.0,0.0,0.0,0.0033,0.0,0.0,0.0,0.0,0.0,0.0,28.0,0.0
BT-ER,48.0,0.0,0.0,0.0,0.0,0.0,1.2173991041601395,0.0,0.0,0.0,0.0,0.0,0.0,0.0,0.0,0.0,0.0,0.0,0.0,0.0,0.0,0.3145473201114275,0.0,0.0,0.0,0.0,5.666433333333333,22.25616666666666,38.4997,31.515266666666665
BT-FP,0.0,0.0,0.0,0.0,0.0,0.0,0.0033,0.0,0.0,0.0,0.0,0.0,0.0,0.0,0.0,0.0,0.0033,0.0,0.0,0.0,0.0,0.0,0.0,0.0,0.0,0.0,0.0,0.0,28.0,0.0
BT-FP,48.0,0.0,0.0,0.0,0.0,0.0,1.4940585964274506,0.0,0.0,0.0,0.0,0.0,0.0,0.0,0.0,0.0,0.0284718108167878,0.0,0.0,0.0,0.0,0.0,0.0,0.0,0.0,0.0,0.6689333333333334,25.727966666666664,47.96033333333333,26.7105
BT-RI,0.0,0.0,0.0,0.0,0.0,0.0,0.0033,0.0,0.0,0.0,0.0,0.0,0.0,0.0,0.0,0.0,0.0,0.0,0.0,0.0,0.0,0.0,0.0033,0.0,0.0,0.0,0.0,0.0,28.0,0.0
BT-RI,48.0,0.0,0.0,0.0,0.0,0.0,1.4945257679196091,0.0,0.0,0.0,0.0,0.0,0.0,0.0,0.0,0.0,0.0,0.0,0.0,0.0,0.0,0.0,0.0053040943419998,0.0,0.0,0.0,1.5217666666666665,24.380066666666668,34.70506666666666,33.40943333333333
BU,0.0,0.0,0.0,0.0,0.0,0.0,0.0,0.0,0.0,0.0066,0.0,0.0,0.0,0.0,0.0,0.0,0.0,0.0,0.0,0.0,0.0,0.0,0.0,0.0,0.0,0.0,0.0,0.0,28.0,0.0
BU,48.0,0.0,0.0,0.0,0.0,0.0,0.0,0.0,0.0,0.6616907376636717,0.0,0.0,0.0,0.0,0.0,0.0,0.0,0.0,0.0,0.0,0.0,0.0,0.0,0.0,0.0,0.0,0.0,23.40424285714285,42.20398571428571,7.5826
BU-BY-DF-ER-FP,0.0,0.0,0.0,0.0,0.0,0.0,0.0,0.0,0.00132,0.00132,0.0,0.0,0.0,0.0,0.0,0.0,0.00132,0.0,0.0,0.0,0.0,0.00132,0.0,0.0,0.0,0.00132,0.0,0.0,28.0,0.0
BU-BY-DF-ER-FP,48.0,0.0,0.0,0.0,0.0,0.0,0.0,0.0,0.8251678725910425,0.1721852415578796,0.0,0.0,0.0,0.0,0.0,0.0,0.0047134546999734,0.0,0.0,0.0,0.0,0.3044879814948476,0.0,0.0,0.0,0.3413106648589339,2.97465285,15.59815,30.75805,14.57495
BU-CA-CC-CG-DF-EL-ER-FP-PC-PJ-RI,0.0,0.0006,0.0006,0.0,0.0,0.0,0.0,0.0,0.0,0.0006,0.0,0.0,0.0,0.0,0.0006,0.0006,0.0006,0.0,0.0,0.0,0.0006,0.0006,0.0006,0.0006,0.0,0.0006,0.0,0.0,28.0,0.0
BU-CA-CC-CG-DF-EL-ER-FP-PC-PJ-RI,48.0,0.0314029700091925,0.0757873825170845,0.0,0.0,0.0,0.0,0.0,0.0,0.2433762571894972,0.0,0.0,0.0,0.0,0.1885664045654306,0.0421829182589664,0.0019729987624803,0.0,0.0,0.0,0.161164203744396,0.1184256870927797,0.0309311531632957,0.9070037891434812,0.0,0.1590513438022947,18.0566,35.84245,36.5398,11.8953
BU-CA-EL-RI,0.0,0.0,0.0,0.0,0.0,0.0,0.0,0.0,0.0,0.00165,0.0,0.0,0.0,0.0,0.00165,0.00165,0.0,0.0,0.0,0.0,0.0,0.0,0.00165,0.0,0.0,0.0,0.0,0.0,28.0,0.0
BU-CA-EL-RI,48.0,0.0,0.0,0.0,0.0,0.0,0.0,0.0,0.0,1.382424433916307,0.0,0.0,0.0,0.0,0.4734884738875055,0.2140528678023581,0.0,0.0,0.0,0.0,0.0,0.0,0.0055208382243867,0.0,0.0,0.0,0.1373,21.8504,40.6242,29.11685
BU-CC,0.0,0.0,0.0,0.0,0.0,0.0,0.0,0.0,0.0,0.0033,0.0,0.0,0.0,0.0,0.0,0.0,0.0,0.0,0.0,0.0,0.0,0.0,0.0,0.0033,0.0,0.0,0.0,0.0,28.0,0.0
BU-CC,48.0,0.0,0.0,0.0,0.0,0.0,0.0,0.0,0.0,0.1321124856261204,0.0,0.0,0.0,0.0,0.0,0.0,0.0,0.0,0.0,0.0,0.0,0.0,0.0,2.125868358221397,0.0,0.0,17.789866666666665,25.1943,48.54796666666667,4.129933333333334
BU-CC-CH-DF-DP-EL-ER-FP-PC-PJ-RI,0.0,0.0006,0.0006,0.0,0.0,0.0,0.0,0.0,0.0,0.0006,0.0006,0.0,0.0,0.0,0.0,0.0006,0.0006,0.0006,0.0,0.0,0.0,0.0006,0.0006,0.0006,0.0,0.0006,0.0,0.0,28.0,0.0
BU-CC-CH-DF-DP-EL-ER-FP-PC-PJ-RI,48.0,0.3854815999359469,0.2159368510943956,0.0,0.0,0.0,0.0,0.0,0.0,0.6885516930403635,0.0640496534271391,0.0,0.0,0.0,0.0,0.0294857372363735,0.0009297862635191,0.1513121336458198,0.0,0.0,0.0,0.0860107554341397,0.0540089924666886,0.7354933231860664,0.0,0.1008461640968214,7.76285,35.6708,36.1864,28.64835
BU-CH-DF-FP-PJ,0.0,0.0,0.00132,0.0,0.0,0.0,0.0,0.0,0.0,0.00132,0.0,0.0,0.0,0.0,0.0,0.0,0.00132,0.00132,0.0,0.0,0.0,0.0,0.0,0.0,0.0,0.00132,0.0,0.0,28.0,0.0
BU-CH-DF-FP-PJ,48.0,0.0,0.0264601260101407,0.0,0.0,0.0,0.0,0.0,0.0,0.6546826864849549,0.0,0.0,0.0,0.0,0.0,0.0,0.0054579693034606,0.3476505944071357,0.0,0.0,0.0,0.0,0.0,0.0,0.0,0.3919736511887817,0.1373,22.3911,32.46605,13.05495
BU-DL-FP-PJ,0.0,0.0,0.00165,0.0,0.0,0.0,0.0,0.0,0.0,0.00165,0.0,0.0,0.0,0.0,0.0,0.0,0.00165,0.0,0.0,0.0,0.0,0.0,0.0,0.0,0.00165,0.0,0.0,0.0,28.0,0.0
BU-DL-FP-PJ,48.0,0.0,0.0340611089955132,0.0,0.0,0.0,0.0,0.0,0.0,0.3328221069961924,0.0,0.0,0.0,0.0,0.0,0.0,0.0013011233457051,0.0,0.0,0.0,0.0,0.0,0.0,0.0,0.8903598341871999,0.0,0.1373,32.2684,37.03135,0.0
BU-ER,0.0,0.0,0.0,0.0,0.0,0.0,0.0,0.0,0.0,0.0033,0.0,0.0,0.0,0.0,0.0,0.0,0.0,0.0,0.0,0.0,0.0,0.0033,0.0,0.0,0.0,0.0,0.0,0.0,28.0,0.0
BU-ER,48.0,0.0,0.0,0.0,0.0,0.0,0.0,0.0,0.0,0.3266270339788927,0.0,0.0,0.0,0.0,0.0,0.0,0.0,0.0,0.0,0.0,0.0,0.8609684351392978,0.0,0.0,0.0,0.0,19.078666666666667,7.971133333333334,58.9077,10.855200000000002
BU-FP,0.0,0.0,0.0,0.0,0.0,0.0,0.0,0.0,0.0,0.0033,0.0,0.0,0.0,0.0,0.0,0.0,0.0033,0.0,0.0,0.0,0.0,0.0,0.0,0.0,0.0,0.0,0.0,0.0,28.0,0.0
BU-FP,48.0,0.0,0.0,0.0,0.0,0.0,0.0,0.0,0.0,0.4273732078853042,0.0,0.0,0.0,0.0,0.0,0.0,0.5185049283154121,0.0,0.0,0.0,0.0,0.0,0.0,0.0,0.0,0.0,8.8381,13.7056,38.217,15.9959
BU-RI,0.0,0.0,0.0,0.0,0.0,0.0,0.0,0.0,0.0,0.0033,0.0,0.0,0.0,0.0,0.0,0.0,0.0,0.0,0.0,0.0,0.0,0.0,0.0033,0.0,0.0,0.0,0.0,0.0,28.0,0.0
BU-RI,48.0,0.0,0.0,0.0,0.0,0.0,0.0,0.0,0.0,0.4992534757294772,0.0,0.0,0.0,0.0,0.0,0.0,0.0,0.0,0.0,0.0,0.0,0.0,0.0226336325770904,0.0,0.0,0.0,0.0,,47.3206,10.079
BV,0.0,0.0,0.0,0.0066,0.0,0.0,0.0,0.0,0.0,0.0,0.0,0.0,0.0,0.0,0.0,0.0,0.0,0.0,0.0,0.0,0.0,0.0,0.0,0.0,0.0,0.0,0.0,0.0,28.0,0.0
BV,48.0,0.0,0.0,1.4981340064414397,0.0,0.0,0.0,0.0,0.0,0.0,0.0,0.0,0.0,0.0,0.0,0.0,0.0,0.0,0.0,0.0,0.0,0.0,0.0,0.0,0.0,0.0,0.0,19.815942857142858,22.30888571428571,28.1682
BV-CC,0.0,0.0,0.0,0.0033,0.0,0.0,0.0,0.0,0.0,0.0,0.0,0.0,0.0,0.0,0.0,0.0,0.0,0.0,0.0,0.0,0.0,0.0,0.0,0.0033,0.0,0.0,0.0,0.0,28.0,0.0
BV-CC,48.0,0.0,0.0,0.8044916285582937,0.0,0.0,0.0,0.0,0.0,0.0,0.0,0.0,0.0,0.0,0.0,0.0,0.0,0.0,0.0,0.0,0.0,0.0,0.0,1.5647321831277152,0.0,0.0,11.92245,26.1113,24.7219,16.3906
BV-ER,0.0,0.0,0.0,0.0033,0.0,0.0,0.0,0.0,0.0,0.0,0.0,0.0,0.0,0.0,0.0,0.0,0.0,0.0,0.0,0.0,0.0,0.0033,0.0,0.0,0.0,0.0,0.0,0.0,28.0,0.0
BV-ER,48.0,0.0,0.0,1.1596180127822309,0.0,0.0,0.0,0.0,0.0,0.0,0.0,0.0,0.0,0.0,0.0,0.0,0.0,0.0,0.0,0.0,0.0,0.6687086567322212,0.0,0.0,0.0,0.0,4.067,27.99,23.5215,33.7103
BV-ER-FP,0.0,0.0,0.0,0.0021999999999999,0.0,0.0,0.0,0.0,0.0,0.0,0.0,0.0,0.0,0.0,0.0,0.0,0.0021999999999999,0.0,0.0,0.0,0.0,0.0021999999999999,0.0,0.0,0.0,0.0,0.0,0.0,28.0,0.0
BV-ER-FP,48.0,0.0,0.0,0.7928046903252689,0.0,0.0,0.0,0.0,0.0,0.0,0.0,0.0,0.0,0.0,0.0,0.0,0.0217063454744266,0.0,0.0,0.0,0.0,0.4851418391237518,0.0,0.0,0.0,0.0,0.6322666666666666,8.626933333333334,35.24933333333333,16.948066666666666
BV-FP,0.0,0.0,0.0,0.0033,0.0,0.0,0.0,0.0,0.0,0.0,0.0,0.0,0.0,0.0,0.0,0.0,0.0033,0.0,0.0,0.0,0.0,0.0,0.0,0.0,0.0,0.0,0.0,0.0,28.0,0.0
BV-FP,48.0,0.0,0.0,1.3165691660304315,0.0,0.0,0.0,0.0,0.0,0.0,0.0,0.0,0.0,0.0,0.0,0.0,0.1032056337778092,0.0,0.0,0.0,0.0,0.0,0.0,0.0,0.0,0.0,0.0,22.4487,24.3653,32.2717
BV-RI,0.0,0.0,0.0,0.0033,0.0,0.0,0.0,0.0,0.0,0.0,0.0,0.0,0.0,0.0,0.0,0.0,0.0,0.0,0.0,0.0,0.0,0.0,0.0033,0.0,0.0,0.0,0.0,0.0,28.0,0.0
BV-RI,48.0,0.0,0.0,1.6536748884866288,0.0,0.0,0.0,0.0,0.0,0.0,0.0,0.0,0.0,0.0,0.0,0.0,0.0,0.0,0.0,0.0,0.0,0.0,0.0643050523545935,0.0,0.0,0.0,0.2649,21.0549,16.970100000000002,27.06355
BY,0.0,0.0,0.0,0.0,0.0,0.0,0.0,0.0,0.0066,0.0,0.0,0.0,0.0,0.0,0.0,0.0,0.0,0.0,0.0,0.0,0.0,0.0,0.0,0.0,0.0,0.0,0.0,0.0,28.0,0.0
BY,48.0,0.0,0.0,0.0,0.0,0.0,0.0,0.0,0.9418550824229126,0.0,0.0,0.0,0.0,0.0,0.0,0.0,0.0,0.0,0.0,0.0,0.0,0.0,0.0,0.0,0.0,0.0,0.0,33.7169125,50.5445375,8.272025
BY-CA-ER-FP,0.0,0.0,0.0,0.0,0.0,0.0,0.0,0.0,0.00165,0.0,0.0,0.0,0.0,0.0,0.00165,0.0,0.00165,0.0,0.0,0.0,0.0,0.00165,0.0,0.0,0.0,0.0,0.0,0.0,28.0,0.0
BY-CA-ER-FP,48.0,0.0,0.0,0.0,0.0,0.0,0.0,0.0,1.0872745778539576,0.0,0.0,0.0,0.0,0.0,0.3638290969988119,0.0,0.0064386109975146,0.0,0.0,0.0,0.0,0.4180916642199746,0.0,0.0,0.0,0.0,3.53467855,15.47395,39.710350000000005,15.4164
BY-CC,0.0,0.0,0.0,0.0,0.0,0.0,0.0,0.0,0.0033,0.0,0.0,0.0,0.0,0.0,0.0,0.0,0.0,0.0,0.0,0.0,0.0,0.0,0.0,0.0033,0.0,0.0,0.0,0.0,28.0,0.0
BY-CC,48.0,0.0,0.0,0.0,0.0,0.0,0.0,0.0,0.2104653602578816,0.0,0.0,0.0,0.0,0.0,0.0,0.0,0.0,0.0,0.0,0.0,0.0,0.0,0.0,1.699791796082901,0.0,0.0,21.635066666666663,24.1042,39.03523333333334,3.6023
BY-CC-CG-CH-ER,0.0,0.0,0.0,0.0,0.0,0.0,0.0,0.0,0.00132,0.0,0.0,0.0,0.0,0.0,0.0,0.0,0.0,0.00132,0.0,0.0,0.00132,0.00132,0.0,0.00132,0.0,0.0,0.0,0.0,28.0,0.0
BY-CC-CG-CH-ER,48.0,0.0,0.0,0.0,0.0,0.0,0.0,0.0,0.6155727845773915,0.0,0.0,0.0,0.0,0.0,0.0,0.0,0.0,0.1462238455966467,0.0,0.0,0.1556291823625092,0.3432791844870801,0.0,0.6852943936158946,0.0,0.0,13.11779095,28.4221,35.10355,9.12435
BY-CC-CH-DP-RI,0.0,0.0,0.0,0.0,0.0,0.0,0.0,0.0,0.00132,0.0,0.00132,0.0,0.0,0.0,0.0,0.0,0.0,0.00132,0.0,0.0,0.0,0.0,0.00132,0.00132,0.0,0.0,0.0,0.0,28.0,0.0
BY-CC-CH-DP-RI,48.0,0.0,0.0,0.0,0.0,0.0,0.0,0.0,0.626117864770978,0.0,0.0431593537259154,0.0,0.0,0.0,0.0,0.0,0.0,0.0528455614744834,0.0,0.0,0.0,0.0,0.0002157214392776,0.4409420490345141,0.0,0.0,3.84295,21.4931,32.05565,13.28535
BY-CC-DP-RI,0.0,0.0,0.0,0.0,0.0,0.0,0.0,0.0,0.00165,0.0,0.00165,0.0,0.0,0.0,0.0,0.0,0.0,0.0,0.0,0.0,0.0,0.0,0.00165,0.00165,0.0,0.0,0.0,0.0,28.0,0.0
BY-CC-DP-RI,48.0,0.0,0.0,0.0,0.0,0.0,0.0,0.0,0.6495915202292655,0.0,0.0766029710171772,0.0,0.0,0.0,0.0,0.0,0.0,0.0,0.0,0.0,0.0,0.0,0.0004888819279086,0.7135507616851335,0.0,0.0,3.1636216,19.87585,27.64315,8.68185
BY-CC-EL,0.0,0.0,0.0,0.0,0.0,0.0,0.0,0.0,0.0021999999999999,0.0,0.0,0.0,0.0,0.0,0.0,0.0021999999999999,0.0,0.0,0.0,0.0,0.0,0.0,0.0,0.0021999999999999,0.0,0.0,0.0,0.0,28.0,0.0
BY-CC-EL,48.0,0.0,0.0,0.0,0.0,0.0,0.0,0.0,0.7327250038254002,0.0,0.0,0.0,0.0,0.0,0.0,0.05931067481073,0.0,0.0,0.0,0.0,0.0,0.0,0.0,1.7026206751290178,0.0,0.0,17.3768,24.494566666666667,41.20526666666667,16.0765
BY-CC-ER,0.0,0.0,0.0,0.0,0.0,0.0,0.0,0.0,0.0021999999999999,0.0,0.0,0.0,0.0,0.0,0.0,0.0,0.0,0.0,0.0,0.0,0.0,0.0021999999999999,0.0,0.0021999999999999,0.0,0.0,0.0,0.0,28.0,0.0
BY-CC-ER,48.0,0.0,0.0,0.0,0.0,0.0,0.0,0.0,0.6028735592966735,0.0,0.0,0.0,0.0,0.0,0.0,0.0,0.0,0.0,0.0,0.0,0.0,0.1772685213356845,0.0,1.230959169507947,0.0,0.0,26.205466666666663,20.812,39.86679999999999,5.912766666666666
BY-CC-FP,0.0,0.0,0.0,0.0,0.0,0.0,0.0,0.0,0.0021999999999999,0.0,0.0,0.0,0.0,0.0,0.0,0.0,0.0021999999999999,0.0,0.0,0.0,0.0,0.0,0.0,0.0021999999999999,0.0,0.0,0.0,0.0,28.0,0.0
BY-CC-FP,48.0,0.0,0.0,0.0,0.0,0.0,0.0,0.0,0.6429652808205882,0.0,0.0,0.0,0.0,0.0,0.0,0.0,0.0055830345922404,0.0,0.0,0.0,0.0,0.0,0.0,1.3574841933090749,0.0,0.0,25.96203333333333,16.297066666666666,36.295566666666666,6.808699999999999
BY-CC-FP-PJ,0.0,0.0,0.00165,0.0,0.0,0.0,0.0,0.0,0.00165,0.0,0.0,0.0,0.0,0.0,0.0,0.0,0.00165,0.0,0.0,0.0,0.0,0.0,0.0,0.00165,0.0,0.0,0.0,0.0,28.0,0.0
BY-CC-FP-PJ,48.0,0.0,0.0231425150029566,0.0,0.0,0.0,0.0,0.0,0.5404555952656116,0.0,0.0,0.0,0.0,0.0,0.0,0.0,0.0064091910824983,0.0,0.0,0.0,0.0,0.0,0.0,0.9361882837958788,0.0,0.0,9.63680475,20.1865,40.0422,4.89075
BY-CG-CH-ER,0.0,0.0,0.0,0.0,0.0,0.0,0.0,0.0,0.00165,0.0,0.0,0.0,0.0,0.0,0.0,0.0,0.0,0.00165,0.0,0.0,0.00165,0.00165,0.0,0.0,0.0,0.0,0.0,0.0,28.0,0.0
BY-CG-CH-ER,48.0,0.0,0.0,0.0,0.0,0.0,0.0,0.0,0.8866813594118971,0.0,0.0,0.0,0.0,0.0,0.0,0.0,0.0,0.3064620170865666,0.0,0.0,0.2242912731761013,0.3924897759673353,0.0,0.0,0.0,0.0,3.056496,23.1282,31.0053,18.1327
BY-CH-ER-FP-RI,0.0,0.0,0.0,0.0,0.0,0.0,0.0,0.0,0.00132,0.0,0.0,0.0,0.0,0.0,0.0,0.0,0.00132,0.00132,0.0,0.0,0.0,0.00132,0.00132,0.0,0.0,0.0,0.0,0.0,28.0,0.0
BY-CH-ER-FP-RI,48.0,0.0,0.0,0.0,0.0,0.0,0.0,0.0,0.932471063046284,0.0,0.0,0.0,0.0,0.0,0.0,0.0,0.0071683703485721,0.2809611630503776,0.0,0.0,0.0,0.4237726213930751,0.0020502955957819,0.0,0.0,0.0,4.512793,15.38665,28.8159,18.26645
BY-DP-FP,0.0,0.0,0.0,0.0,0.0,0.0,0.0,0.0,0.0021999999999999,0.0,0.0021999999999999,0.0,0.0,0.0,0.0,0.0,0.0021999999999999,0.0,0.0,0.0,0.0,0.0,0.0,0.0,0.0,0.0,0.0,0.0,28.0,0.0
BY-DP-FP,48.0,0.0,0.0,0.0,0.0,0.0,0.0,0.0,0.8548270278541822,0.0,0.4138729205617853,0.0,0.0,0.0,0.0,0.0,0.0267294887675445,0.0,0.0,0.0,0.0,0.0,0.0,0.0,0.0,0.0,1.5242666666666669,25.35183333333333,43.9033,18.006066666666666
BY-ER,0.0,0.0,0.0,0.0,0.0,0.0,0.0,0.0,0.0033,0.0,0.0,0.0,0.0,0.0,0.0,0.0,0.0,0.0,0.0,0.0,0.0,0.0033,0.0,0.0,0.0,0.0,0.0,0.0,28.0,0.0
BY-ER,48.0,0.0,0.0,0.0,0.0,0.0,0.0,0.0,0.4081371351040865,0.0,0.0,0.0,0.0,0.0,0.0,0.0,0.0,0.0,0.0,0.0,0.0,0.8799997417481228,0.0,0.0,0.0,0.0,19.39483333333333,51.04483333333334,52.30553333333333,11.610233333333332
BY-ER-FP-RI,0.0,0.0,0.0,0.0,0.0,0.0,0.0,0.0,0.00165,0.0,0.0,0.0,0.0,0.0,0.0,0.0,0.00165,0.0,0.0,0.0,0.0,0.00165,0.00165,0.0,0.0,0.0,0.0,0.0,28.0,0.0
BY-ER-FP-RI,48.0,0.0,0.0,0.0,0.0,0.0,0.0,0.0,1.1254171006662688,0.0,0.0,0.0,0.0,0.0,0.0,0.0,0.0072682468858826,0.0,0.0,0.0,0.0,0.5649160945257914,0.0024512254940854,0.0,0.0,0.0,5.995820950000001,13.7896,32.6907,18.5856
BY-RI,0.0,0.0,0.0,0.0,0.0,0.0,0.0,0.0,0.0033,0.0,0.0,0.0,0.0,0.0,0.0,0.0,0.0,0.0,0.0,0.0,0.0,0.0,0.0033,0.0,0.0,0.0,0.0,0.0,28.0,0.0
BY-RI,48.0,0.0,0.0,0.0,0.0,0.0,0.0,0.0,0.5271203488418434,0.0,0.0,0.0,0.0,0.0,0.0,0.0,0.0,0.0,0.0,0.0,0.0,0.0,0.3020176845619354,0.0,0.0,0.0,11.18305,,25.4393,2.9245
CA,0.0,0.0,0.0,0.0,0.0,0.0,0.0,0.0,0.0,0.0,0.0,0.0,0.0,0.0,0.0066,0.0,0.0,0.0,0.0,0.0,0.0,0.0,0.0,0.0,0.0,0.0,0.0,0.0,28.0,0.0
CA,48.0,0.0,0.0,0.0,0.0,0.0,0.0,0.0,0.0,0.0,0.0,0.0,0.0,0.0,0.5135152884897701,0.0,0.0,0.0,0.0,0.0,0.0,0.0,0.0,0.0,0.0,0.0,0.0,6.888983333333333,30.79598333333333,0.6415333333333333
CA-CC,0.0,0.0,0.0,0.0,0.0,0.0,0.0,0.0,0.0,0.0,0.0,0.0,0.0,0.0,0.0033,0.0,0.0,0.0,0.0,0.0,0.0,0.0,0.0,0.0033,0.0,0.0,0.0,0.0,28.0,0.0
CA-CC,48.0,0.0,0.0,0.0,0.0,0.0,0.0,0.0,0.0,0.0,0.0,0.0,0.0,0.0,0.1155937513671179,0.0,0.0,0.0,0.0,0.0,0.0,0.0,0.0,2.1589910219285087,0.0,0.0,17.737099999999998,30.07733333333333,57.96626666666666,4.079833333333334
CA-ER,0.0,0.0,0.0,0.0,0.0,0.0,0.0,0.0,0.0,0.0,0.0,0.0,0.0,0.0,0.0033,0.0,0.0,0.0,0.0,0.0,0.0,0.0033,0.0,0.0,0.0,0.0,0.0,0.0,28.0,0.0
CA-ER,48.0,0.0,0.0,0.0,0.0,0.0,0.0,0.0,0.0,0.0,0.0,0.0,0.0,0.0,0.5686209815693178,0.0,0.0,0.0,0.0,0.0,0.0,0.7002040523191183,0.0,0.0,0.0,0.0,24.3151,8.295200000000001,59.02896666666666,6.358333333333333
CA-FP,0.0,0.0,0.0,0.0,0.0,0.0,0.0,0.0,0.0,0.0,0.0,0.0,0.0,0.0,0.0033,0.0,0.0033,0.0,0.0,0.0,0.0,0.0,0.0,0.0,0.0,0.0,0.0,0.0,28.0,0.0
CA-FP,48.0,0.0,0.0,0.0,0.0,0.0,0.0,0.0,0.0,0.0,0.0,0.0,0.0,0.0,2.1196398215938714,0.0,0.0020264243036273,0.0,0.0,0.0,0.0,0.0,0.0,0.0,0.0,0.0,5.7764,17.3808,56.5128,3.5292
CA-RI,0.0,0.0,0.0,0.0,0.0,0.0,0.0,0.0,0.0,0.0,0.0,0.0,0.0,0.0,0.0033,0.0,0.0,0.0,0.0,0.0,0.0,0.0,0.0033,0.0,0.0,0.0,0.0,0.0,28.0,0.0
CA-RI,48.0,0.0,0.0,0.0,0.0,0.0,0.0,0.0,0.0,0.0,0.0,0.0,0.0,0.0,0.8004962169138394,0.0,0.0,0.0,0.0,0.0,0.0,0.0,0.1986351874905511,0.0,0.0,0.0,31.0265,8.60785,36.5482,3.82875
CC,0.0,0.0,0.0,0.0,0.0,0.0,0.0,0.0,0.0,0.0,0.0,0.0,0.0,0.0,0.0,0.0,0.0,0.0,0.0,0.0,0.0,0.0,0.0,0.0066,0.0,0.0,0.0,0.0,28.0,0.0
CC,48.0,0.0,0.0,0.0,0.0,0.0,0.0,0.0,0.0,0.0,0.0,0.0,0.0,0.0,0.0,0.0,0.0,0.0,0.0,0.0,0.0,0.0,0.0,2.2211431415254044,0.0,0.0,16.934522727272725,26.062495454545456,50.36645909090908,1.8660590909090904
CC-CG,0.0,0.0,0.0,0.0,0.0,0.0,0.0,0.0,0.0,0.0,0.0,0.0,0.0,0.0,0.0,0.0,0.0,0.0,0.0,0.0,0.0033,0.0,0.0,0.0033,0.0,0.0,0.0,0.0,28.0,0.0
CC-CG,48.0,0.0,0.0,0.0,0.0,0.0,0.0,0.0,0.0,0.0,0.0,0.0,0.0,0.0,0.0,0.0,0.0,0.0,0.0,0.0,0.5168171179846811,0.0,0.0,1.5550303959491971,0.0,0.0,13.037733333333334,38.00173333333333,52.644233333333325,5.381433333333334
CC-CG-ER-FP,0.0,0.0,0.0,0.0,0.0,0.0,0.0,0.0,0.0,0.0,0.0,0.0,0.0,0.0,0.0,0.0,0.00165,0.0,0.0,0.0,0.00165,0.00165,0.0,0.00165,0.0,0.0,0.0,0.0,28.0,0.0
CC-CG-ER-FP,48.0,0.0,0.0,0.0,0.0,0.0,0.0,0.0,0.0,0.0,0.0,0.0,0.0,0.0,0.0,0.0,0.0042108856180967,0.0,0.0,0.0,0.4227307106449739,0.1173189521181918,0.0,1.509493124449067,0.0,0.0,14.69368965,29.129,44.1614,0.0
CC-CG-ER-RI,0.0,0.0,0.0,0.0,0.0,0.0,0.0,0.0,0.0,0.0,0.0,0.0,0.0,0.0,0.0,0.0,0.0,0.0,0.0,0.0,0.00165,0.00165,0.00165,0.00165,0.0,0.0,0.0,0.0,28.0,0.0
CC-CG-ER-RI,48.0,0.0,0.0,0.0,0.0,0.0,0.0,0.0,0.0,0.0,0.0,0.0,0.0,0.0,0.0,0.0,0.0,0.0,0.0,0.0,0.4836709228880942,0.1091613299840341,0.000896656748787,1.567025706717842,0.0,0.0,15.0193749,28.7659,42.8492,0.0
CC-CH,0.0,0.0,0.0,0.0,0.0,0.0,0.0,0.0,0.0,0.0,0.0,0.0,0.0,0.0,0.0,0.0,0.0,0.0033,0.0,0.0,0.0,0.0,0.0,0.0033,0.0,0.0,0.0,0.0,28.0,0.0
CC-CH,48.0,0.0,0.0,0.0,0.0,0.0,0.0,0.0,0.0,0.0,0.0,0.0,0.0,0.0,0.0,0.0,0.0,0.432247919637506,0.0,0.0,0.0,0.0,0.0,2.057036135487673,0.0,0.0,14.989033333333332,27.33533333333333,46.68736666666667,1.3274666666666668
CC-DF,0.0,0.0,0.0,0.0,0.0,0.0,0.0,0.0,0.0,0.0,0.0,0.0,0.0,0.0,0.0,0.0,0.0,0.0,0.0,0.0,0.0,0.0,0.0,0.0033,0.0,0.0033,0.0,0.0,28.0,0.0
CC-DF,48.0,0.0,0.0,0.0,0.0,0.0,0.0,0.0,0.0,0.0,0.0,0.0,0.0,0.0,0.0,0.0,0.0,0.0,0.0,0.0,0.0,0.0,0.0,1.6015644031092595,0.0,0.207943069868887,17.09775,27.0582,45.95215,2.21245
CC-DL,0.0,0.0,0.0,0.0,0.0,0.0,0.0,0.0,0.0,0.0,0.0,0.0,0.0,0.0,0.0,0.0,0.0,0.0,0.0,0.0,0.0,0.0,0.0,0.0033,0.0033,0.0,0.0,0.0,28.0,0.0
CC-DL,48.0,0.0,0.0,0.0,0.0,0.0,0.0,0.0,0.0,0.0,0.0,0.0,0.0,0.0,0.0,0.0,0.0,0.0,0.0,0.0,0.0,0.0,0.0,1.7439282678166492,0.3274710603049041,0.0,13.217133333333331,29.26433333333333,41.332366666666665,2.255266666666667
CC-DL-ER,0.0,0.0,0.0,0.0,0.0,0.0,0.0,0.0,0.0,0.0,0.0,0.0,0.0,0.0,0.0,0.0,0.0,0.0,0.0,0.0,0.0,0.0021999999999999,0.0,0.0021999999999999,0.0021999999999999,0.0,0.0,0.0,28.0,0.0
CC-DL-ER,48.0,0.0,0.0,0.0,0.0,0.0,0.0,0.0,0.0,0.0,0.0,0.0,0.0,0.0,0.0,0.0,0.0,0.0,0.0,0.0,0.0,0.0104861465027874,0.0,0.127408191559006,1.1921333508709198,0.0,3.0560333333333336,39.14986666666667,47.13473333333334,0.0
CC-DL-RI,0.0,0.0,0.0,0.0,0.0,0.0,0.0,0.0,0.0,0.0,0.0,0.0,0.0,0.0,0.0,0.0,0.0,0.0,0.0,0.0,0.0,0.0,0.0021999999999999,0.0021999999999999,0.0021999999999999,0.0,0.0,0.0,28.0,0.0
CC-DL-RI,48.0,0.0,0.0,0.0,0.0,0.0,0.0,0.0,0.0,0.0,0.0,0.0,0.0,0.0,0.0,0.0,0.0,0.0,0.0,0.0,0.0,0.0,0.0,0.3906367105817094,1.1675831381831014,0.0,4.457233333333334,36.56066666666667,42.7763,0.3458666666666667
CC-DP,0.0,0.0,0.0,0.0,0.0,0.0,0.0,0.0,0.0,0.0,0.0033,0.0,0.0,0.0,0.0,0.0,0.0,0.0,0.0,0.0,0.0,0.0,0.0,0.0033,0.0,0.0,0.0,0.0,28.0,0.0
CC-DP,48.0,0.0,0.0,0.0,0.0,0.0,0.0,0.0,0.0,0.0,0.0762365500944231,0.0,0.0,0.0,0.0,0.0,0.0,0.0,0.0,0.0,0.0,0.0,0.0,1.8040495960474352,0.0,0.0,9.784166666666668,26.01943333333333,45.834,3.048666666666667
CC-DP-RI,0.0,0.0,0.0,0.0,0.0,0.0,0.0,0.0,0.0,0.0,0.0021999999999999,0.0,0.0,0.0,0.0,0.0,0.0,0.0,0.0,0.0,0.0,0.0,0.0021999999999999,0.0021999999999999,0.0,0.0,0.0,0.0,28.0,0.0
CC-DP-RI,48.0,0.0,0.0,0.0,0.0,0.0,0.0,0.0,0.0,0.0,0.3277427106475781,0.0,0.0,0.0,0.0,0.0,0.0,0.0,0.0,0.0,0.0,0.0,0.0,1.47561384250102,0.0,0.0,11.208999999999998,44.67316666666667,29.751500000000004,0.0
CC-EL,0.0,0.0,0.0,0.0,0.0,0.0,0.0,0.0,0.0,0.0,0.0,0.0,0.0,0.0,0.0,0.0033,0.0,0.0,0.0,0.0,0.0,0.0,0.0,0.0033,0.0,0.0,0.0,0.0,28.0,0.0
CC-EL,48.0,0.0,0.0,0.0,0.0,0.0,0.0,0.0,0.0,0.0,0.0,0.0,0.0,0.0,0.0,0.0598103145830217,0.0,0.0,0.0,0.0,0.0,0.0,0.0,2.115451368864236,0.0,0.0,14.7308,24.2251,54.88385,5.51775
CC-EL-RI,0.0,0.0,0.0,0.0,0.0,0.0,0.0,0.0,0.0,0.0,0.0,0.0,0.0,0.0,0.0,0.0021999999999999,0.0,0.0,0.0,0.0,0.0,0.0,0.0021999999999999,0.0021999999999999,0.0,0.0,0.0,0.0,28.0,0.0
CC-EL-RI,48.0,0.0,0.0,0.0,0.0,0.0,0.0,0.0,0.0,0.0,0.0,0.0,0.0,0.0,0.0,0.2040766426089211,0.0,0.0,0.0,0.0,0.0,0.0,0.0,3.0326829808611806,0.0,0.0,19.06403333333333,24.6194,64.7919,0.0
CC-ER,0.0,0.0,0.0,0.0,0.0,0.0,0.0,0.0,0.0,0.0,0.0,0.0,0.0,0.0,0.0,0.0,0.0,0.0,0.0,0.0,0.0,0.0033,0.0,0.0033,0.0,0.0,0.0,0.0,28.0,0.0
CC-ER,48.0,0.0,0.0,0.0,0.0,0.0,0.0,0.0,0.0,0.0,0.0,0.0,0.0,0.0,0.0,0.0,0.0,0.0,0.0,0.0,0.0,0.4794234099722264,0.0,1.4787054552509329,0.0,0.0,23.8199125,19.7110125,49.9758,3.9282375
CC-ER-FP,0.0,0.0,0.0,0.0,0.0,0.0,0.0,0.0,0.0,0.0,0.0,0.0,0.0,0.0,0.0,0.0,0.0021999999999999,0.0,0.0,0.0,0.0,0.0021999999999999,0.0,0.0021999999999999,0.0,0.0,0.0,0.0,28.0,0.0
CC-ER-FP,48.0,0.0,0.0,0.0,0.0,0.0,0.0,0.0,0.0,0.0,0.0,0.0,0.0,0.0,0.0,0.0,0.0038286986725086,0.0,0.0,0.0,0.0,0.0631619613095444,0.0,2.2920817829414704,0.0,0.0,22.525420000000004,26.312040000000003,55.66736,1.7527
CC-ER-FP-RI,0.0,0.0,0.0,0.0,0.0,0.0,0.0,0.0,0.0,0.0,0.0,0.0,0.0,0.0,0.0,0.0,0.00165,0.0,0.0,0.0,0.0,0.00165,0.00165,0.00165,0.0,0.0,0.0,0.0,28.0,0.0
CC-ER-FP-RI,48.0,0.0,0.0,0.0,0.0,0.0,0.0,0.0,0.0,0.0,0.0,0.0,0.0,0.0,0.0,0.0,0.0030849456582783,0.0,0.0,0.0,0.0,0.0229787643087779,0.000441060155439,1.6748264894360028,0.0,0.0,19.97145,22.1853,43.94485,2.7247
CC-ER-RI,0.0,0.0,0.0,0.0,0.0,0.0,0.0,0.0,0.0,0.0,0.0,0.0,0.0,0.0,0.0,0.0,0.0,0.0,0.0,0.0,0.0,0.0021999999999999,0.0021999999999999,0.0021999999999999,0.0,0.0,0.0,0.0,28.0,0.0
CC-ER-RI,48.0,0.0,0.0,0.0,0.0,0.0,0.0,0.0,0.0,0.0,0.0,0.0,0.0,0.0,0.0,0.0,0.0,0.0,0.0,0.0,0.0,0.3449163066992765,0.0001987440993739,2.030335384755065,0.0,0.0,22.7119,23.19092,43.02682,0.62528
CC-FP,0.0,0.0,0.0,0.0,0.0,0.0,0.0,0.0,0.0,0.0,0.0,0.0,0.0,0.0,0.0,0.0,0.0033,0.0,0.0,0.0,0.0,0.0,0.0,0.0033,0.0,0.0,0.0,0.0,28.0,0.0
CC-FP,48.0,0.0,0.0,0.0,0.0,0.0,0.0,0.0,0.0,0.0,0.0,0.0,0.0,0.0,0.0,0.0,0.0183123239405444,0.0,0.0,0.0,0.0,0.0,0.0,2.0881153751519097,0.0,0.0,18.4311625,24.2472,53.8142375,5.742875
CC-FP-PJ,0.0,0.0,0.0021999999999999,0.0,0.0,0.0,0.0,0.0,0.0,0.0,0.0,0.0,0.0,0.0,0.0,0.0,0.0021999999999999,0.0,0.0,0.0,0.0,0.0,0.0,0.0021999999999999,0.0,0.0,0.0,0.0,28.0,0.0
CC-FP-PJ,48.0,0.0,0.1545104792464584,0.0,0.0,0.0,0.0,0.0,0.0,0.0,0.0,0.0,0.0,0.0,0.0,0.0,0.002408926951507,0.0,0.0,0.0,0.0,0.0,0.0,2.541417554826398,0.0,0.0,22.130266666666667,25.4104,56.92756666666667,0.2822666666666666
CC-FP-RI,0.0,0.0,0.0,0.0,0.0,0.0,0.0,0.0,0.0,0.0,0.0,0.0,0.0,0.0,0.0,0.0,0.0021999999999999,0.0,0.0,0.0,0.0,0.0,0.0021999999999999,0.0021999999999999,0.0,0.0,0.0,0.0,28.0,0.0
CC-FP-RI,48.0,0.0,0.0,0.0,0.0,0.0,0.0,0.0,0.0,0.0,0.0,0.0,0.0,0.0,0.0,0.0,0.0033154755663003,0.0,0.0,0.0,0.0,0.0,0.0001676370743751,1.86480878948234,0.0,0.0,19.19438,21.99834,52.69998,1.6285
CC-PC,0.0,0.0033,0.0,0.0,0.0,0.0,0.0,0.0,0.0,0.0,0.0,0.0,0.0,0.0,0.0,0.0,0.0,0.0,0.0,0.0,0.0,0.0,0.0,0.0033,0.0,0.0,0.0,0.0,28.0,0.0
CC-PC,48.0,0.0658787391890592,0.0,0.0,0.0,0.0,0.0,0.0,0.0,0.0,0.0,0.0,0.0,0.0,0.0,0.0,0.0,0.0,0.0,0.0,0.0,0.0,0.0,2.3400210299516133,0.0,0.0,16.938066666666668,31.80953333333333,54.54593333333333,5.486266666666666
CC-PJ,0.0,0.0,0.0033,0.0,0.0,0.0,0.0,0.0,0.0,0.0,0.0,0.0,0.0,0.0,0.0,0.0,0.0,0.0,0.0,0.0,0.0,0.0,0.0,0.0033,0.0,0.0,0.0,0.0,28.0,0.0
CC-PJ,48.0,0.0,0.3217314716590497,0.0,0.0,0.0,0.0,0.0,0.0,0.0,0.0,0.0,0.0,0.0,0.0,0.0,0.0,0.0,0.0,0.0,0.0,0.0,0.0,1.9419067127340863,0.0,0.0,18.322066666666668,28.1781,43.5203,5.954566666666668
CC-RI,0.0,0.0,0.0,0.0,0.0,0.0,0.0,0.0,0.0,0.0,0.0,0.0,0.0,0.0,0.0,0.0,0.0,0.0,0.0,0.0,0.0,0.0,0.0033,0.0033,0.0,0.0,0.0,0.0,28.0,0.0
CC-RI,48.0,0.0,0.0,0.0,0.0,0.0,0.0,0.0,0.0,0.0,0.0,0.0,0.0,0.0,0.0,0.0,0.0,0.0,0.0,0.0,0.0,0.0,0.0111796769778663,1.7253680402835705,0.0,0.0,14.176583333333332,20.02013333333333,40.582366666666665,3.21965
CG,0.0,0.0,0.0,0.0,0.0,0.0,0.0,0.0,0.0,0.0,0.0,0.0,0.0,0.0,0.0,0.0,0.0,0.0,0.0,0.0,0.0066,0.0,0.0,0.0,0.0,0.0,0.0,0.0,28.0,0.0
CG,48.0,0.0,0.0,0.0,0.0,0.0,0.0,0.0,0.0,0.0,0.0,0.0,0.0,0.0,0.0,0.0,0.0,0.0,0.0,0.0,1.1636488722964449,0.0,0.0,0.0,0.0,0.0,0.0,33.96475,31.425933333333333,3.5766
CG-ER,0.0,0.0,0.0,0.0,0.0,0.0,0.0,0.0,0.0,0.0,0.0,0.0,0.0,0.0,0.0,0.0,0.0,0.0,0.0,0.0,0.0033,0.0033,0.0,0.0,0.0,0.0,0.0,0.0,28.0,0.0
CG-ER,48.0,0.0,0.0,0.0,0.0,0.0,0.0,0.0,0.0,0.0,0.0,0.0,0.0,0.0,0.0,0.0,0.0,0.0,0.0,0.0,0.6923066975305664,0.4994825916319332,0.0,0.0,0.0,0.0,19.5666,29.65086666666667,39.948,6.564766666666666
CG-FP,0.0,0.0,0.0,0.0,0.0,0.0,0.0,0.0,0.0,0.0,0.0,0.0,0.0,0.0,0.0,0.0,0.0033,0.0,0.0,0.0,0.0033,0.0,0.0,0.0,0.0,0.0,0.0,0.0,28.0,0.0
CG-FP,48.0,0.0,0.0,0.0,0.0,0.0,0.0,0.0,0.0,0.0,0.0,0.0,0.0,0.0,0.0,0.0,0.0415694086203673,0.0,0.0,0.0,1.518471811091819,0.0,0.0,0.0,0.0,0.0,0.99625,51.44885,33.22835,5.3772
CG-RI,0.0,0.0,0.0,0.0,0.0,0.0,0.0,0.0,0.0,0.0,0.0,0.0,0.0,0.0,0.0,0.0,0.0,0.0,0.0,0.0,0.0033,0.0,0.0033,0.0,0.0,0.0,0.0,0.0,28.0,0.0
CG-RI,48.0,0.0,0.0,0.0,0.0,0.0,0.0,0.0,0.0,0.0,0.0,0.0,0.0,0.0,0.0,0.0,0.0,0.0,0.0,0.0,0.9556054096437264,0.0,0.4013127964478031,0.0,0.0,0.0,16.241266666666665,30.895966666666663,30.58286666666667,5.812366666666667
CH,0.0,0.0,0.0,0.0,0.0,0.0,0.0,0.0,0.0,0.0,0.0,0.0,0.0,0.0,0.0,0.0,0.0,0.0066,0.0,0.0,0.0,0.0,0.0,0.0,0.0,0.0,0.0,0.0,28.0,0.0
CH,48.0,0.0,0.0,0.0,0.0,0.0,0.0,0.0,0.0,0.0,0.0,0.0,0.0,0.0,0.0,0.0,0.0,0.3801654494391586,0.0,0.0,0.0,0.0,0.0,0.0,0.0,0.0,0.2398833333333333,15.611483333333334,26.806566666666665,0.7340166666666667
CH-ER,0.0,0.0,0.0,0.0,0.0,0.0,0.0,0.0,0.0,0.0,0.0,0.0,0.0,0.0,0.0,0.0,0.0,0.0033,0.0,0.0,0.0,0.0033,0.0,0.0,0.0,0.0,0.0,0.0,28.0,0.0
CH-ER,48.0,0.0,0.0,0.0,0.0,0.0,0.0,0.0,0.0,0.0,0.0,0.0,0.0,0.0,0.0,0.0,0.0,0.2594681885363621,0.0,0.0,0.0,0.7776417905771555,0.0,0.0,0.0,0.0,26.40945,8.9633,43.6294,2.6031500000000003
CH-FP,0.0,0.0,0.0,0.0,0.0,0.0,0.0,0.0,0.0,0.0,0.0,0.0,0.0,0.0,0.0,0.0,0.0033,0.0033,0.0,0.0,0.0,0.0,0.0,0.0,0.0,0.0,0.0,0.0,28.0,0.0
CH-FP,48.0,0.0,0.0,0.0,0.0,0.0,0.0,0.0,0.0,0.0,0.0,0.0,0.0,0.0,0.0,0.0,0.0004440518256772,0.0002220259128386,0.0,0.0,0.0,0.0,0.0,0.0,0.0,0.0,0.0,0.9989,24.2902,3.9022
CH-RI,0.0,0.0,0.0,0.0,0.0,0.0,0.0,0.0,0.0,0.0,0.0,0.0,0.0,0.0,0.0,0.0,0.0,0.0033,0.0,0.0,0.0,0.0,0.0033,0.0,0.0,0.0,0.0,0.0,28.0,0.0
CH-RI,48.0,0.0,0.0,0.0,0.0,0.0,0.0,0.0,0.0,0.0,0.0,0.0,0.0,0.0,0.0,0.0,0.0,0.6597941829133067,0.0,0.0,0.0,0.0,0.4730460943041717,0.0,0.0,0.0,27.33715,29.74865,28.61035,3.5046
DF,0.0,0.0,0.0,0.0,0.0,0.0,0.0,0.0,0.0,0.0,0.0,0.0,0.0,0.0,0.0,0.0,0.0,0.0,0.0,0.0,0.0,0.0,0.0,0.0,0.0,0.0066,0.0,0.0,28.0,0.0
DF,48.0,0.0,0.0,0.0,0.0,0.0,0.0,0.0,0.0,0.0,0.0,0.0,0.0,0.0,0.0,0.0,0.0,0.0,0.0,0.0,0.0,0.0,0.0,0.0,0.0,0.9108771035964698,0.2830875,30.743825,27.4818,1.55465
DF-EL-FP,0.0,0.0,0.0,0.0,0.0,0.0,0.0,0.0,0.0,0.0,0.0,0.0,0.0,0.0,0.0,0.0021999999999999,0.0021999999999999,0.0,0.0,0.0,0.0,0.0,0.0,0.0,0.0,0.0021999999999999,0.0,0.0,28.0,0.0
DF-EL-FP,48.0,0.0,0.0,0.0,0.0,0.0,0.0,0.0,0.0,0.0,0.0,0.0,0.0,0.0,0.0,0.0904501957043805,0.0180275060322805,0.0,0.0,0.0,0.0,0.0,0.0,0.0,0.0,1.0077084943808414,0.5817666666666667,35.24316666666667,32.075199999999995,1.2820666666666665
DF-ER,0.0,0.0,0.0,0.0,0.0,0.0,0.0,0.0,0.0,0.0,0.0,0.0,0.0,0.0,0.0,0.0,0.0,0.0,0.0,0.0,0.0,0.0033,0.0,0.0,0.0,0.0033,0.0,0.0,28.0,0.0
DF-ER,48.0,0.0,0.0,0.0,0.0,0.0,0.0,0.0,0.0,0.0,0.0,0.0,0.0,0.0,0.0,0.0,0.0,0.0,0.0,0.0,0.0,0.6105936106091444,0.0,0.0,0.0,0.3516155189403623,20.050966666666667,16.159066666666668,43.34483333333333,5.412233333333333
DF-FP,0.0,0.0,0.0,0.0,0.0,0.0,0.0,0.0,0.0,0.0,0.0,0.0,0.0,0.0,0.0,0.0,0.0033,0.0,0.0,0.0,0.0,0.0,0.0,0.0,0.0,0.0033,0.0,0.0,28.0,0.0
DF-FP,48.0,0.0,0.0,0.0,0.0,0.0,0.0,0.0,0.0,0.0,0.0,0.0,0.0,0.0,0.0,0.0,0.1863112199768657,0.0,0.0,0.0,0.0,0.0,0.0,0.0,0.0,0.7920225896441442,6.8541,28.4873,29.9,5.1026
DF-RI,0.0,0.0,0.0,0.0,0.0,0.0,0.0,0.0,0.0,0.0,0.0,0.0,0.0,0.0,0.0,0.0,0.0,0.0,0.0,0.0,0.0,0.0,0.0033,0.0,0.0,0.0033,0.0,0.0,28.0,0.0
DF-RI,48.0,0.0,0.0,0.0,0.0,0.0,0.0,0.0,0.0,0.0,0.0,0.0,0.0,0.0,0.0,0.0,0.0,0.0,0.0,0.0,0.0,0.0,0.1561650320047795,0.0,0.0,0.664300200885703,14.514966666666666,29.700100000000003,31.2255,5.077166666666667
DL,0.0,0.0,0.0,0.0,0.0,0.0,0.0,0.0,0.0,0.0,0.0,0.0,0.0,0.0,0.0,0.0,0.0,0.0,0.0,0.0,0.0,0.0,0.0,0.0,0.0066,0.0,0.0,0.0,28.0,0.0
DL,48.0,0.0,0.0,0.0,0.0,0.0,0.0,0.0,0.0,0.0,0.0,0.0,0.0,0.0,0.0,0.0,0.0,0.0,0.0,0.0,0.0,0.0,0.0,0.0,0.9759417256403546,0.0,0.0,43.28296666666666,35.60945,1.319583333333333
DL-ER,0.0,0.0,0.0,0.0,0.0,0.0,0.0,0.0,0.0,0.0,0.0,0.0,0.0,0.0,0.0,0.0,0.0,0.0,0.0,0.0,0.0,0.0033,0.0,0.0,0.0033,0.0,0.0,0.0,28.0,0.0
DL-ER,48.0,0.0,0.0,0.0,0.0,0.0,0.0,0.0,0.0,0.0,0.0,0.0,0.0,0.0,0.0,0.0,0.0,0.0,0.0,0.0,0.0,0.3451209208681911,0.0,0.0,0.7123230407941362,0.0,7.323333333333333,38.11743333333333,40.84486666666667,4.377133333333333
DL-FP,0.0,0.0,0.0,0.0,0.0,0.0,0.0,0.0,0.0,0.0,0.0,0.0,0.0,0.0,0.0,0.0,0.0033,0.0,0.0,0.0,0.0,0.0,0.0,0.0,0.0033,0.0,0.0,0.0,28.0,0.0
DL-FP,48.0,0.0,0.0,0.0,0.0,0.0,0.0,0.0,0.0,0.0,0.0,0.0,0.0,0.0,0.0,0.0,0.0758534738428656,0.0,0.0,0.0,0.0,0.0,0.0,0.0,1.3893536578415828,0.0,0.34945,33.1152,45.5233,7.898849999999999
DL-RI,0.0,0.0,0.0,0.0,0.0,0.0,0.0,0.0,0.0,0.0,0.0,0.0,0.0,0.0,0.0,0.0,0.0,0.0,0.0,0.0,0.0,0.0,0.0033,0.0,0.0033,0.0,0.0,0.0,28.0,0.0
DL-RI,48.0,0.0,0.0,0.0,0.0,0.0,0.0,0.0,0.0,0.0,0.0,0.0,0.0,0.0,0.0,0.0,0.0,0.0,0.0,0.0,0.0,0.0,0.0277510978733334,0.0,1.5048954092431552,0.0,0.4466,47.2633,37.41683333333334,4.660566666666667
DP,0.0,0.0,0.0,0.0,0.0,0.0,0.0,0.0,0.0,0.0,0.0066,0.0,0.0,0.0,0.0,0.0,0.0,0.0,0.0,0.0,0.0,0.0,0.0,0.0,0.0,0.0,0.0,0.0,28.0,0.0
DP,48.0,0.0,0.0,0.0,0.0,0.0,0.0,0.0,0.0,0.0,0.2281525749148147,0.0,0.0,0.0,0.0,0.0,0.0,0.0,0.0,0.0,0.0,0.0,0.0,0.0,0.0,0.0,0.1525,17.727375000000002,10.436925,0.9238375
DP-ER,0.0,0.0,0.0,0.0,0.0,0.0,0.0,0.0,0.0,0.0,0.0033,0.0,0.0,0.0,0.0,0.0,0.0,0.0,0.0,0.0,0.0,0.0033,0.0,0.0,0.0,0.0,0.0,0.0,28.0,0.0
DP-ER,48.0,0.0,0.0,0.0,0.0,0.0,0.0,0.0,0.0,0.0,0.1652688871652771,0.0,0.0,0.0,0.0,0.0,0.0,0.0,0.0,0.0,0.0,0.4296729857027106,0.0,0.0,0.0,0.0,17.6216,26.6279,39.7948,2.4658333333333338
DP-ER-FP,0.0,0.0,0.0,0.0,0.0,0.0,0.0,0.0,0.0,0.0,0.0021999999999999,0.0,0.0,0.0,0.0,0.0,0.0021999999999999,0.0,0.0,0.0,0.0,0.0021999999999999,0.0,0.0,0.0,0.0,0.0,0.0,28.0,0.0
DP-ER-FP,48.0,0.0,0.0,0.0,0.0,0.0,0.0,0.0,0.0,0.0,0.1635778153812735,0.0,0.0,0.0,0.0,0.0,0.000930789102646,0.0,0.0,0.0,0.0,1.1386835447923878,0.0,0.0,0.0,0.0,33.00469999999999,13.003766666666666,36.7382,3.419433333333333
DP-FP,0.0,0.0,0.0,0.0,0.0,0.0,0.0,0.0,0.0,0.0,0.0033,0.0,0.0,0.0,0.0,0.0,0.0033,0.0,0.0,0.0,0.0,0.0,0.0,0.0,0.0,0.0,0.0,0.0,28.0,0.0
DP-FP,48.0,0.0,0.0,0.0,0.0,0.0,0.0,0.0,0.0,0.0,0.3476406053894421,0.0,0.0,0.0,0.0,0.0,0.0410028792912512,0.0,0.0,0.0,0.0,0.0,0.0,0.0,0.0,0.0,5.0342,28.8278,9.3077,2.6212
DP-RI,0.0,0.0,0.0,0.0,0.0,0.0,0.0,0.0,0.0,0.0,0.0033,0.0,0.0,0.0,0.0,0.0,0.0,0.0,0.0,0.0,0.0,0.0,0.0033,0.0,0.0,0.0,0.0,0.0,28.0,0.0
DP-RI,48.0,0.0,0.0,0.0,0.0,0.0,0.0,0.0,0.0,0.0,0.2766202926932084,0.0,0.0,0.0,0.0,0.0,0.0,0.0,0.0,0.0,0.0,0.0,0.3980729162404481,0.0,0.0,0.0,21.4548,24.52305,30.2722,3.3314
EL,0.0,0.0,0.0,0.0,0.0,0.0,0.0,0.0,0.0,0.0,0.0,0.0,0.0,0.0,0.0,0.0066,0.0,0.0,0.0,0.0,0.0,0.0,0.0,0.0,0.0,0.0,0.0,0.0,28.0,0.0
EL,48.0,0.0,0.0,0.0,0.0,0.0,0.0,0.0,0.0,0.0,0.0,0.0,0.0,0.0,0.0,0.1389460486897145,0.0,0.0,0.0,0.0,0.0,0.0,0.0,0.0,0.0,0.0,0.0,2.4036500000000003,24.48525,1.5174
EL-ER,0.0,0.0,0.0,0.0,0.0,0.0,0.0,0.0,0.0,0.0,0.0,0.0,0.0,0.0,0.0,0.0033,0.0,0.0,0.0,0.0,0.0,0.0033,0.0,0.0,0.0,0.0,0.0,0.0,28.0,0.0
EL-ER,48.0,0.0,0.0,0.0,0.0,0.0,0.0,0.0,0.0,0.0,0.0,0.0,0.0,0.0,0.0,0.2336975176767128,0.0,0.0,0.0,0.0,0.0,0.4056001221567933,0.0,0.0,0.0,0.0,18.06555,8.9571,88.1512,4.9548000000000005
EL-FP,0.0,0.0,0.0,0.0,0.0,0.0,0.0,0.0,0.0,0.0,0.0,0.0,0.0,0.0,0.0,0.0033,0.0033,0.0,0.0,0.0,0.0,0.0,0.0,0.0,0.0,0.0,0.0,0.0,28.0,0.0
EL-FP,48.0,0.0,0.0,0.0,0.0,0.0,0.0,0.0,0.0,0.0,0.0,0.0,0.0,0.0,0.0,0.1008262436126652,0.0008689038061881,0.0,0.0,0.0,0.0,0.0,0.0,0.0,0.0,0.0,0.0,0.0,29.34235,4.5813500000000005
EL-FP-PJ,0.0,0.0,0.0021999999999999,0.0,0.0,0.0,0.0,0.0,0.0,0.0,0.0,0.0,0.0,0.0,0.0,0.0021999999999999,0.0021999999999999,0.0,0.0,0.0,0.0,0.0,0.0,0.0,0.0,0.0,0.0,0.0,28.0,0.0
EL-FP-PJ,48.0,0.0,1.693585017038444,0.0,0.0,0.0,0.0,0.0,0.0,0.0,0.0,0.0,0.0,0.0,0.0,0.0532361449545265,0.0343227615885048,0.0,0.0,0.0,0.0,0.0,0.0,0.0,0.0,0.0,0.0,7.656933333333332,51.8568,16.513933333333334
EL-RI,0.0,0.0,0.0,0.0,0.0,0.0,0.0,0.0,0.0,0.0,0.0,0.0,0.0,0.0,0.0,0.0033,0.0,0.0,0.0,0.0,0.0,0.0,0.0033,0.0,0.0,0.0,0.0,0.0,28.0,0.0
EL-RI,48.0,0.0,0.0,0.0,0.0,0.0,0.0,0.0,0.0,0.0,0.0,0.0,0.0,0.0,0.0,0.0976226128921057,0.0,0.0,0.0,0.0,0.0,0.0,0.6143696656325406,0.0,0.0,0.0,26.4678,10.7433,23.1812,3.3342
ER,0.0,0.0,0.0,0.0,0.0,0.0,0.0,0.0,0.0,0.0,0.0,0.0,0.0,0.0,0.0,0.0,0.0,0.0,0.0,0.0,0.0,0.0066,0.0,0.0,0.0,0.0,0.0,0.0,28.0,0.0
ER,48.0,0.0,0.0,0.0,0.0,0.0,0.0,0.0,0.0,0.0,0.0,0.0,0.0,0.0,0.0,0.0,0.0,0.0,0.0,0.0,0.0,0.7838948163946683,0.0,0.0,0.0,0.0,19.90754705882353,5.276729411764706,45.61975294117647,2.863170588235294
ER-FP,0.0,0.0,0.0,0.0,0.0,0.0,0.0,0.0,0.0,0.0,0.0,0.0,0.0,0.0,0.0,0.0,0.0033,0.0,0.0,0.0,0.0,0.0033,0.0,0.0,0.0,0.0,0.0,0.0,28.0,0.0
ER-FP,48.0,0.0,0.0,0.0,0.0,0.0,0.0,0.0,0.0,0.0,0.0,0.0,0.0,0.0,0.0,0.0,0.0195374221436943,0.0,0.0,0.0,0.0,0.640146826445292,0.0,0.0,0.0,0.0,10.37638,4.69204,49.31258,4.39626
ER-FP-RI,0.0,0.0,0.0,0.0,0.0,0.0,0.0,0.0,0.0,0.0,0.0,0.0,0.0,0.0,0.0,0.0,0.0021999999999999,0.0,0.0,0.0,0.0,0.0021999999999999,0.0021999999999999,0.0,0.0,0.0,0.0,0.0,28.0,0.0
ER-FP-RI,48.0,0.0,0.0,0.0,0.0,0.0,0.0,0.0,0.0,0.0,0.0,0.0,0.0,0.0,0.0,0.0,0.0005889641233417,0.0,0.0,0.0,0.0,0.0004705108422908,0.8259806042553457,0.0,0.0,0.0,14.9854,13.2666,38.3386,2.1055
ER-PC,0.0,0.0033,0.0,0.0,0.0,0.0,0.0,0.0,0.0,0.0,0.0,0.0,0.0,0.0,0.0,0.0,0.0,0.0,0.0,0.0,0.0,0.0033,0.0,0.0,0.0,0.0,0.0,0.0,28.0,0.0
ER-PC,48.0,1.1671994917701507,0.0,0.0,0.0,0.0,0.0,0.0,0.0,0.0,0.0,0.0,0.0,0.0,0.0,0.0,0.0,0.0,0.0,0.0,0.0,0.8840613942992898,0.0,0.0,0.0,0.0,10.038933333333334,15.528233333333334,38.86903333333333,31.80053333333333
ER-PJ,0.0,0.0,0.0033,0.0,0.0,0.0,0.0,0.0,0.0,0.0,0.0,0.0,0.0,0.0,0.0,0.0,0.0,0.0,0.0,0.0,0.0,0.0033,0.0,0.0,0.0,0.0,0.0,0.0,28.0,0.0
ER-PJ,48.0,0.0,0.4624235222899973,0.0,0.0,0.0,0.0,0.0,0.0,0.0,0.0,0.0,0.0,0.0,0.0,0.0,0.0,0.0,0.0,0.0,0.0,0.7515423935116629,0.0,0.0,0.0,0.0,27.08805,8.13475,45.35605,17.285400000000003
ER-RI,0.0,0.0,0.0,0.0,0.0,0.0,0.0,0.0,0.0,0.0,0.0,0.0,0.0,0.0,0.0,0.0,0.0,0.0,0.0,0.0,0.0,0.0033,0.0033,0.0,0.0,0.0,0.0,0.0,28.0,0.0
ER-RI,48.0,0.0,0.0,0.0,0.0,0.0,0.0,0.0,0.0,0.0,0.0,0.0,0.0,0.0,0.0,0.0,0.0,0.0,0.0,0.0,0.0,0.6903665131348281,0.1503749493767176,0.0,0.0,0.0,12.847283333333335,6.547083333333333,36.15316666666667,2.982666666666667
FP,0.0,0.0,0.0,0.0,0.0,0.0,0.0,0.0,0.0,0.0,0.0,0.0,0.0,0.0,0.0,0.0,0.0066,0.0,0.0,0.0,0.0,0.0,0.0,0.0,0.0,0.0,0.0,0.0,28.0,0.0
FP,48.0,0.0,0.0,0.0,0.0,0.0,0.0,0.0,0.0,0.0,0.0,0.0,0.0,0.0,0.0,0.0,0.0165391925685426,0.0,0.0,0.0,0.0,0.0,0.0,0.0,0.0,0.0,0.383275,2.6111083333333336,26.85359166666667,2.1160416666666664
FP-PC,0.0,0.0033,0.0,0.0,0.0,0.0,0.0,0.0,0.0,0.0,0.0,0.0,0.0,0.0,0.0,0.0,0.0033,0.0,0.0,0.0,0.0,0.0,0.0,0.0,0.0,0.0,0.0,0.0,28.0,0.0
FP-PC,48.0,2.2164195107134934,0.0,0.0,0.0,0.0,0.0,0.0,0.0,0.0,0.0,0.0,0.0,0.0,0.0,0.0,0.0440397890435167,0.0,0.0,0.0,0.0,0.0,0.0,0.0,0.0,0.0,0.0,27.5972,18.7302,46.4904
FP-PJ,0.0,0.0,0.0033,0.0,0.0,0.0,0.0,0.0,0.0,0.0,0.0,0.0,0.0,0.0,0.0,0.0,0.0033,0.0,0.0,0.0,0.0,0.0,0.0,0.0,0.0,0.0,0.0,0.0,28.0,0.0
FP-PJ,48.0,0.0,1.281230645652728,0.0,0.0,0.0,0.0,0.0,0.0,0.0,0.0,0.0,0.0,0.0,0.0,0.0,0.1386372486717541,0.0,0.0,0.0,0.0,0.0,0.0,0.0,0.0,0.0,6.61265,17.8086,19.5358,33.673550000000006
FP-RI,0.0,0.0,0.0,0.0,0.0,0.0,0.0,0.0,0.0,0.0,0.0,0.0,0.0,0.0,0.0,0.0,0.0033,0.0,0.0,0.0,0.0,0.0,0.0033,0.0,0.0,0.0,0.0,0.0,28.0,0.0
FP-RI,48.0,0.0,0.0,0.0,0.0,0.0,0.0,0.0,0.0,0.0,0.0,0.0,0.0,0.0,0.0,0.0,0.0067226779923864,0.0,0.0,0.0,0.0,0.0,0.1906503120487576,0.0,0.0,0.0,14.8159,4.867583333333334,25.5785,3.605216666666667
PC,0.0,0.0066,0.0,0.0,0.0,0.0,0.0,0.0,0.0,0.0,0.0,0.0,0.0,0.0,0.0,0.0,0.0,0.0,0.0,0.0,0.0,0.0,0.0,0.0,0.0,0.0,0.0,0.0,28.0,0.0
PC,48.0,1.83945338576208,0.0,0.0,0.0,0.0,0.0,0.0,0.0,0.0,0.0,0.0,0.0,0.0,0.0,0.0,0.0,0.0,0.0,0.0,0.0,0.0,0.0,0.0,0.0,0.0,0.2501428571428571,23.205871428571424,22.463214285714287,44.3125
PC-RI,0.0,0.0033,0.0,0.0,0.0,0.0,0.0,0.0,0.0,0.0,0.0,0.0,0.0,0.0,0.0,0.0,0.0,0.0,0.0,0.0,0.0,0.0,0.0033,0.0,0.0,0.0,0.0,0.0,28.0,0.0
PC-RI,48.0,1.2426545525757788,0.0,0.0,0.0,0.0,0.0,0.0,0.0,0.0,0.0,0.0,0.0,0.0,0.0,0.0,0.0,0.0,0.0,0.0,0.0,0.0,0.4589352591789037,0.0,0.0,0.0,13.701999999999998,17.811899999999998,25.91593333333334,34.15923333333333
PJ,0.0,0.0,0.0066,0.0,0.0,0.0,0.0,0.0,0.0,0.0,0.0,0.0,0.0,0.0,0.0,0.0,0.0,0.0,0.0,0.0,0.0,0.0,0.0,0.0,0.0,0.0,0.0,0.0,28.0,0.0
PJ,48.0,0.0,0.9070927708214024,0.0,0.0,0.0,0.0,0.0,0.0,0.0,0.0,0.0,0.0,0.0,0.0,0.0,0.0,0.0,0.0,0.0,0.0,0.0,0.0,0.0,0.0,0.0,0.0,17.4304,22.589071428571422,23.279357142857144
PJ-RI,0.0,0.0,0.0033,0.0,0.0,0.0,0.0,0.0,0.0,0.0,0.0,0.0,0.0,0.0,0.0,0.0,0.0,0.0,0.0,0.0,0.0,0.0,0.0033,0.0,0.0,0.0,0.0,0.0,28.0,0.0
PJ-RI,48.0,0.0,0.9095211126088548,0.0,0.0,0.0,0.0,0.0,0.0,0.0,0.0,0.0,0.0,0.0,0.0,0.0,0.0,0.0,0.0,0.0,0.0,0.0,0.1486980932634933,0.0,0.0,0.0,13.27825,18.82745,25.37225,25.75285
RI,0.0,0.0,0.0,0.0,0.0,0.0,0.0,0.0,0.0,0.0,0.0,0.0,0.0,0.0,0.0,0.0,0.0,0.0,0.0,0.0,0.0,0.0,0.0066,0.0,0.0,0.0,0.0,0.0,28.0,0.0
RI,48.0,0.0,0.0,0.0,0.0,0.0,0.0,0.0,0.0,0.0,0.0,0.0,0.0,0.0,0.0,0.0,0.0,0.0,0.0,0.0,0.0,0.0,0.4899064269481576,0.0,0.0,0.0,19.89137857142857,3.80205,27.542614285714283,2.6145714285714283
